2026-05-11 19:10:46,293 - mmseg - INFO - Environment info:
------------------------------------------------------------
sys.platform: linux
Python: 3.8.20 (default, Sep  7 2024, 18:35:07) [GCC 13.2.0]
CUDA available: True
GPU 0: Quadro RTX 6000
CUDA_HOME: /usr/local/cuda
NVCC: Cuda compilation tools, release 12.1, V12.1.66
GCC: x86_64-linux-gnu-gcc (Ubuntu 13.3.0-6ubuntu2~24.04.1) 13.3.0
PyTorch: 1.13.1+cu117
PyTorch compiling details: PyTorch built with:
  - GCC 9.3
  - C++ Version: 201402
  - Intel(R) Math Kernel Library Version 2020.0.0 Product Build 20191122 for Intel(R) 64 architecture applications
  - Intel(R) MKL-DNN v2.6.0 (Git Hash 52b5f107dd9cf10910aaa19cb47f3abf9b349815)
  - OpenMP 201511 (a.k.a. OpenMP 4.5)
  - LAPACK is enabled (usually provided by MKL)
  - NNPACK is enabled
  - CPU capability usage: AVX2
  - CUDA Runtime 11.7
  - NVCC architecture flags: -gencode;arch=compute_37,code=sm_37;-gencode;arch=compute_50,code=sm_50;-gencode;arch=compute_60,code=sm_60;-gencode;arch=compute_70,code=sm_70;-gencode;arch=compute_75,code=sm_75;-gencode;arch=compute_80,code=sm_80;-gencode;arch=compute_86,code=sm_86
  - CuDNN 8.5
  - Magma 2.6.1
  - Build settings: BLAS_INFO=mkl, BUILD_TYPE=Release, CUDA_VERSION=11.7, CUDNN_VERSION=8.5.0, CXX_COMPILER=/opt/rh/devtoolset-9/root/usr/bin/c++, CXX_FLAGS= -fabi-version=11 -Wno-deprecated -fvisibility-inlines-hidden -DUSE_PTHREADPOOL -fopenmp -DNDEBUG -DUSE_KINETO -DUSE_FBGEMM -DUSE_QNNPACK -DUSE_PYTORCH_QNNPACK -DUSE_XNNPACK -DSYMBOLICATE_MOBILE_DEBUG_HANDLE -DEDGE_PROFILER_USE_KINETO -O2 -fPIC -Wno-narrowing -Wall -Wextra -Werror=return-type -Werror=non-virtual-dtor -Wno-missing-field-initializers -Wno-type-limits -Wno-array-bounds -Wno-unknown-pragmas -Wunused-local-typedefs -Wno-unused-parameter -Wno-unused-function -Wno-unused-result -Wno-strict-overflow -Wno-strict-aliasing -Wno-error=deprecated-declarations -Wno-stringop-overflow -Wno-psabi -Wno-error=pedantic -Wno-error=redundant-decls -Wno-error=old-style-cast -fdiagnostics-color=always -faligned-new -Wno-unused-but-set-variable -Wno-maybe-uninitialized -fno-math-errno -fno-trapping-math -Werror=format -Werror=cast-function-type -Wno-stringop-overflow, LAPACK_INFO=mkl, PERF_WITH_AVX=1, PERF_WITH_AVX2=1, PERF_WITH_AVX512=1, TORCH_VERSION=1.13.1, USE_CUDA=ON, USE_CUDNN=ON, USE_EXCEPTION_PTR=1, USE_GFLAGS=OFF, USE_GLOG=OFF, USE_MKL=ON, USE_MKLDNN=ON, USE_MPI=OFF, USE_NCCL=ON, USE_NNPACK=ON, USE_OPENMP=ON, USE_ROCM=OFF, 

TorchVision: 0.14.1+cu117
OpenCV: 4.13.0
MMCV: 1.7.1
MMCV Compiler: GCC 9.3
MMCV CUDA Compiler: 11.7
MMSegmentation: 0.30.0+13cc46b
------------------------------------------------------------

2026-05-11 19:10:46,294 - mmseg - INFO - Distributed training: False
2026-05-11 19:10:46,914 - mmseg - INFO - Config:
checkpoint_config = dict(by_epoch=False, interval=4000)
crop_size = (
    512,
    512,
)
cudnn_benchmark = True
data = dict(
    samples_per_gpu=8,
    test=dict(
        ann_dir='labels_rgb/test',
        data_root='/home/mtech2025/Documents/sdc1/spectralwaste_segmentation',
        img_dir='rgb/test',
        pipeline=[
            dict(type='LoadImageFromFile'),
            dict(
                flip=False,
                img_scale=(
                    2048,
                    512,
                ),
                transforms=[
                    dict(keep_ratio=True, size_divisor=32, type='AlignResize'),
                    dict(type='RandomFlip'),
                    dict(
                        mean=[
                            123.675,
                            116.28,
                            103.53,
                        ],
                        std=[
                            58.395,
                            57.12,
                            57.375,
                        ],
                        to_rgb=True,
                        type='Normalize'),
                    dict(keys=[
                        'img',
                    ], type='ImageToTensor'),
                    dict(keys=[
                        'img',
                    ], type='Collect'),
                ],
                type='MultiScaleFlipAug'),
        ],
        type='SpectralWasteDataset'),
    train=dict(
        dataset=dict(
            ann_dir='labels_rgb/train',
            data_root=
            '/home/mtech2025/Documents/sdc1/spectralwaste_segmentation',
            img_dir='rgb/train',
            pipeline=[
                dict(type='LoadImageFromFile'),
                dict(reduce_zero_label=False, type='LoadAnnotations'),
                dict(
                    img_scale=(
                        2048,
                        512,
                    ),
                    ratio_range=(
                        0.5,
                        2.0,
                    ),
                    type='Resize'),
                dict(
                    cat_max_ratio=0.75,
                    crop_size=(
                        512,
                        512,
                    ),
                    type='RandomCrop'),
                dict(prob=0.5, type='RandomFlip'),
                dict(type='PhotoMetricDistortion'),
                dict(
                    mean=[
                        123.675,
                        116.28,
                        103.53,
                    ],
                    std=[
                        58.395,
                        57.12,
                        57.375,
                    ],
                    to_rgb=True,
                    type='Normalize'),
                dict(
                    pad_val=0, seg_pad_val=255, size=(
                        512,
                        512,
                    ), type='Pad'),
                dict(type='DefaultFormatBundle'),
                dict(keys=[
                    'img',
                    'gt_semantic_seg',
                ], type='Collect'),
            ],
            type='SpectralWasteDataset'),
        times=50,
        type='RepeatDataset'),
    val=dict(
        ann_dir='labels_rgb/test',
        data_root='/home/mtech2025/Documents/sdc1/spectralwaste_segmentation',
        img_dir='rgb/test',
        pipeline=[
            dict(type='LoadImageFromFile'),
            dict(
                flip=False,
                img_scale=(
                    2048,
                    512,
                ),
                transforms=[
                    dict(keep_ratio=True, size_divisor=32, type='AlignResize'),
                    dict(type='RandomFlip'),
                    dict(
                        mean=[
                            123.675,
                            116.28,
                            103.53,
                        ],
                        std=[
                            58.395,
                            57.12,
                            57.375,
                        ],
                        to_rgb=True,
                        type='Normalize'),
                    dict(keys=[
                        'img',
                    ], type='ImageToTensor'),
                    dict(keys=[
                        'img',
                    ], type='Collect'),
                ],
                type='MultiScaleFlipAug'),
        ],
        type='SpectralWasteDataset'),
    workers_per_gpu=2)
data_root = '/home/mtech2025/Documents/sdc1/spectralwaste_segmentation'
dataset_type = 'SpectralWasteDataset'
device = 'cuda'
dist_params = dict(backend='nccl')
evaluation = dict(interval=4000, metric='mIoU', save_best='mIoU')
gpu_ids = range(0, 1)
gpu_multiples = 1
img_norm_cfg = dict(
    mean=[
        123.675,
        116.28,
        103.53,
    ],
    std=[
        58.395,
        57.12,
        57.375,
    ],
    to_rgb=True)
load_from = 'pretrain/cosnet_zero_waste_iter_32000.pth'
log_config = dict(
    hooks=[
        dict(by_epoch=False, type='TextLoggerHook'),
    ], interval=50)
log_level = 'INFO'
lr_config = dict(
    by_epoch=False,
    min_lr=1e-07,
    policy='poly',
    power=0.95,
    warmup='linear',
    warmup_iters=1500,
    warmup_ratio=1e-06)
model = dict(
    adaptive_boundary_cfg=dict(
        decay_on_improve=0.5,
        enabled=True,
        max_lambda_bound=0.5,
        max_plateau_boost=0.12,
        min_lambda_bound=0.2,
        plateau_boost=0.01,
        plateau_delta=0.0005,
        plateau_window=400,
        warmup_iters=12000),
    auxiliary_head=dict(
        align_corners=False,
        channels=256,
        concat_input=False,
        dropout_ratio=0.1,
        in_channels=288,
        in_index=2,
        loss_decode=dict(
            avg_non_ignore=True,
            loss_weight=0.5,
            type='CrossEntropyLoss',
            use_sigmoid=False),
        norm_cfg=dict(requires_grad=True, type='BN'),
        num_classes=7,
        num_convs=1,
        type='FCNHead'),
    backbone=dict(
        contract_dilation=True,
        depth=50,
        depths=[
            3,
            3,
            12,
            3,
        ],
        dilations=(
            1,
            1,
            1,
            1,
        ),
        mba_pool_scales=(
            1,
            2,
            4,
        ),
        mba_reduction=4,
        norm_cfg=dict(requires_grad=True, type='SyncBN'),
        norm_eval=False,
        num_stages=4,
        out_indices=(
            0,
            1,
            2,
            3,
            4,
        ),
        strides=(
            1,
            2,
            2,
            2,
        ),
        style='pytorch',
        type='COSNet'),
    combined_loss_cfg=dict(
        dilation_r=3,
        ignore_index=255,
        lambda_bound=0.4,
        lambda_dice=0.5,
        lambda_lovasz=0.75,
        lambda_scale=0.02,
        pos_weight=3.0),
    decode_head=dict(
        align_corners=False,
        channels=256,
        dropout_ratio=0.1,
        in_channels=[
            72,
            144,
            288,
            576,
        ],
        in_index=[
            0,
            1,
            2,
            3,
        ],
        loss_decode=dict(
            avg_non_ignore=True,
            loss_weight=1.0,
            type='CrossEntropyLoss',
            use_sigmoid=False),
        norm_cfg=dict(requires_grad=True, type='BN'),
        num_classes=7,
        pool_scales=(
            1,
            2,
            3,
            6,
        ),
        type='UPerHead'),
    pretrained='',
    test_cfg=dict(mode='whole'),
    train_cfg=dict(),
    type='COSNetEncoderDecoder')
norm_cfg = dict(requires_grad=True, type='BN')
optimizer = dict(
    betas=(
        0.9,
        0.999,
    ), lr=9e-05, type='AdamW', weight_decay=0.001)
optimizer_config = dict()
resume_from = None
runner = dict(max_iters=40000, type='IterBasedRunner')
test_pipeline = [
    dict(type='LoadImageFromFile'),
    dict(
        flip=False,
        img_scale=(
            2048,
            512,
        ),
        transforms=[
            dict(keep_ratio=True, size_divisor=32, type='AlignResize'),
            dict(type='RandomFlip'),
            dict(
                mean=[
                    123.675,
                    116.28,
                    103.53,
                ],
                std=[
                    58.395,
                    57.12,
                    57.375,
                ],
                to_rgb=True,
                type='Normalize'),
            dict(keys=[
                'img',
            ], type='ImageToTensor'),
            dict(keys=[
                'img',
            ], type='Collect'),
        ],
        type='MultiScaleFlipAug'),
]
train_pipeline = [
    dict(type='LoadImageFromFile'),
    dict(reduce_zero_label=False, type='LoadAnnotations'),
    dict(img_scale=(
        2048,
        512,
    ), ratio_range=(
        0.5,
        2.0,
    ), type='Resize'),
    dict(cat_max_ratio=0.75, crop_size=(
        512,
        512,
    ), type='RandomCrop'),
    dict(prob=0.5, type='RandomFlip'),
    dict(type='PhotoMetricDistortion'),
    dict(
        mean=[
            123.675,
            116.28,
            103.53,
        ],
        std=[
            58.395,
            57.12,
            57.375,
        ],
        to_rgb=True,
        type='Normalize'),
    dict(pad_val=0, seg_pad_val=255, size=(
        512,
        512,
    ), type='Pad'),
    dict(type='DefaultFormatBundle'),
    dict(keys=[
        'img',
        'gt_semantic_seg',
    ], type='Collect'),
]
work_dir = 'specwaste_logs/40k_mba_best'
workflow = [
    (
        'train',
        1,
    ),
]

2026-05-11 19:10:46,914 - mmseg - INFO - Set random seed to 48, deterministic: False
2026-05-11 19:10:47,512 - mmseg - INFO - Model architecture printing disabled by --no-print-model
2026-05-11 19:10:47,517 - mmseg - INFO - Checkpoint loaded from pretrain/cosnet_zero_waste_iter_32000.pth (697/742 target layers matched).
2026-05-11 19:10:47,517 - mmseg - WARNING - Found 4 shape-mismatched layers while loading pretrain/cosnet_zero_waste_iter_32000.pth.
2026-05-11 19:10:47,517 - mmseg - WARNING - Shape mismatch: decode_head.conv_seg.weight checkpoint(5, 256, 1, 1) vs model(7, 256, 1, 1)
2026-05-11 19:10:47,517 - mmseg - WARNING - Shape mismatch: decode_head.conv_seg.bias checkpoint(5,) vs model(7,)
2026-05-11 19:10:47,517 - mmseg - WARNING - Shape mismatch: auxiliary_head.conv_seg.weight checkpoint(5, 256, 1, 1) vs model(7, 256, 1, 1)
2026-05-11 19:10:47,517 - mmseg - WARNING - Shape mismatch: auxiliary_head.conv_seg.bias checkpoint(5,) vs model(7,)
2026-05-11 19:10:47,517 - mmseg - WARNING - Found 45 model layers not loaded from pretrain/cosnet_zero_waste_iter_32000.pth.
2026-05-11 19:10:47,517 - mmseg - WARNING - Not loaded: auxiliary_head.conv_seg.bias
2026-05-11 19:10:47,517 - mmseg - WARNING - Not loaded: auxiliary_head.conv_seg.weight
2026-05-11 19:10:47,517 - mmseg - WARNING - Not loaded: backbone.hdr_layer.boundary_head.bias
2026-05-11 19:10:47,518 - mmseg - WARNING - Not loaded: backbone.hdr_layer.boundary_head.weight
2026-05-11 19:10:47,518 - mmseg - WARNING - Not loaded: backbone.hdr_layer.ctx_conv.0.weight
2026-05-11 19:10:47,518 - mmseg - WARNING - Not loaded: backbone.hdr_layer.ctx_conv.1.weight
2026-05-11 19:10:47,518 - mmseg - WARNING - Not loaded: backbone.hdr_layer.ctx_conv.2.bias
2026-05-11 19:10:47,518 - mmseg - WARNING - Not loaded: backbone.hdr_layer.ctx_conv.2.num_batches_tracked
2026-05-11 19:10:47,518 - mmseg - WARNING - Not loaded: backbone.hdr_layer.ctx_conv.2.running_mean
2026-05-11 19:10:47,518 - mmseg - WARNING - Not loaded: backbone.hdr_layer.ctx_conv.2.running_var
2026-05-11 19:10:47,518 - mmseg - WARNING - Not loaded: backbone.hdr_layer.ctx_conv.2.weight
2026-05-11 19:10:47,518 - mmseg - WARNING - Not loaded: backbone.hdr_layer.edge_convs.0.0.weight
2026-05-11 19:10:47,518 - mmseg - WARNING - Not loaded: backbone.hdr_layer.edge_convs.0.1.weight
2026-05-11 19:10:47,518 - mmseg - WARNING - Not loaded: backbone.hdr_layer.edge_convs.0.2.bias
2026-05-11 19:10:47,518 - mmseg - WARNING - Not loaded: backbone.hdr_layer.edge_convs.0.2.num_batches_tracked
2026-05-11 19:10:47,518 - mmseg - WARNING - Not loaded: backbone.hdr_layer.edge_convs.0.2.running_mean
2026-05-11 19:10:47,518 - mmseg - WARNING - Not loaded: backbone.hdr_layer.edge_convs.0.2.running_var
2026-05-11 19:10:47,518 - mmseg - WARNING - Not loaded: backbone.hdr_layer.edge_convs.0.2.weight
2026-05-11 19:10:47,518 - mmseg - WARNING - Not loaded: backbone.hdr_layer.edge_convs.1.0.weight
2026-05-11 19:10:47,518 - mmseg - WARNING - Not loaded: backbone.hdr_layer.edge_convs.1.1.weight
2026-05-11 19:10:47,518 - mmseg - WARNING - ... and 25 more missing layers.
2026-05-11 19:10:47,525 - mmseg - INFO - Loaded 514 images
2026-05-11 19:10:49,221 - mmseg - INFO - Loaded 171 images
2026-05-11 19:10:49,222 - mmseg - INFO - load checkpoint from local path: pretrain/cosnet_zero_waste_iter_32000.pth
2026-05-11 19:10:49,606 - mmseg - WARNING - The model and loaded state dict do not match exactly

size mismatch for decode_head.conv_seg.weight: copying a param with shape torch.Size([5, 256, 1, 1]) from checkpoint, the shape in current model is torch.Size([7, 256, 1, 1]).
size mismatch for decode_head.conv_seg.bias: copying a param with shape torch.Size([5]) from checkpoint, the shape in current model is torch.Size([7]).
size mismatch for auxiliary_head.conv_seg.weight: copying a param with shape torch.Size([5, 256, 1, 1]) from checkpoint, the shape in current model is torch.Size([7, 256, 1, 1]).
size mismatch for auxiliary_head.conv_seg.bias: copying a param with shape torch.Size([5]) from checkpoint, the shape in current model is torch.Size([7]).
unexpected key in source state_dict: backbone.hdr_layer.conv.weight, backbone.hdr_layer.conv.bias

missing keys in source state_dict: backbone.hdr_layer.edge_convs.0.0.weight, backbone.hdr_layer.edge_convs.0.1.weight, backbone.hdr_layer.edge_convs.0.2.weight, backbone.hdr_layer.edge_convs.0.2.bias, backbone.hdr_layer.edge_convs.0.2.running_mean, backbone.hdr_layer.edge_convs.0.2.running_var, backbone.hdr_layer.edge_convs.1.0.weight, backbone.hdr_layer.edge_convs.1.1.weight, backbone.hdr_layer.edge_convs.1.2.weight, backbone.hdr_layer.edge_convs.1.2.bias, backbone.hdr_layer.edge_convs.1.2.running_mean, backbone.hdr_layer.edge_convs.1.2.running_var, backbone.hdr_layer.edge_convs.2.0.weight, backbone.hdr_layer.edge_convs.2.1.weight, backbone.hdr_layer.edge_convs.2.2.weight, backbone.hdr_layer.edge_convs.2.2.bias, backbone.hdr_layer.edge_convs.2.2.running_mean, backbone.hdr_layer.edge_convs.2.2.running_var, backbone.hdr_layer.scale_attn.0.weight, backbone.hdr_layer.scale_attn.2.weight, backbone.hdr_layer.scale_attn.2.bias, backbone.hdr_layer.ctx_conv.0.weight, backbone.hdr_layer.ctx_conv.1.weight, backbone.hdr_layer.ctx_conv.2.weight, backbone.hdr_layer.ctx_conv.2.bias, backbone.hdr_layer.ctx_conv.2.running_mean, backbone.hdr_layer.ctx_conv.2.running_var, backbone.hdr_layer.edge_gate.weight, backbone.hdr_layer.edge_gate.bias, backbone.hdr_layer.boundary_head.weight, backbone.hdr_layer.boundary_head.bias, backbone.hdr_layer.fuse.0.weight, backbone.hdr_layer.fuse.1.weight, backbone.hdr_layer.fuse.1.bias, backbone.hdr_layer.fuse.1.running_mean, backbone.hdr_layer.fuse.1.running_var

2026-05-11 19:10:49,608 - mmseg - INFO - Start running, host: mtech2025@mnit-prashant, work_dir: /home/mtech2025/Documents/sdc1/project_CosNet/prog_lab_cosnet/specwaste_logs/40k_mba_best
2026-05-11 19:10:49,609 - mmseg - INFO - Hooks will be executed in the following order:
before_run:
(VERY_HIGH   ) PolyLrUpdaterHook                  
(NORMAL      ) CheckpointHook                     
(LOW         ) EvalHook                           
(VERY_LOW    ) TextLoggerHook                     
 -------------------- 
before_train_epoch:
(VERY_HIGH   ) PolyLrUpdaterHook                  
(LOW         ) IterTimerHook                      
(LOW         ) EvalHook                           
(VERY_LOW    ) TextLoggerHook                     
 -------------------- 
before_train_iter:
(VERY_HIGH   ) PolyLrUpdaterHook                  
(LOW         ) IterTimerHook                      
(LOW         ) EvalHook                           
 -------------------- 
after_train_iter:
(ABOVE_NORMAL) OptimizerHook                      
(NORMAL      ) CheckpointHook                     
(LOW         ) IterTimerHook                      
(LOW         ) EvalHook                           
(VERY_LOW    ) TextLoggerHook                     
 -------------------- 
after_train_epoch:
(NORMAL      ) CheckpointHook                     
(LOW         ) EvalHook                           
(VERY_LOW    ) TextLoggerHook                     
 -------------------- 
before_val_epoch:
(LOW         ) IterTimerHook                      
(VERY_LOW    ) TextLoggerHook                     
 -------------------- 
before_val_iter:
(LOW         ) IterTimerHook                      
 -------------------- 
after_val_iter:
(LOW         ) IterTimerHook                      
 -------------------- 
after_val_epoch:
(VERY_LOW    ) TextLoggerHook                     
 -------------------- 
after_run:
(VERY_LOW    ) TextLoggerHook                     
 -------------------- 
2026-05-11 19:10:49,609 - mmseg - INFO - workflow: [('train', 1)], max: 40000 iters
2026-05-11 19:10:49,609 - mmseg - INFO - Checkpoints will be saved to /home/mtech2025/Documents/sdc1/project_CosNet/prog_lab_cosnet/specwaste_logs/40k_mba_best by HardDiskBackend.
2026-05-11 19:11:39,902 - mmseg - INFO - Iter [50/40000]	lr: 2.937e-06, eta: 11:07:49, time: 1.003, data_time: 0.014, memory: 22512, loss_decode: 3.2151, decode_ce: 1.9303, decode_dice: 0.9549, decode_lovasz: 0.8623, decode_boundary: 0.7707, decode_scale_reg: 0.3013, decode_lambda_bound: 0.2006, decode_boundary_boost: 0.0000, aux.loss_ce: 1.1219, aux.acc_seg: 4.3773, loss: 4.3370
2026-05-11 19:12:24,275 - mmseg - INFO - Iter [100/40000]	lr: 5.926e-06, eta: 10:28:34, time: 0.887, data_time: 0.009, memory: 22512, loss_decode: 3.0880, decode_ce: 1.8147, decode_dice: 0.9510, decode_lovasz: 0.8503, decode_boundary: 0.7634, decode_scale_reg: 0.3012, decode_lambda_bound: 0.2019, decode_boundary_boost: 0.0000, aux.loss_ce: 1.0543, aux.acc_seg: 8.7986, loss: 4.1423
2026-05-11 19:13:08,962 - mmseg - INFO - Iter [150/40000]	lr: 8.908e-06, eta: 10:16:23, time: 0.894, data_time: 0.009, memory: 22512, loss_decode: 2.8394, decode_ce: 1.5857, decode_dice: 0.9441, decode_lovasz: 0.8287, decode_boundary: 0.7586, decode_scale_reg: 0.3012, decode_lambda_bound: 0.2031, decode_boundary_boost: 0.0000, aux.loss_ce: 0.9213, aux.acc_seg: 28.5732, loss: 3.7606
2026-05-11 19:13:53,649 - mmseg - INFO - Iter [200/40000]	lr: 1.188e-05, eta: 10:09:55, time: 0.894, data_time: 0.008, memory: 22512, loss_decode: 2.5369, decode_ce: 1.3131, decode_dice: 0.9314, decode_lovasz: 0.7990, decode_boundary: 0.7479, decode_scale_reg: 0.3012, decode_lambda_bound: 0.2044, decode_boundary_boost: 0.0000, aux.loss_ce: 0.7267, aux.acc_seg: 57.4311, loss: 3.2635
2026-05-11 19:14:38,266 - mmseg - INFO - Iter [250/40000]	lr: 1.485e-05, eta: 10:05:33, time: 0.892, data_time: 0.008, memory: 22512, loss_decode: 2.2545, decode_ce: 1.0869, decode_dice: 0.9000, decode_lovasz: 0.7470, decode_boundary: 0.7360, decode_scale_reg: 0.3010, decode_lambda_bound: 0.2056, decode_boundary_boost: 0.0000, aux.loss_ce: 0.6330, aux.acc_seg: 67.0093, loss: 2.8875
2026-05-11 19:15:22,655 - mmseg - INFO - Iter [300/40000]	lr: 1.781e-05, eta: 10:01:53, time: 0.888, data_time: 0.008, memory: 22512, loss_decode: 2.0208, decode_ce: 0.9130, decode_dice: 0.8667, decode_lovasz: 0.6938, decode_boundary: 0.7158, decode_scale_reg: 0.3007, decode_lambda_bound: 0.2069, decode_boundary_boost: 0.0000, aux.loss_ce: 0.5481, aux.acc_seg: 74.2666, loss: 2.5689
2026-05-11 19:16:06,807 - mmseg - INFO - Iter [350/40000]	lr: 2.077e-05, eta: 9:58:37, time: 0.883, data_time: 0.009, memory: 22512, loss_decode: 1.7367, decode_ce: 0.7047, decode_dice: 0.8157, decode_lovasz: 0.6306, decode_boundary: 0.6979, decode_scale_reg: 0.2999, decode_lambda_bound: 0.2081, decode_boundary_boost: 0.0000, aux.loss_ce: 0.4441, aux.acc_seg: 80.5024, loss: 2.1808
2026-05-11 19:16:50,808 - mmseg - INFO - Iter [400/40000]	lr: 2.371e-05, eta: 9:55:44, time: 0.880, data_time: 0.009, memory: 22512, loss_decode: 1.5701, decode_ce: 0.5833, decode_dice: 0.7798, decode_lovasz: 0.5977, decode_boundary: 0.6815, decode_scale_reg: 0.2980, decode_lambda_bound: 0.2094, decode_boundary_boost: 0.0000, aux.loss_ce: 0.3629, aux.acc_seg: 84.1666, loss: 1.9330
2026-05-11 19:17:34,773 - mmseg - INFO - Iter [450/40000]	lr: 2.665e-05, eta: 9:53:16, time: 0.879, data_time: 0.008, memory: 22512, loss_decode: 1.4789, decode_ce: 0.5248, decode_dice: 0.7631, decode_lovasz: 0.5710, decode_boundary: 0.6573, decode_scale_reg: 0.2916, decode_lambda_bound: 0.2106, decode_boundary_boost: 0.0000, aux.loss_ce: 0.3401, aux.acc_seg: 84.9769, loss: 1.8190
2026-05-11 19:18:18,628 - mmseg - INFO - Iter [500/40000]	lr: 2.959e-05, eta: 9:51:00, time: 0.877, data_time: 0.008, memory: 22512, loss_decode: 1.3579, decode_ce: 0.4472, decode_dice: 0.7339, decode_lovasz: 0.5345, decode_boundary: 0.6488, decode_scale_reg: 0.2716, decode_lambda_bound: 0.2119, decode_boundary_boost: 0.0000, aux.loss_ce: 0.2802, aux.acc_seg: 87.3411, loss: 1.6381
2026-05-11 19:19:02,572 - mmseg - INFO - Iter [550/40000]	lr: 3.251e-05, eta: 9:49:08, time: 0.879, data_time: 0.009, memory: 22512, loss_decode: 1.3336, decode_ce: 0.4465, decode_dice: 0.7086, decode_lovasz: 0.5249, decode_boundary: 0.6338, decode_scale_reg: 0.2054, decode_lambda_bound: 0.2131, decode_boundary_boost: 0.0000, aux.loss_ce: 0.2827, aux.acc_seg: 87.0486, loss: 1.6163
2026-05-11 19:19:46,426 - mmseg - INFO - Iter [600/40000]	lr: 3.543e-05, eta: 9:47:21, time: 0.877, data_time: 0.009, memory: 22512, loss_decode: 1.2592, decode_ce: 0.4102, decode_dice: 0.6902, decode_lovasz: 0.4899, decode_boundary: 0.6255, decode_scale_reg: 0.1211, decode_lambda_bound: 0.2144, decode_boundary_boost: 0.0000, aux.loss_ce: 0.2514, aux.acc_seg: 87.9501, loss: 1.5106
2026-05-11 19:20:30,291 - mmseg - INFO - Iter [650/40000]	lr: 3.834e-05, eta: 9:45:44, time: 0.877, data_time: 0.009, memory: 22512, loss_decode: 1.1922, decode_ce: 0.3777, decode_dice: 0.6726, decode_lovasz: 0.4583, decode_boundary: 0.6186, decode_scale_reg: 0.0525, decode_lambda_bound: 0.2156, decode_boundary_boost: 0.0000, aux.loss_ce: 0.2386, aux.acc_seg: 88.9110, loss: 1.4308
2026-05-11 19:21:14,163 - mmseg - INFO - Iter [700/40000]	lr: 4.124e-05, eta: 9:44:15, time: 0.877, data_time: 0.009, memory: 22512, loss_decode: 1.1466, decode_ce: 0.3611, decode_dice: 0.6389, decode_lovasz: 0.4421, decode_boundary: 0.6173, decode_scale_reg: 0.0273, decode_lambda_bound: 0.2169, decode_boundary_boost: 0.0000, aux.loss_ce: 0.2214, aux.acc_seg: 88.8044, loss: 1.3680
2026-05-11 19:21:58,045 - mmseg - INFO - Iter [750/40000]	lr: 4.414e-05, eta: 9:42:53, time: 0.878, data_time: 0.009, memory: 22512, loss_decode: 1.1398, decode_ce: 0.3590, decode_dice: 0.6353, decode_lovasz: 0.4427, decode_boundary: 0.5998, decode_scale_reg: 0.0152, decode_lambda_bound: 0.2181, decode_boundary_boost: 0.0000, aux.loss_ce: 0.2259, aux.acc_seg: 88.6131, loss: 1.3657
2026-05-11 19:22:41,931 - mmseg - INFO - Iter [800/40000]	lr: 4.703e-05, eta: 9:41:36, time: 0.878, data_time: 0.009, memory: 22512, loss_decode: 1.1107, decode_ce: 0.3122, decode_dice: 0.6623, decode_lovasz: 0.4539, decode_boundary: 0.5779, decode_scale_reg: 0.0066, decode_lambda_bound: 0.2194, decode_boundary_boost: 0.0000, aux.loss_ce: 0.2010, aux.acc_seg: 90.1650, loss: 1.3117
2026-05-11 19:23:25,824 - mmseg - INFO - Iter [850/40000]	lr: 4.991e-05, eta: 9:40:23, time: 0.878, data_time: 0.009, memory: 22512, loss_decode: 1.1240, decode_ce: 0.3336, decode_dice: 0.6569, decode_lovasz: 0.4447, decode_boundary: 0.5813, decode_scale_reg: 0.0069, decode_lambda_bound: 0.2206, decode_boundary_boost: 0.0000, aux.loss_ce: 0.2055, aux.acc_seg: 89.4591, loss: 1.3295
2026-05-11 19:24:09,668 - mmseg - INFO - Iter [900/40000]	lr: 5.279e-05, eta: 9:39:11, time: 0.877, data_time: 0.009, memory: 22512, loss_decode: 1.0078, decode_ce: 0.2660, decode_dice: 0.6120, decode_lovasz: 0.4079, decode_boundary: 0.5845, decode_scale_reg: 0.0091, decode_lambda_bound: 0.2219, decode_boundary_boost: 0.0000, aux.loss_ce: 0.1704, aux.acc_seg: 90.6619, loss: 1.1782
2026-05-11 19:24:53,493 - mmseg - INFO - Iter [950/40000]	lr: 5.566e-05, eta: 9:38:01, time: 0.876, data_time: 0.009, memory: 22512, loss_decode: 0.9863, decode_ce: 0.2582, decode_dice: 0.5999, decode_lovasz: 0.3971, decode_boundary: 0.5839, decode_scale_reg: 0.0061, decode_lambda_bound: 0.2231, decode_boundary_boost: 0.0000, aux.loss_ce: 0.1639, aux.acc_seg: 90.9929, loss: 1.1502
2026-05-11 19:25:37,354 - mmseg - INFO - Exp name: uper_cosnet_specwaste_40k.py
2026-05-11 19:25:37,354 - mmseg - INFO - Iter [1000/40000]	lr: 5.852e-05, eta: 9:36:56, time: 0.877, data_time: 0.009, memory: 22512, loss_decode: 0.9725, decode_ce: 0.2652, decode_dice: 0.5799, decode_lovasz: 0.3836, decode_boundary: 0.5773, decode_scale_reg: 0.0076, decode_lambda_bound: 0.2244, decode_boundary_boost: 0.0000, aux.loss_ce: 0.1690, aux.acc_seg: 90.5150, loss: 1.1415
2026-05-11 19:26:21,201 - mmseg - INFO - Iter [1050/40000]	lr: 6.137e-05, eta: 9:35:52, time: 0.877, data_time: 0.009, memory: 22512, loss_decode: 0.9499, decode_ce: 0.2454, decode_dice: 0.5910, decode_lovasz: 0.3746, decode_boundary: 0.5671, decode_scale_reg: 0.0049, decode_lambda_bound: 0.2256, decode_boundary_boost: 0.0000, aux.loss_ce: 0.1511, aux.acc_seg: 91.6055, loss: 1.1010
2026-05-11 19:27:05,185 - mmseg - INFO - Iter [1100/40000]	lr: 6.422e-05, eta: 9:34:54, time: 0.880, data_time: 0.009, memory: 22512, loss_decode: 0.9069, decode_ce: 0.2206, decode_dice: 0.5699, decode_lovasz: 0.3643, decode_boundary: 0.5644, decode_scale_reg: 0.0043, decode_lambda_bound: 0.2269, decode_boundary_boost: 0.0000, aux.loss_ce: 0.1422, aux.acc_seg: 92.2098, loss: 1.0491
2026-05-11 19:27:49,100 - mmseg - INFO - Iter [1150/40000]	lr: 6.706e-05, eta: 9:33:55, time: 0.878, data_time: 0.009, memory: 22512, loss_decode: 0.8577, decode_ce: 0.2053, decode_dice: 0.5497, decode_lovasz: 0.3352, decode_boundary: 0.5530, decode_scale_reg: 0.0052, decode_lambda_bound: 0.2281, decode_boundary_boost: 0.0000, aux.loss_ce: 0.1349, aux.acc_seg: 92.7793, loss: 0.9926
2026-05-11 19:28:32,846 - mmseg - INFO - Iter [1200/40000]	lr: 6.989e-05, eta: 9:32:53, time: 0.875, data_time: 0.008, memory: 22512, loss_decode: 0.9212, decode_ce: 0.2317, decode_dice: 0.5593, decode_lovasz: 0.3681, decode_boundary: 0.5827, decode_scale_reg: 0.0053, decode_lambda_bound: 0.2294, decode_boundary_boost: 0.0000, aux.loss_ce: 0.1409, aux.acc_seg: 91.5412, loss: 1.0621
2026-05-11 19:29:16,710 - mmseg - INFO - Iter [1250/40000]	lr: 7.272e-05, eta: 9:31:55, time: 0.877, data_time: 0.009, memory: 22512, loss_decode: 0.9008, decode_ce: 0.2089, decode_dice: 0.5587, decode_lovasz: 0.3728, decode_boundary: 0.5757, decode_scale_reg: 0.0061, decode_lambda_bound: 0.2306, decode_boundary_boost: 0.0000, aux.loss_ce: 0.1298, aux.acc_seg: 92.3708, loss: 1.0305
2026-05-11 19:30:00,557 - mmseg - INFO - Iter [1300/40000]	lr: 7.554e-05, eta: 9:30:58, time: 0.877, data_time: 0.009, memory: 22512, loss_decode: 0.8276, decode_ce: 0.1885, decode_dice: 0.5409, decode_lovasz: 0.3171, decode_boundary: 0.5639, decode_scale_reg: 0.0046, decode_lambda_bound: 0.2319, decode_boundary_boost: 0.0000, aux.loss_ce: 0.1243, aux.acc_seg: 92.7748, loss: 0.9519
2026-05-11 19:30:44,421 - mmseg - INFO - Iter [1350/40000]	lr: 7.835e-05, eta: 9:30:02, time: 0.877, data_time: 0.009, memory: 22512, loss_decode: 0.8557, decode_ce: 0.2083, decode_dice: 0.5303, decode_lovasz: 0.3316, decode_boundary: 0.5725, decode_scale_reg: 0.0046, decode_lambda_bound: 0.2331, decode_boundary_boost: 0.0000, aux.loss_ce: 0.1282, aux.acc_seg: 92.5065, loss: 0.9840
2026-05-11 19:31:28,319 - mmseg - INFO - Iter [1400/40000]	lr: 8.115e-05, eta: 9:29:08, time: 0.878, data_time: 0.009, memory: 22512, loss_decode: 0.8415, decode_ce: 0.1930, decode_dice: 0.5292, decode_lovasz: 0.3393, decode_boundary: 0.5519, decode_scale_reg: 0.0058, decode_lambda_bound: 0.2344, decode_boundary_boost: 0.0000, aux.loss_ce: 0.1219, aux.acc_seg: 92.8316, loss: 0.9633
2026-05-11 19:32:12,170 - mmseg - INFO - Iter [1450/40000]	lr: 8.395e-05, eta: 9:28:14, time: 0.877, data_time: 0.009, memory: 22512, loss_decode: 0.8482, decode_ce: 0.2050, decode_dice: 0.5221, decode_lovasz: 0.3322, decode_boundary: 0.5642, decode_scale_reg: 0.0039, decode_lambda_bound: 0.2356, decode_boundary_boost: 0.0000, aux.loss_ce: 0.1302, aux.acc_seg: 91.9435, loss: 0.9784
2026-05-11 19:32:56,014 - mmseg - INFO - Iter [1500/40000]	lr: 8.674e-05, eta: 9:27:20, time: 0.877, data_time: 0.008, memory: 22512, loss_decode: 0.8119, decode_ce: 0.1905, decode_dice: 0.5026, decode_lovasz: 0.3147, decode_boundary: 0.5658, decode_scale_reg: 0.0045, decode_lambda_bound: 0.2369, decode_boundary_boost: 0.0000, aux.loss_ce: 0.1183, aux.acc_seg: 92.8550, loss: 0.9302
2026-05-11 19:33:39,865 - mmseg - INFO - Iter [1550/40000]	lr: 8.669e-05, eta: 9:26:27, time: 0.877, data_time: 0.009, memory: 22512, loss_decode: 0.8126, decode_ce: 0.1904, decode_dice: 0.5006, decode_lovasz: 0.3199, decode_boundary: 0.5542, decode_scale_reg: 0.0044, decode_lambda_bound: 0.2381, decode_boundary_boost: 0.0000, aux.loss_ce: 0.1194, aux.acc_seg: 92.4270, loss: 0.9320
2026-05-11 19:34:23,754 - mmseg - INFO - Iter [1600/40000]	lr: 8.658e-05, eta: 9:25:35, time: 0.878, data_time: 0.009, memory: 22512, loss_decode: 0.7926, decode_ce: 0.1811, decode_dice: 0.4780, decode_lovasz: 0.3184, decode_boundary: 0.5582, decode_scale_reg: 0.0035, decode_lambda_bound: 0.2394, decode_boundary_boost: 0.0000, aux.loss_ce: 0.1161, aux.acc_seg: 92.5966, loss: 0.9087
2026-05-11 19:35:07,557 - mmseg - INFO - Iter [1650/40000]	lr: 8.648e-05, eta: 9:24:42, time: 0.876, data_time: 0.008, memory: 22512, loss_decode: 0.7798, decode_ce: 0.1701, decode_dice: 0.4827, decode_lovasz: 0.3118, decode_boundary: 0.5587, decode_scale_reg: 0.0029, decode_lambda_bound: 0.2406, decode_boundary_boost: 0.0000, aux.loss_ce: 0.1074, aux.acc_seg: 93.3789, loss: 0.8872
2026-05-11 19:35:51,400 - mmseg - INFO - Iter [1700/40000]	lr: 8.637e-05, eta: 9:23:51, time: 0.877, data_time: 0.009, memory: 22512, loss_decode: 0.7422, decode_ce: 0.1415, decode_dice: 0.4970, decode_lovasz: 0.2989, decode_boundary: 0.5293, decode_scale_reg: 0.0020, decode_lambda_bound: 0.2419, decode_boundary_boost: 0.0000, aux.loss_ce: 0.0928, aux.acc_seg: 94.1406, loss: 0.8351
2026-05-11 19:36:35,198 - mmseg - INFO - Iter [1750/40000]	lr: 8.626e-05, eta: 9:22:58, time: 0.876, data_time: 0.009, memory: 22512, loss_decode: 0.7482, decode_ce: 0.1564, decode_dice: 0.4628, decode_lovasz: 0.2995, decode_boundary: 0.5581, decode_scale_reg: 0.0043, decode_lambda_bound: 0.2431, decode_boundary_boost: 0.0000, aux.loss_ce: 0.0967, aux.acc_seg: 93.7189, loss: 0.8449
2026-05-11 19:37:19,033 - mmseg - INFO - Iter [1800/40000]	lr: 8.615e-05, eta: 9:22:07, time: 0.877, data_time: 0.009, memory: 22512, loss_decode: 0.7569, decode_ce: 0.1669, decode_dice: 0.4798, decode_lovasz: 0.2916, decode_boundary: 0.5372, decode_scale_reg: 0.0038, decode_lambda_bound: 0.2444, decode_boundary_boost: 0.0000, aux.loss_ce: 0.1008, aux.acc_seg: 93.4567, loss: 0.8577
2026-05-11 19:38:02,861 - mmseg - INFO - Iter [1850/40000]	lr: 8.605e-05, eta: 9:21:17, time: 0.877, data_time: 0.009, memory: 22512, loss_decode: 0.7253, decode_ce: 0.1473, decode_dice: 0.4467, decode_lovasz: 0.2956, decode_boundary: 0.5411, decode_scale_reg: 0.0034, decode_lambda_bound: 0.2456, decode_boundary_boost: 0.0000, aux.loss_ce: 0.0953, aux.acc_seg: 93.8424, loss: 0.8206
2026-05-11 19:38:46,684 - mmseg - INFO - Iter [1900/40000]	lr: 8.594e-05, eta: 9:20:26, time: 0.876, data_time: 0.009, memory: 22512, loss_decode: 0.6929, decode_ce: 0.1349, decode_dice: 0.4501, decode_lovasz: 0.2708, decode_boundary: 0.5255, decode_scale_reg: 0.0028, decode_lambda_bound: 0.2469, decode_boundary_boost: 0.0000, aux.loss_ce: 0.0867, aux.acc_seg: 94.4636, loss: 0.7796
2026-05-11 19:39:30,393 - mmseg - INFO - Iter [1950/40000]	lr: 8.583e-05, eta: 9:19:34, time: 0.874, data_time: 0.008, memory: 22512, loss_decode: 0.7244, decode_ce: 0.1396, decode_dice: 0.4885, decode_lovasz: 0.2755, decode_boundary: 0.5393, decode_scale_reg: 0.0045, decode_lambda_bound: 0.2481, decode_boundary_boost: 0.0000, aux.loss_ce: 0.0900, aux.acc_seg: 94.1954, loss: 0.8144
2026-05-11 19:40:14,181 - mmseg - INFO - Exp name: uper_cosnet_specwaste_40k.py
2026-05-11 19:40:14,181 - mmseg - INFO - Iter [2000/40000]	lr: 8.573e-05, eta: 9:18:43, time: 0.876, data_time: 0.009, memory: 22512, loss_decode: 0.7236, decode_ce: 0.1492, decode_dice: 0.4541, decode_lovasz: 0.2834, decode_boundary: 0.5402, decode_scale_reg: 0.0028, decode_lambda_bound: 0.2494, decode_boundary_boost: 0.0000, aux.loss_ce: 0.0918, aux.acc_seg: 93.9988, loss: 0.8154
2026-05-11 19:40:57,942 - mmseg - INFO - Iter [2050/40000]	lr: 8.562e-05, eta: 9:17:53, time: 0.875, data_time: 0.008, memory: 22512, loss_decode: 0.6788, decode_ce: 0.1322, decode_dice: 0.4484, decode_lovasz: 0.2531, decode_boundary: 0.5287, decode_scale_reg: 0.0026, decode_lambda_bound: 0.2506, decode_boundary_boost: 0.0000, aux.loss_ce: 0.0814, aux.acc_seg: 94.6098, loss: 0.7602
2026-05-11 19:41:41,768 - mmseg - INFO - Iter [2100/40000]	lr: 8.551e-05, eta: 9:17:04, time: 0.877, data_time: 0.008, memory: 22512, loss_decode: 0.7492, decode_ce: 0.1541, decode_dice: 0.4682, decode_lovasz: 0.3062, decode_boundary: 0.5214, decode_scale_reg: 0.0027, decode_lambda_bound: 0.2519, decode_boundary_boost: 0.0000, aux.loss_ce: 0.0922, aux.acc_seg: 93.9689, loss: 0.8414
2026-05-11 19:42:25,601 - mmseg - INFO - Iter [2150/40000]	lr: 8.541e-05, eta: 9:16:15, time: 0.877, data_time: 0.009, memory: 22512, loss_decode: 0.7032, decode_ce: 0.1393, decode_dice: 0.4398, decode_lovasz: 0.2807, decode_boundary: 0.5272, decode_scale_reg: 0.0020, decode_lambda_bound: 0.2531, decode_boundary_boost: 0.0000, aux.loss_ce: 0.0852, aux.acc_seg: 94.4531, loss: 0.7884
2026-05-11 19:43:09,518 - mmseg - INFO - Iter [2200/40000]	lr: 8.530e-05, eta: 9:15:28, time: 0.878, data_time: 0.009, memory: 22512, loss_decode: 0.6650, decode_ce: 0.1195, decode_dice: 0.4569, decode_lovasz: 0.2498, decode_boundary: 0.5098, decode_scale_reg: 0.0034, decode_lambda_bound: 0.2544, decode_boundary_boost: 0.0000, aux.loss_ce: 0.0755, aux.acc_seg: 95.1917, loss: 0.7405
2026-05-11 19:43:53,383 - mmseg - INFO - Iter [2250/40000]	lr: 8.519e-05, eta: 9:14:40, time: 0.877, data_time: 0.009, memory: 22512, loss_decode: 0.6689, decode_ce: 0.1282, decode_dice: 0.4439, decode_lovasz: 0.2526, decode_boundary: 0.5056, decode_scale_reg: 0.0024, decode_lambda_bound: 0.2556, decode_boundary_boost: 0.0000, aux.loss_ce: 0.0800, aux.acc_seg: 94.9057, loss: 0.7489
2026-05-11 19:44:37,234 - mmseg - INFO - Iter [2300/40000]	lr: 8.508e-05, eta: 9:13:52, time: 0.877, data_time: 0.008, memory: 22512, loss_decode: 0.7142, decode_ce: 0.1595, decode_dice: 0.4305, decode_lovasz: 0.2771, decode_boundary: 0.5121, decode_scale_reg: 0.0025, decode_lambda_bound: 0.2569, decode_boundary_boost: 0.0000, aux.loss_ce: 0.0911, aux.acc_seg: 94.0381, loss: 0.8053
2026-05-11 19:45:21,089 - mmseg - INFO - Iter [2350/40000]	lr: 8.498e-05, eta: 9:13:05, time: 0.877, data_time: 0.009, memory: 22512, loss_decode: 0.6770, decode_ce: 0.1221, decode_dice: 0.4534, decode_lovasz: 0.2659, decode_boundary: 0.4986, decode_scale_reg: 0.0025, decode_lambda_bound: 0.2581, decode_boundary_boost: 0.0000, aux.loss_ce: 0.0757, aux.acc_seg: 94.9723, loss: 0.7527
2026-05-11 19:46:05,002 - mmseg - INFO - Iter [2400/40000]	lr: 8.487e-05, eta: 9:12:18, time: 0.878, data_time: 0.009, memory: 22512, loss_decode: 0.6644, decode_ce: 0.1293, decode_dice: 0.4071, decode_lovasz: 0.2647, decode_boundary: 0.5127, decode_scale_reg: 0.0037, decode_lambda_bound: 0.2594, decode_boundary_boost: 0.0000, aux.loss_ce: 0.0793, aux.acc_seg: 94.7278, loss: 0.7437
2026-05-11 19:46:48,955 - mmseg - INFO - Iter [2450/40000]	lr: 8.476e-05, eta: 9:11:32, time: 0.879, data_time: 0.008, memory: 22512, loss_decode: 0.6550, decode_ce: 0.1241, decode_dice: 0.4008, decode_lovasz: 0.2627, decode_boundary: 0.5119, decode_scale_reg: 0.0031, decode_lambda_bound: 0.2606, decode_boundary_boost: 0.0000, aux.loss_ce: 0.0762, aux.acc_seg: 95.0095, loss: 0.7312
2026-05-11 19:47:32,935 - mmseg - INFO - Iter [2500/40000]	lr: 8.466e-05, eta: 9:10:47, time: 0.880, data_time: 0.008, memory: 22512, loss_decode: 0.6596, decode_ce: 0.1175, decode_dice: 0.4191, decode_lovasz: 0.2719, decode_boundary: 0.4911, decode_scale_reg: 0.0025, decode_lambda_bound: 0.2619, decode_boundary_boost: 0.0000, aux.loss_ce: 0.0761, aux.acc_seg: 95.1359, loss: 0.7357
2026-05-11 19:48:16,885 - mmseg - INFO - Iter [2550/40000]	lr: 8.455e-05, eta: 9:10:01, time: 0.879, data_time: 0.009, memory: 22512, loss_decode: 0.6645, decode_ce: 0.1157, decode_dice: 0.4433, decode_lovasz: 0.2612, decode_boundary: 0.4986, decode_scale_reg: 0.0032, decode_lambda_bound: 0.2631, decode_boundary_boost: 0.0000, aux.loss_ce: 0.0724, aux.acc_seg: 95.3017, loss: 0.7369
2026-05-11 19:49:00,897 - mmseg - INFO - Iter [2600/40000]	lr: 8.444e-05, eta: 9:09:17, time: 0.880, data_time: 0.009, memory: 22512, loss_decode: 0.6665, decode_ce: 0.1157, decode_dice: 0.4368, decode_lovasz: 0.2699, decode_boundary: 0.4915, decode_scale_reg: 0.0027, decode_lambda_bound: 0.2644, decode_boundary_boost: 0.0000, aux.loss_ce: 0.0711, aux.acc_seg: 95.2982, loss: 0.7376
2026-05-11 19:49:44,954 - mmseg - INFO - Iter [2650/40000]	lr: 8.433e-05, eta: 9:08:32, time: 0.881, data_time: 0.009, memory: 22512, loss_decode: 0.6588, decode_ce: 0.1206, decode_dice: 0.4283, decode_lovasz: 0.2540, decode_boundary: 0.5025, decode_scale_reg: 0.0029, decode_lambda_bound: 0.2656, decode_boundary_boost: 0.0000, aux.loss_ce: 0.0753, aux.acc_seg: 94.8473, loss: 0.7341
2026-05-11 19:50:29,066 - mmseg - INFO - Iter [2700/40000]	lr: 8.423e-05, eta: 9:07:49, time: 0.882, data_time: 0.008, memory: 22512, loss_decode: 0.6631, decode_ce: 0.1218, decode_dice: 0.4269, decode_lovasz: 0.2632, decode_boundary: 0.4885, decode_scale_reg: 0.0028, decode_lambda_bound: 0.2669, decode_boundary_boost: 0.0000, aux.loss_ce: 0.0755, aux.acc_seg: 94.8705, loss: 0.7386
2026-05-11 19:51:13,173 - mmseg - INFO - Iter [2750/40000]	lr: 8.412e-05, eta: 9:07:06, time: 0.882, data_time: 0.009, memory: 22512, loss_decode: 0.6279, decode_ce: 0.1099, decode_dice: 0.4069, decode_lovasz: 0.2408, decode_boundary: 0.4994, decode_scale_reg: 0.0028, decode_lambda_bound: 0.2681, decode_boundary_boost: 0.0000, aux.loss_ce: 0.0696, aux.acc_seg: 95.3177, loss: 0.6975
2026-05-11 19:51:57,325 - mmseg - INFO - Iter [2800/40000]	lr: 8.401e-05, eta: 9:06:23, time: 0.883, data_time: 0.009, memory: 22512, loss_decode: 0.6325, decode_ce: 0.1053, decode_dice: 0.4298, decode_lovasz: 0.2447, decode_boundary: 0.4782, decode_scale_reg: 0.0034, decode_lambda_bound: 0.2694, decode_boundary_boost: 0.0000, aux.loss_ce: 0.0672, aux.acc_seg: 95.3447, loss: 0.6997
2026-05-11 19:52:41,532 - mmseg - INFO - Iter [2850/40000]	lr: 8.391e-05, eta: 9:05:41, time: 0.884, data_time: 0.009, memory: 22512, loss_decode: 0.6378, decode_ce: 0.1174, decode_dice: 0.3998, decode_lovasz: 0.2487, decode_boundary: 0.4950, decode_scale_reg: 0.0027, decode_lambda_bound: 0.2706, decode_boundary_boost: 0.0000, aux.loss_ce: 0.0712, aux.acc_seg: 95.2696, loss: 0.7090
2026-05-11 19:53:25,700 - mmseg - INFO - Iter [2900/40000]	lr: 8.380e-05, eta: 9:04:58, time: 0.883, data_time: 0.009, memory: 22512, loss_decode: 0.6177, decode_ce: 0.1079, decode_dice: 0.4156, decode_lovasz: 0.2261, decode_boundary: 0.4867, decode_scale_reg: 0.0028, decode_lambda_bound: 0.2719, decode_boundary_boost: 0.0000, aux.loss_ce: 0.0681, aux.acc_seg: 95.4579, loss: 0.6858
2026-05-11 19:54:09,909 - mmseg - INFO - Iter [2950/40000]	lr: 8.369e-05, eta: 9:04:15, time: 0.884, data_time: 0.009, memory: 22512, loss_decode: 0.6447, decode_ce: 0.1193, decode_dice: 0.4328, decode_lovasz: 0.2386, decode_boundary: 0.4764, decode_scale_reg: 0.0020, decode_lambda_bound: 0.2731, decode_boundary_boost: 0.0000, aux.loss_ce: 0.0747, aux.acc_seg: 95.0300, loss: 0.7194
2026-05-11 19:54:54,097 - mmseg - INFO - Exp name: uper_cosnet_specwaste_40k.py
2026-05-11 19:54:54,097 - mmseg - INFO - Iter [3000/40000]	lr: 8.358e-05, eta: 9:03:33, time: 0.884, data_time: 0.009, memory: 22512, loss_decode: 0.6180, decode_ce: 0.0980, decode_dice: 0.4249, decode_lovasz: 0.2371, decode_boundary: 0.4727, decode_scale_reg: 0.0025, decode_lambda_bound: 0.2744, decode_boundary_boost: 0.0000, aux.loss_ce: 0.0614, aux.acc_seg: 96.0408, loss: 0.6794
2026-05-11 19:55:38,385 - mmseg - INFO - Iter [3050/40000]	lr: 8.348e-05, eta: 9:02:51, time: 0.886, data_time: 0.009, memory: 22512, loss_decode: 0.5866, decode_ce: 0.0980, decode_dice: 0.3869, decode_lovasz: 0.2194, decode_boundary: 0.4734, decode_scale_reg: 0.0014, decode_lambda_bound: 0.2756, decode_boundary_boost: 0.0000, aux.loss_ce: 0.0632, aux.acc_seg: 95.8330, loss: 0.6497
2026-05-11 19:56:22,695 - mmseg - INFO - Iter [3100/40000]	lr: 8.337e-05, eta: 9:02:10, time: 0.886, data_time: 0.008, memory: 22512, loss_decode: 0.6385, decode_ce: 0.1130, decode_dice: 0.4097, decode_lovasz: 0.2521, decode_boundary: 0.4751, decode_scale_reg: 0.0016, decode_lambda_bound: 0.2769, decode_boundary_boost: 0.0000, aux.loss_ce: 0.0709, aux.acc_seg: 95.2381, loss: 0.7094
2026-05-11 19:57:06,956 - mmseg - INFO - Iter [3150/40000]	lr: 8.326e-05, eta: 9:01:28, time: 0.885, data_time: 0.009, memory: 22512, loss_decode: 0.6084, decode_ce: 0.1028, decode_dice: 0.4071, decode_lovasz: 0.2272, decode_boundary: 0.4733, decode_scale_reg: 0.0020, decode_lambda_bound: 0.2781, decode_boundary_boost: 0.0000, aux.loss_ce: 0.0663, aux.acc_seg: 95.5985, loss: 0.6748
2026-05-11 19:57:51,302 - mmseg - INFO - Iter [3200/40000]	lr: 8.316e-05, eta: 9:00:47, time: 0.887, data_time: 0.009, memory: 22512, loss_decode: 0.6417, decode_ce: 0.1155, decode_dice: 0.4210, decode_lovasz: 0.2415, decode_boundary: 0.4816, decode_scale_reg: 0.0021, decode_lambda_bound: 0.2794, decode_boundary_boost: 0.0000, aux.loss_ce: 0.0695, aux.acc_seg: 95.3230, loss: 0.7112
2026-05-11 19:58:37,857 - mmseg - INFO - Iter [3250/40000]	lr: 8.305e-05, eta: 9:00:31, time: 0.931, data_time: 0.056, memory: 22512, loss_decode: 0.6384, decode_ce: 0.1164, decode_dice: 0.3977, decode_lovasz: 0.2461, decode_boundary: 0.4934, decode_scale_reg: 0.0016, decode_lambda_bound: 0.2806, decode_boundary_boost: 0.0000, aux.loss_ce: 0.0701, aux.acc_seg: 95.4174, loss: 0.7085
2026-05-11 19:59:22,229 - mmseg - INFO - Iter [3300/40000]	lr: 8.294e-05, eta: 8:59:50, time: 0.887, data_time: 0.009, memory: 22512, loss_decode: 0.6601, decode_ce: 0.1298, decode_dice: 0.4117, decode_lovasz: 0.2502, decode_boundary: 0.4854, decode_scale_reg: 0.0026, decode_lambda_bound: 0.2819, decode_boundary_boost: 0.0000, aux.loss_ce: 0.0751, aux.acc_seg: 94.8882, loss: 0.7352
2026-05-11 20:00:06,610 - mmseg - INFO - Iter [3350/40000]	lr: 8.283e-05, eta: 8:59:08, time: 0.888, data_time: 0.009, memory: 22512, loss_decode: 0.6533, decode_ce: 0.1256, decode_dice: 0.4239, decode_lovasz: 0.2390, decode_boundary: 0.4820, decode_scale_reg: 0.0034, decode_lambda_bound: 0.2831, decode_boundary_boost: 0.0000, aux.loss_ce: 0.0758, aux.acc_seg: 94.7832, loss: 0.7291
2026-05-11 20:00:51,045 - mmseg - INFO - Iter [3400/40000]	lr: 8.273e-05, eta: 8:58:27, time: 0.889, data_time: 0.009, memory: 22512, loss_decode: 0.5749, decode_ce: 0.0890, decode_dice: 0.3709, decode_lovasz: 0.2272, decode_boundary: 0.4573, decode_scale_reg: 0.0013, decode_lambda_bound: 0.2844, decode_boundary_boost: 0.0000, aux.loss_ce: 0.0564, aux.acc_seg: 96.2132, loss: 0.6313
2026-05-11 20:01:35,446 - mmseg - INFO - Iter [3450/40000]	lr: 8.262e-05, eta: 8:57:46, time: 0.888, data_time: 0.008, memory: 22512, loss_decode: 0.6042, decode_ce: 0.0991, decode_dice: 0.3922, decode_lovasz: 0.2402, decode_boundary: 0.4513, decode_scale_reg: 0.0018, decode_lambda_bound: 0.2856, decode_boundary_boost: 0.0000, aux.loss_ce: 0.0607, aux.acc_seg: 95.8952, loss: 0.6650
2026-05-11 20:02:19,875 - mmseg - INFO - Iter [3500/40000]	lr: 8.251e-05, eta: 8:57:05, time: 0.889, data_time: 0.009, memory: 22512, loss_decode: 0.5941, decode_ce: 0.0971, decode_dice: 0.3910, decode_lovasz: 0.2244, decode_boundary: 0.4642, decode_scale_reg: 0.0027, decode_lambda_bound: 0.2869, decode_boundary_boost: 0.0000, aux.loss_ce: 0.0623, aux.acc_seg: 95.8002, loss: 0.6564
2026-05-11 20:03:04,303 - mmseg - INFO - Iter [3550/40000]	lr: 8.241e-05, eta: 8:56:24, time: 0.889, data_time: 0.009, memory: 22512, loss_decode: 0.5791, decode_ce: 0.0843, decode_dice: 0.4002, decode_lovasz: 0.2181, decode_boundary: 0.4551, decode_scale_reg: 0.0019, decode_lambda_bound: 0.2881, decode_boundary_boost: 0.0000, aux.loss_ce: 0.0549, aux.acc_seg: 96.2540, loss: 0.6340
2026-05-11 20:03:48,756 - mmseg - INFO - Iter [3600/40000]	lr: 8.230e-05, eta: 8:55:43, time: 0.889, data_time: 0.009, memory: 22512, loss_decode: 0.5787, decode_ce: 0.0933, decode_dice: 0.3854, decode_lovasz: 0.2123, decode_boundary: 0.4611, decode_scale_reg: 0.0014, decode_lambda_bound: 0.2894, decode_boundary_boost: 0.0000, aux.loss_ce: 0.0571, aux.acc_seg: 96.1473, loss: 0.6358
2026-05-11 20:04:33,197 - mmseg - INFO - Iter [3650/40000]	lr: 8.219e-05, eta: 8:55:01, time: 0.889, data_time: 0.009, memory: 22512, loss_decode: 0.5887, decode_ce: 0.0934, decode_dice: 0.4060, decode_lovasz: 0.2145, decode_boundary: 0.4520, decode_scale_reg: 0.0022, decode_lambda_bound: 0.2906, decode_boundary_boost: 0.0000, aux.loss_ce: 0.0594, aux.acc_seg: 95.9128, loss: 0.6480
2026-05-11 20:05:17,574 - mmseg - INFO - Iter [3700/40000]	lr: 8.208e-05, eta: 8:54:19, time: 0.888, data_time: 0.009, memory: 22512, loss_decode: 0.5989, decode_ce: 0.1075, decode_dice: 0.3790, decode_lovasz: 0.2221, decode_boundary: 0.4633, decode_scale_reg: 0.0022, decode_lambda_bound: 0.2919, decode_boundary_boost: 0.0000, aux.loss_ce: 0.0625, aux.acc_seg: 95.7512, loss: 0.6614
2026-05-11 20:06:01,974 - mmseg - INFO - Iter [3750/40000]	lr: 8.198e-05, eta: 8:53:37, time: 0.888, data_time: 0.009, memory: 22512, loss_decode: 0.5843, decode_ce: 0.0938, decode_dice: 0.3930, decode_lovasz: 0.2122, decode_boundary: 0.4597, decode_scale_reg: 0.0017, decode_lambda_bound: 0.2931, decode_boundary_boost: 0.0000, aux.loss_ce: 0.0579, aux.acc_seg: 96.0427, loss: 0.6422
2026-05-11 20:06:46,398 - mmseg - INFO - Iter [3800/40000]	lr: 8.187e-05, eta: 8:52:56, time: 0.888, data_time: 0.008, memory: 22512, loss_decode: 0.5927, decode_ce: 0.0975, decode_dice: 0.3898, decode_lovasz: 0.2240, decode_boundary: 0.4492, decode_scale_reg: 0.0032, decode_lambda_bound: 0.2944, decode_boundary_boost: 0.0000, aux.loss_ce: 0.0614, aux.acc_seg: 95.8165, loss: 0.6541
2026-05-11 20:07:30,883 - mmseg - INFO - Iter [3850/40000]	lr: 8.176e-05, eta: 8:52:15, time: 0.890, data_time: 0.008, memory: 22512, loss_decode: 0.5423, decode_ce: 0.0738, decode_dice: 0.3717, decode_lovasz: 0.2080, decode_boundary: 0.4280, decode_scale_reg: 0.0032, decode_lambda_bound: 0.2956, decode_boundary_boost: 0.0000, aux.loss_ce: 0.0493, aux.acc_seg: 96.6743, loss: 0.5916
2026-05-11 20:08:15,354 - mmseg - INFO - Iter [3900/40000]	lr: 8.165e-05, eta: 8:51:33, time: 0.889, data_time: 0.009, memory: 22512, loss_decode: 0.5797, decode_ce: 0.0829, decode_dice: 0.3917, decode_lovasz: 0.2260, decode_boundary: 0.4422, decode_scale_reg: 0.0018, decode_lambda_bound: 0.2969, decode_boundary_boost: 0.0000, aux.loss_ce: 0.0525, aux.acc_seg: 96.3414, loss: 0.6322
2026-05-11 20:08:59,801 - mmseg - INFO - Iter [3950/40000]	lr: 8.155e-05, eta: 8:50:51, time: 0.889, data_time: 0.008, memory: 22512, loss_decode: 0.5938, decode_ce: 0.1022, decode_dice: 0.3861, decode_lovasz: 0.2133, decode_boundary: 0.4650, decode_scale_reg: 0.0017, decode_lambda_bound: 0.2981, decode_boundary_boost: 0.0000, aux.loss_ce: 0.0617, aux.acc_seg: 95.7298, loss: 0.6555
2026-05-11 20:09:44,272 - mmseg - INFO - Saving checkpoint at 4000 iterations
2026-05-11 20:09:45,084 - mmseg - INFO - Exp name: uper_cosnet_specwaste_40k.py
2026-05-11 20:09:45,084 - mmseg - INFO - Iter [4000/40000]	lr: 8.144e-05, eta: 8:50:17, time: 0.906, data_time: 0.009, memory: 22512, loss_decode: 0.5946, decode_ce: 0.0918, decode_dice: 0.3925, decode_lovasz: 0.2290, decode_boundary: 0.4501, decode_scale_reg: 0.0016, decode_lambda_bound: 0.2994, decode_boundary_boost: 0.0000, aux.loss_ce: 0.0546, aux.acc_seg: 96.2871, loss: 0.6492
2026-05-11 20:09:55,873 - mmseg - INFO - per class results:
2026-05-11 20:09:55,886 - mmseg - INFO - 
+------------+-------+-------+
|   Class    |  IoU  |  Acc  |
+------------+-------+-------+
| background | 93.31 | 96.63 |
|    film    | 75.03 | 81.94 |
|   basket   | 83.44 | 88.19 |
| cardboard  | 70.32 | 78.09 |
| video_tape | 45.25 | 58.84 |
|  filament  | 70.43 | 79.14 |
|    bag     | 69.06 | 86.37 |
+------------+-------+-------+
2026-05-11 20:09:55,886 - mmseg - INFO - Summary:
2026-05-11 20:09:55,886 - mmseg - INFO - 
+-------+-------+-------+
|  aAcc |  mIoU |  mAcc |
+-------+-------+-------+
| 94.01 | 72.41 | 81.31 |
+-------+-------+-------+
2026-05-11 20:09:56,646 - mmseg - INFO - Now best checkpoint is saved as best_mIoU_iter_4000.pth.
2026-05-11 20:09:56,647 - mmseg - INFO - Best mIoU is 0.7241 at 4000 iter.
2026-05-11 20:09:56,647 - mmseg - INFO - Exp name: uper_cosnet_specwaste_40k.py
2026-05-11 20:09:56,647 - mmseg - INFO - Iter(val) [171]	aAcc: 0.9401, mIoU: 0.7241, mAcc: 0.8131, IoU.background: 0.9331, IoU.film: 0.7503, IoU.basket: 0.8344, IoU.cardboard: 0.7032, IoU.video_tape: 0.4525, IoU.filament: 0.7043, IoU.bag: 0.6906, Acc.background: 0.9663, Acc.film: 0.8194, Acc.basket: 0.8819, Acc.cardboard: 0.7809, Acc.video_tape: 0.5884, Acc.filament: 0.7914, Acc.bag: 0.8637
2026-05-11 20:10:40,954 - mmseg - INFO - Iter [4050/40000]	lr: 8.133e-05, eta: 8:51:17, time: 1.117, data_time: 0.239, memory: 22512, loss_decode: 0.5737, decode_ce: 0.0915, decode_dice: 0.3938, decode_lovasz: 0.2026, decode_boundary: 0.4436, decode_scale_reg: 0.0025, decode_lambda_bound: 0.3006, decode_boundary_boost: 0.0000, aux.loss_ce: 0.0577, aux.acc_seg: 95.9813, loss: 0.6314
2026-05-11 20:11:25,526 - mmseg - INFO - Iter [4100/40000]	lr: 8.122e-05, eta: 8:50:34, time: 0.891, data_time: 0.009, memory: 22512, loss_decode: 0.5691, decode_ce: 0.0778, decode_dice: 0.3845, decode_lovasz: 0.2209, decode_boundary: 0.4417, decode_scale_reg: 0.0015, decode_lambda_bound: 0.3019, decode_boundary_boost: 0.0000, aux.loss_ce: 0.0492, aux.acc_seg: 96.6254, loss: 0.6184
2026-05-11 20:12:10,027 - mmseg - INFO - Iter [4150/40000]	lr: 8.112e-05, eta: 8:49:52, time: 0.890, data_time: 0.009, memory: 22512, loss_decode: 0.5495, decode_ce: 0.0816, decode_dice: 0.3687, decode_lovasz: 0.1984, decode_boundary: 0.4446, decode_scale_reg: 0.0027, decode_lambda_bound: 0.3031, decode_boundary_boost: 0.0000, aux.loss_ce: 0.0506, aux.acc_seg: 96.6364, loss: 0.6001
2026-05-11 20:12:54,473 - mmseg - INFO - Iter [4200/40000]	lr: 8.101e-05, eta: 8:49:08, time: 0.889, data_time: 0.008, memory: 22512, loss_decode: 0.5525, decode_ce: 0.0785, decode_dice: 0.3825, decode_lovasz: 0.1974, decode_boundary: 0.4422, decode_scale_reg: 0.0018, decode_lambda_bound: 0.3044, decode_boundary_boost: 0.0000, aux.loss_ce: 0.0483, aux.acc_seg: 96.6000, loss: 0.6007
2026-05-11 20:13:38,980 - mmseg - INFO - Iter [4250/40000]	lr: 8.090e-05, eta: 8:48:25, time: 0.890, data_time: 0.008, memory: 22512, loss_decode: 0.5632, decode_ce: 0.0865, decode_dice: 0.3778, decode_lovasz: 0.1973, decode_boundary: 0.4575, decode_scale_reg: 0.0014, decode_lambda_bound: 0.3056, decode_boundary_boost: 0.0000, aux.loss_ce: 0.0534, aux.acc_seg: 96.2876, loss: 0.6166
2026-05-11 20:14:23,518 - mmseg - INFO - Iter [4300/40000]	lr: 8.080e-05, eta: 8:47:42, time: 0.891, data_time: 0.009, memory: 22512, loss_decode: 0.5822, decode_ce: 0.0908, decode_dice: 0.3939, decode_lovasz: 0.2153, decode_boundary: 0.4334, decode_scale_reg: 0.0020, decode_lambda_bound: 0.3069, decode_boundary_boost: 0.0000, aux.loss_ce: 0.0557, aux.acc_seg: 96.1094, loss: 0.6379
2026-05-11 20:15:08,075 - mmseg - INFO - Iter [4350/40000]	lr: 8.069e-05, eta: 8:47:00, time: 0.891, data_time: 0.008, memory: 22512, loss_decode: 0.5506, decode_ce: 0.0817, decode_dice: 0.3734, decode_lovasz: 0.2004, decode_boundary: 0.4280, decode_scale_reg: 0.0010, decode_lambda_bound: 0.3081, decode_boundary_boost: 0.0000, aux.loss_ce: 0.0503, aux.acc_seg: 96.5214, loss: 0.6009
2026-05-11 20:15:52,587 - mmseg - INFO - Iter [4400/40000]	lr: 8.058e-05, eta: 8:46:17, time: 0.890, data_time: 0.008, memory: 22512, loss_decode: 0.5626, decode_ce: 0.0779, decode_dice: 0.3991, decode_lovasz: 0.2012, decode_boundary: 0.4338, decode_scale_reg: 0.0013, decode_lambda_bound: 0.3094, decode_boundary_boost: 0.0000, aux.loss_ce: 0.0499, aux.acc_seg: 96.5291, loss: 0.6126
2026-05-11 20:16:37,067 - mmseg - INFO - Iter [4450/40000]	lr: 8.047e-05, eta: 8:45:33, time: 0.890, data_time: 0.008, memory: 22512, loss_decode: 0.5599, decode_ce: 0.0808, decode_dice: 0.3955, decode_lovasz: 0.1885, decode_boundary: 0.4509, decode_scale_reg: 0.0011, decode_lambda_bound: 0.3106, decode_boundary_boost: 0.0000, aux.loss_ce: 0.0514, aux.acc_seg: 96.3986, loss: 0.6113
2026-05-11 20:17:21,532 - mmseg - INFO - Iter [4500/40000]	lr: 8.037e-05, eta: 8:44:50, time: 0.889, data_time: 0.008, memory: 22512, loss_decode: 0.5624, decode_ce: 0.0938, decode_dice: 0.3550, decode_lovasz: 0.2030, decode_boundary: 0.4454, decode_scale_reg: 0.0020, decode_lambda_bound: 0.3119, decode_boundary_boost: 0.0000, aux.loss_ce: 0.0535, aux.acc_seg: 96.1298, loss: 0.6159
2026-05-11 20:18:06,068 - mmseg - INFO - Iter [4550/40000]	lr: 8.026e-05, eta: 8:44:07, time: 0.891, data_time: 0.009, memory: 22512, loss_decode: 0.5482, decode_ce: 0.0836, decode_dice: 0.3567, decode_lovasz: 0.1993, decode_boundary: 0.4367, decode_scale_reg: 0.0015, decode_lambda_bound: 0.3131, decode_boundary_boost: 0.0000, aux.loss_ce: 0.0519, aux.acc_seg: 96.3620, loss: 0.6001
2026-05-11 20:18:50,596 - mmseg - INFO - Iter [4600/40000]	lr: 8.015e-05, eta: 8:43:24, time: 0.891, data_time: 0.008, memory: 22512, loss_decode: 0.6413, decode_ce: 0.1223, decode_dice: 0.4181, decode_lovasz: 0.2343, decode_boundary: 0.4270, decode_scale_reg: 0.0013, decode_lambda_bound: 0.3144, decode_boundary_boost: 0.0000, aux.loss_ce: 0.0638, aux.acc_seg: 95.6285, loss: 0.7051
2026-05-11 20:19:35,113 - mmseg - INFO - Iter [4650/40000]	lr: 8.004e-05, eta: 8:42:41, time: 0.890, data_time: 0.008, memory: 22512, loss_decode: 0.5852, decode_ce: 0.0966, decode_dice: 0.3818, decode_lovasz: 0.2066, decode_boundary: 0.4522, decode_scale_reg: 0.0015, decode_lambda_bound: 0.3156, decode_boundary_boost: 0.0000, aux.loss_ce: 0.0568, aux.acc_seg: 96.1162, loss: 0.6420
2026-05-11 20:20:19,658 - mmseg - INFO - Iter [4700/40000]	lr: 7.994e-05, eta: 8:41:58, time: 0.891, data_time: 0.008, memory: 22512, loss_decode: 0.5476, decode_ce: 0.0757, decode_dice: 0.3519, decode_lovasz: 0.2086, decode_boundary: 0.4399, decode_scale_reg: 0.0014, decode_lambda_bound: 0.3169, decode_boundary_boost: 0.0000, aux.loss_ce: 0.0474, aux.acc_seg: 96.6419, loss: 0.5950
2026-05-11 20:21:04,170 - mmseg - INFO - Iter [4750/40000]	lr: 7.983e-05, eta: 8:41:15, time: 0.890, data_time: 0.009, memory: 22512, loss_decode: 0.5911, decode_ce: 0.0964, decode_dice: 0.3918, decode_lovasz: 0.2105, decode_boundary: 0.4430, decode_scale_reg: 0.0014, decode_lambda_bound: 0.3181, decode_boundary_boost: 0.0000, aux.loss_ce: 0.0576, aux.acc_seg: 95.9438, loss: 0.6487
2026-05-11 20:21:48,690 - mmseg - INFO - Iter [4800/40000]	lr: 7.972e-05, eta: 8:40:31, time: 0.890, data_time: 0.008, memory: 22512, loss_decode: 0.5898, decode_ce: 0.0873, decode_dice: 0.3840, decode_lovasz: 0.2261, decode_boundary: 0.4411, decode_scale_reg: 0.0016, decode_lambda_bound: 0.3194, decode_boundary_boost: 0.0000, aux.loss_ce: 0.0556, aux.acc_seg: 96.0655, loss: 0.6454
2026-05-11 20:22:33,263 - mmseg - INFO - Iter [4850/40000]	lr: 7.961e-05, eta: 8:39:49, time: 0.891, data_time: 0.008, memory: 22512, loss_decode: 0.5851, decode_ce: 0.0899, decode_dice: 0.3867, decode_lovasz: 0.2125, decode_boundary: 0.4311, decode_scale_reg: 0.0016, decode_lambda_bound: 0.3304, decode_boundary_boost: 0.0100, aux.loss_ce: 0.0547, aux.acc_seg: 96.1840, loss: 0.6398
2026-05-11 20:23:17,940 - mmseg - INFO - Iter [4900/40000]	lr: 7.951e-05, eta: 8:39:07, time: 0.894, data_time: 0.008, memory: 22512, loss_decode: 0.5533, decode_ce: 0.0840, decode_dice: 0.3528, decode_lovasz: 0.1960, decode_boundary: 0.4395, decode_scale_reg: 0.0015, decode_lambda_bound: 0.3319, decode_boundary_boost: 0.0100, aux.loss_ce: 0.0540, aux.acc_seg: 96.2143, loss: 0.6074
2026-05-11 20:24:02,491 - mmseg - INFO - Iter [4950/40000]	lr: 7.940e-05, eta: 8:38:23, time: 0.891, data_time: 0.008, memory: 22512, loss_decode: 0.5843, decode_ce: 0.0870, decode_dice: 0.3943, decode_lovasz: 0.2026, decode_boundary: 0.4449, decode_scale_reg: 0.0019, decode_lambda_bound: 0.3331, decode_boundary_boost: 0.0100, aux.loss_ce: 0.0524, aux.acc_seg: 96.2662, loss: 0.6367
2026-05-11 20:24:47,051 - mmseg - INFO - Exp name: uper_cosnet_specwaste_40k.py
2026-05-11 20:24:47,051 - mmseg - INFO - Iter [5000/40000]	lr: 7.929e-05, eta: 8:37:40, time: 0.891, data_time: 0.008, memory: 22512, loss_decode: 0.5753, decode_ce: 0.0838, decode_dice: 0.3848, decode_lovasz: 0.2029, decode_boundary: 0.4393, decode_scale_reg: 0.0016, decode_lambda_bound: 0.3344, decode_boundary_boost: 0.0100, aux.loss_ce: 0.0526, aux.acc_seg: 96.2211, loss: 0.6279
2026-05-11 20:25:31,634 - mmseg - INFO - Iter [5050/40000]	lr: 7.918e-05, eta: 8:36:57, time: 0.892, data_time: 0.008, memory: 22512, loss_decode: 0.5592, decode_ce: 0.0844, decode_dice: 0.3722, decode_lovasz: 0.1904, decode_boundary: 0.4345, decode_scale_reg: 0.0011, decode_lambda_bound: 0.3356, decode_boundary_boost: 0.0100, aux.loss_ce: 0.0501, aux.acc_seg: 96.4391, loss: 0.6092
2026-05-11 20:26:16,200 - mmseg - INFO - Iter [5100/40000]	lr: 7.908e-05, eta: 8:36:14, time: 0.891, data_time: 0.008, memory: 22512, loss_decode: 0.5582, decode_ce: 0.0882, decode_dice: 0.3631, decode_lovasz: 0.1864, decode_boundary: 0.4410, decode_scale_reg: 0.0014, decode_lambda_bound: 0.3369, decode_boundary_boost: 0.0100, aux.loss_ce: 0.0534, aux.acc_seg: 96.1600, loss: 0.6115
2026-05-11 20:27:00,852 - mmseg - INFO - Iter [5150/40000]	lr: 7.897e-05, eta: 8:35:32, time: 0.893, data_time: 0.008, memory: 22512, loss_decode: 0.5504, decode_ce: 0.0878, decode_dice: 0.3515, decode_lovasz: 0.1897, decode_boundary: 0.4274, decode_scale_reg: 0.0016, decode_lambda_bound: 0.3381, decode_boundary_boost: 0.0100, aux.loss_ce: 0.0548, aux.acc_seg: 96.2686, loss: 0.6052
2026-05-11 20:27:45,412 - mmseg - INFO - Iter [5200/40000]	lr: 7.886e-05, eta: 8:34:49, time: 0.891, data_time: 0.008, memory: 22512, loss_decode: 0.5971, decode_ce: 0.0948, decode_dice: 0.3926, decode_lovasz: 0.2105, decode_boundary: 0.4363, decode_scale_reg: 0.0026, decode_lambda_bound: 0.3394, decode_boundary_boost: 0.0100, aux.loss_ce: 0.0577, aux.acc_seg: 96.0409, loss: 0.6548
2026-05-11 20:28:30,021 - mmseg - INFO - Iter [5250/40000]	lr: 7.875e-05, eta: 8:34:06, time: 0.892, data_time: 0.008, memory: 22512, loss_decode: 0.5948, decode_ce: 0.0983, decode_dice: 0.3656, decode_lovasz: 0.2279, decode_boundary: 0.4253, decode_scale_reg: 0.0009, decode_lambda_bound: 0.3357, decode_boundary_boost: 0.0050, aux.loss_ce: 0.0598, aux.acc_seg: 95.8721, loss: 0.6546
2026-05-11 20:29:14,626 - mmseg - INFO - Iter [5300/40000]	lr: 7.865e-05, eta: 8:33:23, time: 0.892, data_time: 0.009, memory: 22512, loss_decode: 0.5380, decode_ce: 0.0753, decode_dice: 0.3439, decode_lovasz: 0.1968, decode_boundary: 0.4248, decode_scale_reg: 0.0007, decode_lambda_bound: 0.3369, decode_boundary_boost: 0.0050, aux.loss_ce: 0.0475, aux.acc_seg: 96.6409, loss: 0.5855
2026-05-11 20:29:59,169 - mmseg - INFO - Iter [5350/40000]	lr: 7.854e-05, eta: 8:32:40, time: 0.891, data_time: 0.008, memory: 22512, loss_decode: 0.5737, decode_ce: 0.0840, decode_dice: 0.3987, decode_lovasz: 0.1954, decode_boundary: 0.4251, decode_scale_reg: 0.0022, decode_lambda_bound: 0.3381, decode_boundary_boost: 0.0050, aux.loss_ce: 0.0520, aux.acc_seg: 96.3905, loss: 0.6257
2026-05-11 20:30:43,834 - mmseg - INFO - Iter [5400/40000]	lr: 7.843e-05, eta: 8:31:57, time: 0.893, data_time: 0.008, memory: 22512, loss_decode: 0.5216, decode_ce: 0.0730, decode_dice: 0.3310, decode_lovasz: 0.1869, decode_boundary: 0.4211, decode_scale_reg: 0.0012, decode_lambda_bound: 0.3394, decode_boundary_boost: 0.0050, aux.loss_ce: 0.0463, aux.acc_seg: 96.6523, loss: 0.5678
2026-05-11 20:31:28,487 - mmseg - INFO - Iter [5450/40000]	lr: 7.832e-05, eta: 8:31:14, time: 0.893, data_time: 0.008, memory: 22512, loss_decode: 0.5262, decode_ce: 0.0758, decode_dice: 0.3215, decode_lovasz: 0.1924, decode_boundary: 0.4265, decode_scale_reg: 0.0012, decode_lambda_bound: 0.3406, decode_boundary_boost: 0.0050, aux.loss_ce: 0.0458, aux.acc_seg: 96.7238, loss: 0.5719
2026-05-11 20:32:13,136 - mmseg - INFO - Iter [5500/40000]	lr: 7.822e-05, eta: 8:30:31, time: 0.893, data_time: 0.008, memory: 22512, loss_decode: 0.5118, decode_ce: 0.0689, decode_dice: 0.3306, decode_lovasz: 0.1820, decode_boundary: 0.4130, decode_scale_reg: 0.0014, decode_lambda_bound: 0.3419, decode_boundary_boost: 0.0050, aux.loss_ce: 0.0430, aux.acc_seg: 96.9213, loss: 0.5548
2026-05-11 20:32:57,739 - mmseg - INFO - Iter [5550/40000]	lr: 7.811e-05, eta: 8:29:48, time: 0.892, data_time: 0.008, memory: 22512, loss_decode: 0.5296, decode_ce: 0.0811, decode_dice: 0.3285, decode_lovasz: 0.1841, decode_boundary: 0.4260, decode_scale_reg: 0.0012, decode_lambda_bound: 0.3431, decode_boundary_boost: 0.0050, aux.loss_ce: 0.0509, aux.acc_seg: 96.4682, loss: 0.5806
2026-05-11 20:33:42,376 - mmseg - INFO - Iter [5600/40000]	lr: 7.800e-05, eta: 8:29:05, time: 0.893, data_time: 0.009, memory: 22512, loss_decode: 0.5344, decode_ce: 0.0703, decode_dice: 0.3431, decode_lovasz: 0.1975, decode_boundary: 0.4193, decode_scale_reg: 0.0008, decode_lambda_bound: 0.3444, decode_boundary_boost: 0.0050, aux.loss_ce: 0.0447, aux.acc_seg: 96.8076, loss: 0.5791
2026-05-11 20:34:27,047 - mmseg - INFO - Iter [5650/40000]	lr: 7.789e-05, eta: 8:28:23, time: 0.893, data_time: 0.008, memory: 22512, loss_decode: 0.5142, decode_ce: 0.0794, decode_dice: 0.2960, decode_lovasz: 0.1891, decode_boundary: 0.4256, decode_scale_reg: 0.0008, decode_lambda_bound: 0.3407, decode_boundary_boost: 0.0000, aux.loss_ce: 0.0462, aux.acc_seg: 96.6931, loss: 0.5604
2026-05-11 20:35:11,686 - mmseg - INFO - Iter [5700/40000]	lr: 7.779e-05, eta: 8:27:40, time: 0.893, data_time: 0.008, memory: 22512, loss_decode: 0.5053, decode_ce: 0.0741, decode_dice: 0.3144, decode_lovasz: 0.1795, decode_boundary: 0.4076, decode_scale_reg: 0.0013, decode_lambda_bound: 0.3419, decode_boundary_boost: 0.0000, aux.loss_ce: 0.0452, aux.acc_seg: 96.7886, loss: 0.5505
2026-05-11 20:35:56,332 - mmseg - INFO - Iter [5750/40000]	lr: 7.768e-05, eta: 8:26:57, time: 0.893, data_time: 0.008, memory: 22512, loss_decode: 0.5302, decode_ce: 0.0838, decode_dice: 0.3028, decode_lovasz: 0.1945, decode_boundary: 0.4343, decode_scale_reg: 0.0016, decode_lambda_bound: 0.3431, decode_boundary_boost: 0.0000, aux.loss_ce: 0.0486, aux.acc_seg: 96.5270, loss: 0.5788
2026-05-11 20:36:41,032 - mmseg - INFO - Iter [5800/40000]	lr: 7.757e-05, eta: 8:26:14, time: 0.894, data_time: 0.009, memory: 22512, loss_decode: 0.5497, decode_ce: 0.0799, decode_dice: 0.3391, decode_lovasz: 0.2029, decode_boundary: 0.4298, decode_scale_reg: 0.0010, decode_lambda_bound: 0.3444, decode_boundary_boost: 0.0000, aux.loss_ce: 0.0471, aux.acc_seg: 96.5980, loss: 0.5968
2026-05-11 20:37:25,699 - mmseg - INFO - Iter [5850/40000]	lr: 7.746e-05, eta: 8:25:31, time: 0.893, data_time: 0.008, memory: 22512, loss_decode: 0.5194, decode_ce: 0.0748, decode_dice: 0.3034, decode_lovasz: 0.1968, decode_boundary: 0.4201, decode_scale_reg: 0.0022, decode_lambda_bound: 0.3456, decode_boundary_boost: 0.0000, aux.loss_ce: 0.0459, aux.acc_seg: 96.7362, loss: 0.5652
2026-05-11 20:38:10,476 - mmseg - INFO - Iter [5900/40000]	lr: 7.736e-05, eta: 8:24:49, time: 0.896, data_time: 0.009, memory: 22512, loss_decode: 0.5431, decode_ce: 0.0814, decode_dice: 0.3157, decode_lovasz: 0.2081, decode_boundary: 0.4258, decode_scale_reg: 0.0011, decode_lambda_bound: 0.3469, decode_boundary_boost: 0.0000, aux.loss_ce: 0.0485, aux.acc_seg: 96.4703, loss: 0.5916
2026-05-11 20:38:55,169 - mmseg - INFO - Iter [5950/40000]	lr: 7.725e-05, eta: 8:24:06, time: 0.894, data_time: 0.008, memory: 22512, loss_decode: 0.4960, decode_ce: 0.0704, decode_dice: 0.2744, decode_lovasz: 0.1929, decode_boundary: 0.4127, decode_scale_reg: 0.0013, decode_lambda_bound: 0.3481, decode_boundary_boost: 0.0000, aux.loss_ce: 0.0431, aux.acc_seg: 96.9525, loss: 0.5392
2026-05-11 20:39:39,815 - mmseg - INFO - Exp name: uper_cosnet_specwaste_40k.py
2026-05-11 20:39:39,816 - mmseg - INFO - Iter [6000/40000]	lr: 7.714e-05, eta: 8:23:23, time: 0.893, data_time: 0.008, memory: 22512, loss_decode: 0.4775, decode_ce: 0.0670, decode_dice: 0.2588, decode_lovasz: 0.1872, decode_boundary: 0.4026, decode_scale_reg: 0.0008, decode_lambda_bound: 0.3494, decode_boundary_boost: 0.0000, aux.loss_ce: 0.0387, aux.acc_seg: 97.2978, loss: 0.5162
2026-05-11 20:40:24,488 - mmseg - INFO - Iter [6050/40000]	lr: 7.703e-05, eta: 8:22:40, time: 0.893, data_time: 0.008, memory: 22512, loss_decode: 0.4947, decode_ce: 0.0822, decode_dice: 0.2388, decode_lovasz: 0.1956, decode_boundary: 0.4174, decode_scale_reg: 0.0010, decode_lambda_bound: 0.3506, decode_boundary_boost: 0.0000, aux.loss_ce: 0.0453, aux.acc_seg: 96.8087, loss: 0.5400
2026-05-11 20:41:09,178 - mmseg - INFO - Iter [6100/40000]	lr: 7.693e-05, eta: 8:21:57, time: 0.894, data_time: 0.008, memory: 22512, loss_decode: 0.4792, decode_ce: 0.0764, decode_dice: 0.2248, decode_lovasz: 0.1937, decode_boundary: 0.4123, decode_scale_reg: 0.0009, decode_lambda_bound: 0.3519, decode_boundary_boost: 0.0000, aux.loss_ce: 0.0440, aux.acc_seg: 96.8259, loss: 0.5231
2026-05-11 20:41:53,880 - mmseg - INFO - Iter [6150/40000]	lr: 7.682e-05, eta: 8:21:14, time: 0.894, data_time: 0.008, memory: 22512, loss_decode: 0.4992, decode_ce: 0.0750, decode_dice: 0.2514, decode_lovasz: 0.2029, decode_boundary: 0.4144, decode_scale_reg: 0.0010, decode_lambda_bound: 0.3531, decode_boundary_boost: 0.0000, aux.loss_ce: 0.0422, aux.acc_seg: 96.9449, loss: 0.5414
2026-05-11 20:42:38,617 - mmseg - INFO - Iter [6200/40000]	lr: 7.671e-05, eta: 8:20:31, time: 0.895, data_time: 0.008, memory: 22512, loss_decode: 0.4835, decode_ce: 0.0810, decode_dice: 0.2140, decode_lovasz: 0.1968, decode_boundary: 0.4175, decode_scale_reg: 0.0009, decode_lambda_bound: 0.3544, decode_boundary_boost: 0.0000, aux.loss_ce: 0.0477, aux.acc_seg: 96.6817, loss: 0.5312
2026-05-11 20:43:23,300 - mmseg - INFO - Iter [6250/40000]	lr: 7.660e-05, eta: 8:19:48, time: 0.894, data_time: 0.008, memory: 22512, loss_decode: 0.4894, decode_ce: 0.0891, decode_dice: 0.2093, decode_lovasz: 0.1937, decode_boundary: 0.4230, decode_scale_reg: 0.0014, decode_lambda_bound: 0.3556, decode_boundary_boost: 0.0000, aux.loss_ce: 0.0490, aux.acc_seg: 96.5289, loss: 0.5384
2026-05-11 20:44:08,006 - mmseg - INFO - Iter [6300/40000]	lr: 7.649e-05, eta: 8:19:06, time: 0.894, data_time: 0.008, memory: 22512, loss_decode: 0.4707, decode_ce: 0.0756, decode_dice: 0.2123, decode_lovasz: 0.1864, decode_boundary: 0.4179, decode_scale_reg: 0.0014, decode_lambda_bound: 0.3569, decode_boundary_boost: 0.0000, aux.loss_ce: 0.0456, aux.acc_seg: 96.7903, loss: 0.5163
2026-05-11 20:44:52,734 - mmseg - INFO - Iter [6350/40000]	lr: 7.639e-05, eta: 8:18:23, time: 0.895, data_time: 0.008, memory: 22512, loss_decode: 0.4274, decode_ce: 0.0680, decode_dice: 0.1586, decode_lovasz: 0.1696, decode_boundary: 0.4271, decode_scale_reg: 0.0012, decode_lambda_bound: 0.3581, decode_boundary_boost: 0.0000, aux.loss_ce: 0.0427, aux.acc_seg: 96.8595, loss: 0.4701
2026-05-11 20:45:37,460 - mmseg - INFO - Iter [6400/40000]	lr: 7.628e-05, eta: 8:17:40, time: 0.895, data_time: 0.009, memory: 22512, loss_decode: 0.4480, decode_ce: 0.0742, decode_dice: 0.1696, decode_lovasz: 0.1812, decode_boundary: 0.4260, decode_scale_reg: 0.0020, decode_lambda_bound: 0.3594, decode_boundary_boost: 0.0000, aux.loss_ce: 0.0429, aux.acc_seg: 96.9223, loss: 0.4908
2026-05-11 20:46:24,376 - mmseg - INFO - Iter [6450/40000]	lr: 7.617e-05, eta: 8:17:08, time: 0.938, data_time: 0.055, memory: 22512, loss_decode: 0.4568, decode_ce: 0.0713, decode_dice: 0.1756, decode_lovasz: 0.1880, decode_boundary: 0.4231, decode_scale_reg: 0.0020, decode_lambda_bound: 0.3704, decode_boundary_boost: 0.0100, aux.loss_ce: 0.0440, aux.acc_seg: 96.8548, loss: 0.5008
2026-05-11 20:47:09,148 - mmseg - INFO - Iter [6500/40000]	lr: 7.606e-05, eta: 8:16:25, time: 0.895, data_time: 0.008, memory: 22512, loss_decode: 0.4720, decode_ce: 0.0758, decode_dice: 0.1826, decode_lovasz: 0.1978, decode_boundary: 0.4207, decode_scale_reg: 0.0025, decode_lambda_bound: 0.3719, decode_boundary_boost: 0.0100, aux.loss_ce: 0.0440, aux.acc_seg: 96.8263, loss: 0.5160
2026-05-11 20:47:54,020 - mmseg - INFO - Iter [6550/40000]	lr: 7.596e-05, eta: 8:15:43, time: 0.897, data_time: 0.008, memory: 22512, loss_decode: 0.4844, decode_ce: 0.0703, decode_dice: 0.2131, decode_lovasz: 0.2074, decode_boundary: 0.4071, decode_scale_reg: 0.0012, decode_lambda_bound: 0.3731, decode_boundary_boost: 0.0100, aux.loss_ce: 0.0415, aux.acc_seg: 96.9874, loss: 0.5259
2026-05-11 20:48:38,760 - mmseg - INFO - Iter [6600/40000]	lr: 7.585e-05, eta: 8:15:00, time: 0.895, data_time: 0.008, memory: 22512, loss_decode: 0.4526, decode_ce: 0.0710, decode_dice: 0.1882, decode_lovasz: 0.1769, decode_boundary: 0.4135, decode_scale_reg: 0.0012, decode_lambda_bound: 0.3744, decode_boundary_boost: 0.0100, aux.loss_ce: 0.0414, aux.acc_seg: 97.0618, loss: 0.4940
2026-05-11 20:49:23,538 - mmseg - INFO - Iter [6650/40000]	lr: 7.574e-05, eta: 8:14:17, time: 0.896, data_time: 0.008, memory: 22512, loss_decode: 0.4672, decode_ce: 0.0690, decode_dice: 0.1979, decode_lovasz: 0.1908, decode_boundary: 0.4158, decode_scale_reg: 0.0010, decode_lambda_bound: 0.3756, decode_boundary_boost: 0.0100, aux.loss_ce: 0.0434, aux.acc_seg: 96.8862, loss: 0.5106
2026-05-11 20:50:08,276 - mmseg - INFO - Iter [6700/40000]	lr: 7.563e-05, eta: 8:13:34, time: 0.895, data_time: 0.008, memory: 22512, loss_decode: 0.4653, decode_ce: 0.0849, decode_dice: 0.1643, decode_lovasz: 0.1871, decode_boundary: 0.4188, decode_scale_reg: 0.0014, decode_lambda_bound: 0.3769, decode_boundary_boost: 0.0100, aux.loss_ce: 0.0479, aux.acc_seg: 96.4398, loss: 0.5131
2026-05-11 20:50:53,074 - mmseg - INFO - Iter [6750/40000]	lr: 7.553e-05, eta: 8:12:51, time: 0.896, data_time: 0.008, memory: 22512, loss_decode: 0.4437, decode_ce: 0.0639, decode_dice: 0.1738, decode_lovasz: 0.1860, decode_boundary: 0.4058, decode_scale_reg: 0.0011, decode_lambda_bound: 0.3781, decode_boundary_boost: 0.0100, aux.loss_ce: 0.0402, aux.acc_seg: 97.1536, loss: 0.4839
2026-05-11 20:51:37,849 - mmseg - INFO - Iter [6800/40000]	lr: 7.542e-05, eta: 8:12:08, time: 0.895, data_time: 0.008, memory: 22512, loss_decode: 0.4684, decode_ce: 0.0766, decode_dice: 0.1987, decode_lovasz: 0.1826, decode_boundary: 0.4099, decode_scale_reg: 0.0015, decode_lambda_bound: 0.3794, decode_boundary_boost: 0.0100, aux.loss_ce: 0.0437, aux.acc_seg: 96.9487, loss: 0.5121
2026-05-11 20:52:22,625 - mmseg - INFO - Iter [6850/40000]	lr: 7.531e-05, eta: 8:11:25, time: 0.896, data_time: 0.009, memory: 22512, loss_decode: 0.4689, decode_ce: 0.0783, decode_dice: 0.2018, decode_lovasz: 0.1803, decode_boundary: 0.4110, decode_scale_reg: 0.0019, decode_lambda_bound: 0.3757, decode_boundary_boost: 0.0050, aux.loss_ce: 0.0442, aux.acc_seg: 96.7926, loss: 0.5131
2026-05-11 20:53:07,340 - mmseg - INFO - Iter [6900/40000]	lr: 7.520e-05, eta: 8:10:42, time: 0.894, data_time: 0.008, memory: 22512, loss_decode: 0.4831, decode_ce: 0.0757, decode_dice: 0.2321, decode_lovasz: 0.1879, decode_boundary: 0.3989, decode_scale_reg: 0.0020, decode_lambda_bound: 0.3769, decode_boundary_boost: 0.0050, aux.loss_ce: 0.0462, aux.acc_seg: 96.6851, loss: 0.5293
2026-05-11 20:53:52,064 - mmseg - INFO - Iter [6950/40000]	lr: 7.509e-05, eta: 8:09:59, time: 0.894, data_time: 0.008, memory: 22512, loss_decode: 0.6090, decode_ce: 0.1426, decode_dice: 0.2565, decode_lovasz: 0.2473, decode_boundary: 0.4035, decode_scale_reg: 0.0029, decode_lambda_bound: 0.3781, decode_boundary_boost: 0.0050, aux.loss_ce: 0.0649, aux.acc_seg: 95.4772, loss: 0.6739
2026-05-11 20:54:36,829 - mmseg - INFO - Exp name: uper_cosnet_specwaste_40k.py
2026-05-11 20:54:36,829 - mmseg - INFO - Iter [7000/40000]	lr: 7.499e-05, eta: 8:09:16, time: 0.895, data_time: 0.008, memory: 22512, loss_decode: 0.5462, decode_ce: 0.0973, decode_dice: 0.2611, decode_lovasz: 0.2250, decode_boundary: 0.3943, decode_scale_reg: 0.0010, decode_lambda_bound: 0.3794, decode_boundary_boost: 0.0050, aux.loss_ce: 0.0581, aux.acc_seg: 95.8619, loss: 0.6043
2026-05-11 20:55:21,595 - mmseg - INFO - Iter [7050/40000]	lr: 7.488e-05, eta: 8:08:32, time: 0.895, data_time: 0.008, memory: 22512, loss_decode: 0.5037, decode_ce: 0.0862, decode_dice: 0.2144, decode_lovasz: 0.2143, decode_boundary: 0.3928, decode_scale_reg: 0.0009, decode_lambda_bound: 0.3806, decode_boundary_boost: 0.0050, aux.loss_ce: 0.0528, aux.acc_seg: 96.2904, loss: 0.5565
2026-05-11 20:56:06,427 - mmseg - INFO - Iter [7100/40000]	lr: 7.477e-05, eta: 8:07:50, time: 0.897, data_time: 0.008, memory: 22512, loss_decode: 0.4979, decode_ce: 0.0837, decode_dice: 0.2155, decode_lovasz: 0.2012, decode_boundary: 0.4072, decode_scale_reg: 0.0007, decode_lambda_bound: 0.3819, decode_boundary_boost: 0.0050, aux.loss_ce: 0.0498, aux.acc_seg: 96.3317, loss: 0.5477
2026-05-11 20:56:51,192 - mmseg - INFO - Iter [7150/40000]	lr: 7.466e-05, eta: 8:07:06, time: 0.895, data_time: 0.008, memory: 22512, loss_decode: 0.4783, decode_ce: 0.0724, decode_dice: 0.2198, decode_lovasz: 0.1952, decode_boundary: 0.3907, decode_scale_reg: 0.0009, decode_lambda_bound: 0.3831, decode_boundary_boost: 0.0050, aux.loss_ce: 0.0436, aux.acc_seg: 96.8640, loss: 0.5219
2026-05-11 20:57:36,012 - mmseg - INFO - Iter [7200/40000]	lr: 7.456e-05, eta: 8:06:23, time: 0.896, data_time: 0.008, memory: 22512, loss_decode: 0.4521, decode_ce: 0.0648, decode_dice: 0.1986, decode_lovasz: 0.1870, decode_boundary: 0.3842, decode_scale_reg: 0.0007, decode_lambda_bound: 0.3844, decode_boundary_boost: 0.0050, aux.loss_ce: 0.0408, aux.acc_seg: 97.0360, loss: 0.4928
2026-05-11 20:58:20,753 - mmseg - INFO - Iter [7250/40000]	lr: 7.445e-05, eta: 8:05:40, time: 0.895, data_time: 0.009, memory: 22512, loss_decode: 0.4646, decode_ce: 0.0829, decode_dice: 0.1589, decode_lovasz: 0.1886, decode_boundary: 0.4068, decode_scale_reg: 0.0013, decode_lambda_bound: 0.3954, decode_boundary_boost: 0.0150, aux.loss_ce: 0.0478, aux.acc_seg: 96.4894, loss: 0.5124
2026-05-11 20:59:05,577 - mmseg - INFO - Iter [7300/40000]	lr: 7.434e-05, eta: 8:04:57, time: 0.896, data_time: 0.009, memory: 22512, loss_decode: 0.4600, decode_ce: 0.0729, decode_dice: 0.1823, decode_lovasz: 0.1802, decode_boundary: 0.4052, decode_scale_reg: 0.0011, decode_lambda_bound: 0.3969, decode_boundary_boost: 0.0150, aux.loss_ce: 0.0435, aux.acc_seg: 96.8285, loss: 0.5035
2026-05-11 20:59:50,369 - mmseg - INFO - Iter [7350/40000]	lr: 7.423e-05, eta: 8:04:14, time: 0.896, data_time: 0.009, memory: 22512, loss_decode: 0.4457, decode_ce: 0.0694, decode_dice: 0.1697, decode_lovasz: 0.1729, decode_boundary: 0.4065, decode_scale_reg: 0.0010, decode_lambda_bound: 0.3981, decode_boundary_boost: 0.0150, aux.loss_ce: 0.0435, aux.acc_seg: 96.8900, loss: 0.4893
2026-05-11 21:00:35,217 - mmseg - INFO - Iter [7400/40000]	lr: 7.412e-05, eta: 8:03:31, time: 0.897, data_time: 0.009, memory: 22512, loss_decode: 0.4739, decode_ce: 0.0741, decode_dice: 0.2040, decode_lovasz: 0.1913, decode_boundary: 0.3864, decode_scale_reg: 0.0006, decode_lambda_bound: 0.3994, decode_boundary_boost: 0.0150, aux.loss_ce: 0.0424, aux.acc_seg: 96.9720, loss: 0.5163
2026-05-11 21:01:19,948 - mmseg - INFO - Iter [7450/40000]	lr: 7.402e-05, eta: 8:02:47, time: 0.895, data_time: 0.009, memory: 22512, loss_decode: 0.4656, decode_ce: 0.0711, decode_dice: 0.1952, decode_lovasz: 0.1855, decode_boundary: 0.3938, decode_scale_reg: 0.0011, decode_lambda_bound: 0.4006, decode_boundary_boost: 0.0150, aux.loss_ce: 0.0405, aux.acc_seg: 97.0522, loss: 0.5061
2026-05-11 21:02:04,812 - mmseg - INFO - Iter [7500/40000]	lr: 7.391e-05, eta: 8:02:05, time: 0.897, data_time: 0.009, memory: 22512, loss_decode: 0.4501, decode_ce: 0.0703, decode_dice: 0.1786, decode_lovasz: 0.1758, decode_boundary: 0.3948, decode_scale_reg: 0.0006, decode_lambda_bound: 0.4019, decode_boundary_boost: 0.0150, aux.loss_ce: 0.0409, aux.acc_seg: 97.0260, loss: 0.4910
2026-05-11 21:02:49,625 - mmseg - INFO - Iter [7550/40000]	lr: 7.380e-05, eta: 8:01:21, time: 0.896, data_time: 0.009, memory: 22512, loss_decode: 0.4394, decode_ce: 0.0632, decode_dice: 0.1754, decode_lovasz: 0.1754, decode_boundary: 0.3894, decode_scale_reg: 0.0009, decode_lambda_bound: 0.4031, decode_boundary_boost: 0.0150, aux.loss_ce: 0.0374, aux.acc_seg: 97.3161, loss: 0.4768
2026-05-11 21:03:34,459 - mmseg - INFO - Iter [7600/40000]	lr: 7.369e-05, eta: 8:00:38, time: 0.897, data_time: 0.009, memory: 22512, loss_decode: 0.4284, decode_ce: 0.0586, decode_dice: 0.1835, decode_lovasz: 0.1609, decode_boundary: 0.3891, decode_scale_reg: 0.0006, decode_lambda_bound: 0.4044, decode_boundary_boost: 0.0150, aux.loss_ce: 0.0363, aux.acc_seg: 97.3500, loss: 0.4646
2026-05-11 21:04:19,275 - mmseg - INFO - Iter [7650/40000]	lr: 7.358e-05, eta: 7:59:55, time: 0.896, data_time: 0.008, memory: 22512, loss_decode: 0.4711, decode_ce: 0.0708, decode_dice: 0.2001, decode_lovasz: 0.1893, decode_boundary: 0.3951, decode_scale_reg: 0.0010, decode_lambda_bound: 0.4007, decode_boundary_boost: 0.0100, aux.loss_ce: 0.0415, aux.acc_seg: 96.9801, loss: 0.5126
2026-05-11 21:05:04,020 - mmseg - INFO - Iter [7700/40000]	lr: 7.348e-05, eta: 7:59:12, time: 0.895, data_time: 0.008, memory: 22512, loss_decode: 0.4824, decode_ce: 0.0866, decode_dice: 0.1702, decode_lovasz: 0.1970, decode_boundary: 0.4055, decode_scale_reg: 0.0011, decode_lambda_bound: 0.4019, decode_boundary_boost: 0.0100, aux.loss_ce: 0.0491, aux.acc_seg: 96.4633, loss: 0.5316
2026-05-11 21:05:48,826 - mmseg - INFO - Iter [7750/40000]	lr: 7.337e-05, eta: 7:58:28, time: 0.896, data_time: 0.009, memory: 22512, loss_decode: 0.4626, decode_ce: 0.0715, decode_dice: 0.1798, decode_lovasz: 0.1837, decode_boundary: 0.4054, decode_scale_reg: 0.0009, decode_lambda_bound: 0.4031, decode_boundary_boost: 0.0100, aux.loss_ce: 0.0446, aux.acc_seg: 96.8012, loss: 0.5072
2026-05-11 21:06:33,683 - mmseg - INFO - Iter [7800/40000]	lr: 7.326e-05, eta: 7:57:45, time: 0.897, data_time: 0.008, memory: 22512, loss_decode: 0.4984, decode_ce: 0.0842, decode_dice: 0.1923, decode_lovasz: 0.2072, decode_boundary: 0.4024, decode_scale_reg: 0.0008, decode_lambda_bound: 0.4044, decode_boundary_boost: 0.0100, aux.loss_ce: 0.0484, aux.acc_seg: 96.4817, loss: 0.5468
2026-05-11 21:07:18,467 - mmseg - INFO - Iter [7850/40000]	lr: 7.315e-05, eta: 7:57:02, time: 0.896, data_time: 0.008, memory: 22512, loss_decode: 0.5017, decode_ce: 0.0839, decode_dice: 0.2031, decode_lovasz: 0.2010, decode_boundary: 0.4079, decode_scale_reg: 0.0017, decode_lambda_bound: 0.4056, decode_boundary_boost: 0.0100, aux.loss_ce: 0.0511, aux.acc_seg: 96.4962, loss: 0.5528
2026-05-11 21:08:03,265 - mmseg - INFO - Iter [7900/40000]	lr: 7.304e-05, eta: 7:56:19, time: 0.896, data_time: 0.008, memory: 22512, loss_decode: 0.4590, decode_ce: 0.0759, decode_dice: 0.1829, decode_lovasz: 0.1779, decode_boundary: 0.3886, decode_scale_reg: 0.0022, decode_lambda_bound: 0.4069, decode_boundary_boost: 0.0100, aux.loss_ce: 0.0432, aux.acc_seg: 96.9126, loss: 0.5022
2026-05-11 21:08:48,046 - mmseg - INFO - Iter [7950/40000]	lr: 7.294e-05, eta: 7:55:35, time: 0.896, data_time: 0.009, memory: 22512, loss_decode: 0.4718, decode_ce: 0.0729, decode_dice: 0.1871, decode_lovasz: 0.1861, decode_boundary: 0.4062, decode_scale_reg: 0.0010, decode_lambda_bound: 0.4081, decode_boundary_boost: 0.0100, aux.loss_ce: 0.0451, aux.acc_seg: 96.7508, loss: 0.5169
2026-05-11 21:09:32,924 - mmseg - INFO - Saving checkpoint at 8000 iterations
2026-05-11 21:09:33,781 - mmseg - INFO - Exp name: uper_cosnet_specwaste_40k.py
2026-05-11 21:09:33,782 - mmseg - INFO - Iter [8000/40000]	lr: 7.283e-05, eta: 7:54:55, time: 0.915, data_time: 0.008, memory: 22512, loss_decode: 0.4750, decode_ce: 0.0922, decode_dice: 0.1659, decode_lovasz: 0.1779, decode_boundary: 0.4066, decode_scale_reg: 0.0005, decode_lambda_bound: 0.4094, decode_boundary_boost: 0.0100, aux.loss_ce: 0.0479, aux.acc_seg: 96.5648, loss: 0.5229
2026-05-11 21:09:42,829 - mmseg - INFO - per class results:
2026-05-11 21:09:42,829 - mmseg - INFO - 
+------------+-------+-------+
|   Class    |  IoU  |  Acc  |
+------------+-------+-------+
| background | 93.13 | 97.65 |
|    film    |  72.9 | 78.69 |
|   basket   |  84.0 | 88.29 |
| cardboard  | 76.67 | 85.47 |
| video_tape | 41.35 | 48.52 |
|  filament  | 66.09 | 72.82 |
|    bag     | 68.36 | 78.61 |
+------------+-------+-------+
2026-05-11 21:09:42,829 - mmseg - INFO - Summary:
2026-05-11 21:09:42,830 - mmseg - INFO - 
+-------+-------+-------+
|  aAcc |  mIoU |  mAcc |
+-------+-------+-------+
| 93.97 | 71.79 | 78.58 |
+-------+-------+-------+
2026-05-11 21:09:42,830 - mmseg - INFO - Exp name: uper_cosnet_specwaste_40k.py
2026-05-11 21:09:42,830 - mmseg - INFO - Iter(val) [171]	aAcc: 0.9397, mIoU: 0.7179, mAcc: 0.7858, IoU.background: 0.9313, IoU.film: 0.7290, IoU.basket: 0.8400, IoU.cardboard: 0.7667, IoU.video_tape: 0.4135, IoU.filament: 0.6609, IoU.bag: 0.6836, Acc.background: 0.9765, Acc.film: 0.7869, Acc.basket: 0.8829, Acc.cardboard: 0.8547, Acc.video_tape: 0.4852, Acc.filament: 0.7282, Acc.bag: 0.7861
2026-05-11 21:10:27,494 - mmseg - INFO - Iter [8050/40000]	lr: 7.272e-05, eta: 7:54:47, time: 1.074, data_time: 0.189, memory: 22512, loss_decode: 0.4508, decode_ce: 0.0680, decode_dice: 0.1679, decode_lovasz: 0.1768, decode_boundary: 0.3956, decode_scale_reg: 0.0011, decode_lambda_bound: 0.4204, decode_boundary_boost: 0.0200, aux.loss_ce: 0.0409, aux.acc_seg: 96.9912, loss: 0.4918
2026-05-11 21:11:12,421 - mmseg - INFO - Iter [8100/40000]	lr: 7.261e-05, eta: 7:54:04, time: 0.899, data_time: 0.008, memory: 22512, loss_decode: 0.4689, decode_ce: 0.0770, decode_dice: 0.1666, decode_lovasz: 0.1817, decode_boundary: 0.4085, decode_scale_reg: 0.0007, decode_lambda_bound: 0.4219, decode_boundary_boost: 0.0200, aux.loss_ce: 0.0461, aux.acc_seg: 96.5990, loss: 0.5150
2026-05-11 21:11:57,298 - mmseg - INFO - Iter [8150/40000]	lr: 7.251e-05, eta: 7:53:21, time: 0.898, data_time: 0.008, memory: 22512, loss_decode: 0.4411, decode_ce: 0.0712, decode_dice: 0.1550, decode_lovasz: 0.1683, decode_boundary: 0.3926, decode_scale_reg: 0.0005, decode_lambda_bound: 0.4231, decode_boundary_boost: 0.0200, aux.loss_ce: 0.0416, aux.acc_seg: 96.9957, loss: 0.4826
2026-05-11 21:12:42,178 - mmseg - INFO - Iter [8200/40000]	lr: 7.240e-05, eta: 7:52:37, time: 0.898, data_time: 0.008, memory: 22512, loss_decode: 0.4826, decode_ce: 0.0817, decode_dice: 0.1787, decode_lovasz: 0.1874, decode_boundary: 0.4029, decode_scale_reg: 0.0009, decode_lambda_bound: 0.4244, decode_boundary_boost: 0.0200, aux.loss_ce: 0.0471, aux.acc_seg: 96.6581, loss: 0.5297
2026-05-11 21:13:27,074 - mmseg - INFO - Iter [8250/40000]	lr: 7.229e-05, eta: 7:51:54, time: 0.898, data_time: 0.008, memory: 22512, loss_decode: 0.4524, decode_ce: 0.0631, decode_dice: 0.1690, decode_lovasz: 0.1829, decode_boundary: 0.3938, decode_scale_reg: 0.0006, decode_lambda_bound: 0.4256, decode_boundary_boost: 0.0200, aux.loss_ce: 0.0392, aux.acc_seg: 97.1262, loss: 0.4915
2026-05-11 21:14:11,995 - mmseg - INFO - Iter [8300/40000]	lr: 7.218e-05, eta: 7:51:11, time: 0.898, data_time: 0.008, memory: 22512, loss_decode: 0.4694, decode_ce: 0.0694, decode_dice: 0.1895, decode_lovasz: 0.1842, decode_boundary: 0.3915, decode_scale_reg: 0.0008, decode_lambda_bound: 0.4269, decode_boundary_boost: 0.0200, aux.loss_ce: 0.0411, aux.acc_seg: 97.0474, loss: 0.5105
2026-05-11 21:14:56,839 - mmseg - INFO - Iter [8350/40000]	lr: 7.207e-05, eta: 7:50:27, time: 0.897, data_time: 0.008, memory: 22512, loss_decode: 0.4381, decode_ce: 0.0672, decode_dice: 0.1751, decode_lovasz: 0.1572, decode_boundary: 0.3864, decode_scale_reg: 0.0007, decode_lambda_bound: 0.4281, decode_boundary_boost: 0.0200, aux.loss_ce: 0.0402, aux.acc_seg: 97.0926, loss: 0.4783
2026-05-11 21:15:41,717 - mmseg - INFO - Iter [8400/40000]	lr: 7.197e-05, eta: 7:49:43, time: 0.898, data_time: 0.009, memory: 22512, loss_decode: 0.4331, decode_ce: 0.0675, decode_dice: 0.1519, decode_lovasz: 0.1582, decode_boundary: 0.3984, decode_scale_reg: 0.0004, decode_lambda_bound: 0.4294, decode_boundary_boost: 0.0200, aux.loss_ce: 0.0412, aux.acc_seg: 96.9307, loss: 0.4743
2026-05-11 21:16:26,610 - mmseg - INFO - Iter [8450/40000]	lr: 7.186e-05, eta: 7:49:00, time: 0.898, data_time: 0.008, memory: 22512, loss_decode: 0.4380, decode_ce: 0.0646, decode_dice: 0.1686, decode_lovasz: 0.1725, decode_boundary: 0.3754, decode_scale_reg: 0.0006, decode_lambda_bound: 0.4257, decode_boundary_boost: 0.0150, aux.loss_ce: 0.0382, aux.acc_seg: 97.2508, loss: 0.4762
2026-05-11 21:17:11,435 - mmseg - INFO - Iter [8500/40000]	lr: 7.175e-05, eta: 7:48:16, time: 0.896, data_time: 0.008, memory: 22512, loss_decode: 0.4327, decode_ce: 0.0638, decode_dice: 0.1570, decode_lovasz: 0.1661, decode_boundary: 0.3884, decode_scale_reg: 0.0007, decode_lambda_bound: 0.4269, decode_boundary_boost: 0.0150, aux.loss_ce: 0.0395, aux.acc_seg: 97.1035, loss: 0.4723
2026-05-11 21:17:56,289 - mmseg - INFO - Iter [8550/40000]	lr: 7.164e-05, eta: 7:47:32, time: 0.897, data_time: 0.008, memory: 22512, loss_decode: 0.4272, decode_ce: 0.0602, decode_dice: 0.1583, decode_lovasz: 0.1620, decode_boundary: 0.3886, decode_scale_reg: 0.0005, decode_lambda_bound: 0.4281, decode_boundary_boost: 0.0150, aux.loss_ce: 0.0358, aux.acc_seg: 97.3486, loss: 0.4630
2026-05-11 21:18:41,129 - mmseg - INFO - Iter [8600/40000]	lr: 7.153e-05, eta: 7:46:49, time: 0.897, data_time: 0.008, memory: 22512, loss_decode: 0.4622, decode_ce: 0.0685, decode_dice: 0.1887, decode_lovasz: 0.1839, decode_boundary: 0.3759, decode_scale_reg: 0.0007, decode_lambda_bound: 0.4294, decode_boundary_boost: 0.0150, aux.loss_ce: 0.0407, aux.acc_seg: 97.0936, loss: 0.5029
2026-05-11 21:19:25,956 - mmseg - INFO - Iter [8650/40000]	lr: 7.142e-05, eta: 7:46:05, time: 0.897, data_time: 0.008, memory: 22512, loss_decode: 0.4325, decode_ce: 0.0596, decode_dice: 0.1533, decode_lovasz: 0.1696, decode_boundary: 0.3925, decode_scale_reg: 0.0007, decode_lambda_bound: 0.4306, decode_boundary_boost: 0.0150, aux.loss_ce: 0.0385, aux.acc_seg: 97.1319, loss: 0.4710
2026-05-11 21:20:10,796 - mmseg - INFO - Iter [8700/40000]	lr: 7.132e-05, eta: 7:45:21, time: 0.897, data_time: 0.008, memory: 22512, loss_decode: 0.4316, decode_ce: 0.0641, decode_dice: 0.1696, decode_lovasz: 0.1567, decode_boundary: 0.3823, decode_scale_reg: 0.0010, decode_lambda_bound: 0.4319, decode_boundary_boost: 0.0150, aux.loss_ce: 0.0367, aux.acc_seg: 97.3320, loss: 0.4683
2026-05-11 21:20:55,685 - mmseg - INFO - Iter [8750/40000]	lr: 7.121e-05, eta: 7:44:38, time: 0.898, data_time: 0.008, memory: 22512, loss_decode: 0.4187, decode_ce: 0.0588, decode_dice: 0.1423, decode_lovasz: 0.1568, decode_boundary: 0.3952, decode_scale_reg: 0.0006, decode_lambda_bound: 0.4331, decode_boundary_boost: 0.0150, aux.loss_ce: 0.0368, aux.acc_seg: 97.2055, loss: 0.4555
2026-05-11 21:21:40,516 - mmseg - INFO - Iter [8800/40000]	lr: 7.110e-05, eta: 7:43:54, time: 0.897, data_time: 0.008, memory: 22512, loss_decode: 0.4393, decode_ce: 0.0683, decode_dice: 0.1686, decode_lovasz: 0.1608, decode_boundary: 0.3822, decode_scale_reg: 0.0006, decode_lambda_bound: 0.4344, decode_boundary_boost: 0.0150, aux.loss_ce: 0.0399, aux.acc_seg: 97.0743, loss: 0.4791
2026-05-11 21:22:25,378 - mmseg - INFO - Iter [8850/40000]	lr: 7.099e-05, eta: 7:43:10, time: 0.897, data_time: 0.008, memory: 22512, loss_decode: 0.4526, decode_ce: 0.0671, decode_dice: 0.1729, decode_lovasz: 0.1663, decode_boundary: 0.4047, decode_scale_reg: 0.0012, decode_lambda_bound: 0.4307, decode_boundary_boost: 0.0100, aux.loss_ce: 0.0384, aux.acc_seg: 97.1152, loss: 0.4910
2026-05-11 21:23:10,277 - mmseg - INFO - Iter [8900/40000]	lr: 7.088e-05, eta: 7:42:27, time: 0.898, data_time: 0.008, memory: 22512, loss_decode: 0.4617, decode_ce: 0.0652, decode_dice: 0.1871, decode_lovasz: 0.1790, decode_boundary: 0.3907, decode_scale_reg: 0.0012, decode_lambda_bound: 0.4319, decode_boundary_boost: 0.0100, aux.loss_ce: 0.0374, aux.acc_seg: 97.2517, loss: 0.4992
2026-05-11 21:23:55,160 - mmseg - INFO - Iter [8950/40000]	lr: 7.078e-05, eta: 7:41:43, time: 0.898, data_time: 0.009, memory: 22512, loss_decode: 0.4593, decode_ce: 0.0663, decode_dice: 0.1854, decode_lovasz: 0.1746, decode_boundary: 0.3908, decode_scale_reg: 0.0011, decode_lambda_bound: 0.4331, decode_boundary_boost: 0.0100, aux.loss_ce: 0.0378, aux.acc_seg: 97.2267, loss: 0.4971
2026-05-11 21:24:40,019 - mmseg - INFO - Exp name: uper_cosnet_specwaste_40k.py
2026-05-11 21:24:40,019 - mmseg - INFO - Iter [9000/40000]	lr: 7.067e-05, eta: 7:40:59, time: 0.897, data_time: 0.008, memory: 22512, loss_decode: 0.4383, decode_ce: 0.0595, decode_dice: 0.1729, decode_lovasz: 0.1671, decode_boundary: 0.3843, decode_scale_reg: 0.0014, decode_lambda_bound: 0.4344, decode_boundary_boost: 0.0100, aux.loss_ce: 0.0371, aux.acc_seg: 97.2768, loss: 0.4753
2026-05-11 21:25:24,876 - mmseg - INFO - Iter [9050/40000]	lr: 7.056e-05, eta: 7:40:15, time: 0.897, data_time: 0.009, memory: 22512, loss_decode: 0.4773, decode_ce: 0.0722, decode_dice: 0.1754, decode_lovasz: 0.1909, decode_boundary: 0.3998, decode_scale_reg: 0.0018, decode_lambda_bound: 0.4356, decode_boundary_boost: 0.0100, aux.loss_ce: 0.0425, aux.acc_seg: 96.8772, loss: 0.5198
2026-05-11 21:26:09,756 - mmseg - INFO - Iter [9100/40000]	lr: 7.045e-05, eta: 7:39:32, time: 0.898, data_time: 0.009, memory: 22512, loss_decode: 0.4582, decode_ce: 0.0716, decode_dice: 0.1692, decode_lovasz: 0.1766, decode_boundary: 0.3880, decode_scale_reg: 0.0009, decode_lambda_bound: 0.4369, decode_boundary_boost: 0.0100, aux.loss_ce: 0.0428, aux.acc_seg: 96.9098, loss: 0.5010
2026-05-11 21:26:54,655 - mmseg - INFO - Iter [9150/40000]	lr: 7.034e-05, eta: 7:38:48, time: 0.898, data_time: 0.008, memory: 22512, loss_decode: 0.4288, decode_ce: 0.0584, decode_dice: 0.1751, decode_lovasz: 0.1576, decode_boundary: 0.3756, decode_scale_reg: 0.0009, decode_lambda_bound: 0.4381, decode_boundary_boost: 0.0100, aux.loss_ce: 0.0393, aux.acc_seg: 97.1644, loss: 0.4681
2026-05-11 21:27:39,534 - mmseg - INFO - Iter [9200/40000]	lr: 7.024e-05, eta: 7:38:04, time: 0.898, data_time: 0.008, memory: 22512, loss_decode: 0.4809, decode_ce: 0.0753, decode_dice: 0.1738, decode_lovasz: 0.1955, decode_boundary: 0.3917, decode_scale_reg: 0.0006, decode_lambda_bound: 0.4394, decode_boundary_boost: 0.0100, aux.loss_ce: 0.0450, aux.acc_seg: 96.7311, loss: 0.5259
2026-05-11 21:28:24,489 - mmseg - INFO - Iter [9250/40000]	lr: 7.013e-05, eta: 7:37:21, time: 0.899, data_time: 0.009, memory: 22512, loss_decode: 0.4385, decode_ce: 0.0616, decode_dice: 0.1666, decode_lovasz: 0.1611, decode_boundary: 0.3835, decode_scale_reg: 0.0009, decode_lambda_bound: 0.4504, decode_boundary_boost: 0.0200, aux.loss_ce: 0.0387, aux.acc_seg: 97.1547, loss: 0.4771
2026-05-11 21:29:09,374 - mmseg - INFO - Iter [9300/40000]	lr: 7.002e-05, eta: 7:36:37, time: 0.898, data_time: 0.009, memory: 22512, loss_decode: 0.4853, decode_ce: 0.0719, decode_dice: 0.1822, decode_lovasz: 0.1960, decode_boundary: 0.3879, decode_scale_reg: 0.0007, decode_lambda_bound: 0.4519, decode_boundary_boost: 0.0200, aux.loss_ce: 0.0432, aux.acc_seg: 96.9139, loss: 0.5285
2026-05-11 21:29:54,287 - mmseg - INFO - Iter [9350/40000]	lr: 6.991e-05, eta: 7:35:53, time: 0.898, data_time: 0.009, memory: 22512, loss_decode: 0.5620, decode_ce: 0.1034, decode_dice: 0.2148, decode_lovasz: 0.2325, decode_boundary: 0.3902, decode_scale_reg: 0.0013, decode_lambda_bound: 0.4531, decode_boundary_boost: 0.0200, aux.loss_ce: 0.0547, aux.acc_seg: 96.2359, loss: 0.6168
2026-05-11 21:30:39,223 - mmseg - INFO - Iter [9400/40000]	lr: 6.980e-05, eta: 7:35:10, time: 0.899, data_time: 0.008, memory: 22512, loss_decode: 0.4530, decode_ce: 0.0640, decode_dice: 0.1726, decode_lovasz: 0.1802, decode_boundary: 0.3687, decode_scale_reg: 0.0004, decode_lambda_bound: 0.4544, decode_boundary_boost: 0.0200, aux.loss_ce: 0.0383, aux.acc_seg: 97.2169, loss: 0.4914
2026-05-11 21:31:24,134 - mmseg - INFO - Iter [9450/40000]	lr: 6.969e-05, eta: 7:34:26, time: 0.898, data_time: 0.008, memory: 22512, loss_decode: 0.4929, decode_ce: 0.0747, decode_dice: 0.1952, decode_lovasz: 0.1932, decode_boundary: 0.3855, decode_scale_reg: 0.0008, decode_lambda_bound: 0.4556, decode_boundary_boost: 0.0200, aux.loss_ce: 0.0436, aux.acc_seg: 96.8823, loss: 0.5365
2026-05-11 21:32:09,013 - mmseg - INFO - Iter [9500/40000]	lr: 6.959e-05, eta: 7:33:42, time: 0.898, data_time: 0.009, memory: 22512, loss_decode: 0.4833, decode_ce: 0.0705, decode_dice: 0.1785, decode_lovasz: 0.1922, decode_boundary: 0.3925, decode_scale_reg: 0.0009, decode_lambda_bound: 0.4569, decode_boundary_boost: 0.0200, aux.loss_ce: 0.0433, aux.acc_seg: 96.7757, loss: 0.5265
2026-05-11 21:32:53,874 - mmseg - INFO - Iter [9550/40000]	lr: 6.948e-05, eta: 7:32:58, time: 0.897, data_time: 0.009, memory: 22512, loss_decode: 0.4476, decode_ce: 0.0630, decode_dice: 0.1630, decode_lovasz: 0.1695, decode_boundary: 0.3842, decode_scale_reg: 0.0008, decode_lambda_bound: 0.4581, decode_boundary_boost: 0.0200, aux.loss_ce: 0.0394, aux.acc_seg: 97.1135, loss: 0.4870
2026-05-11 21:33:38,812 - mmseg - INFO - Iter [9600/40000]	lr: 6.937e-05, eta: 7:32:15, time: 0.899, data_time: 0.008, memory: 22512, loss_decode: 0.4631, decode_ce: 0.0679, decode_dice: 0.1720, decode_lovasz: 0.1750, decode_boundary: 0.3873, decode_scale_reg: 0.0010, decode_lambda_bound: 0.4594, decode_boundary_boost: 0.0200, aux.loss_ce: 0.0410, aux.acc_seg: 97.0711, loss: 0.5041
2026-05-11 21:34:25,916 - mmseg - INFO - Iter [9650/40000]	lr: 6.926e-05, eta: 7:31:38, time: 0.942, data_time: 0.054, memory: 22512, loss_decode: 0.4541, decode_ce: 0.0664, decode_dice: 0.1570, decode_lovasz: 0.1602, decode_boundary: 0.4020, decode_scale_reg: 0.0008, decode_lambda_bound: 0.4704, decode_boundary_boost: 0.0300, aux.loss_ce: 0.0414, aux.acc_seg: 96.9431, loss: 0.4955
2026-05-11 21:35:10,834 - mmseg - INFO - Iter [9700/40000]	lr: 6.915e-05, eta: 7:30:54, time: 0.898, data_time: 0.008, memory: 22512, loss_decode: 0.4558, decode_ce: 0.0601, decode_dice: 0.1738, decode_lovasz: 0.1671, decode_boundary: 0.3886, decode_scale_reg: 0.0010, decode_lambda_bound: 0.4719, decode_boundary_boost: 0.0300, aux.loss_ce: 0.0380, aux.acc_seg: 97.2064, loss: 0.4938
2026-05-11 21:35:55,869 - mmseg - INFO - Iter [9750/40000]	lr: 6.905e-05, eta: 7:30:11, time: 0.901, data_time: 0.008, memory: 22512, loss_decode: 0.4481, decode_ce: 0.0599, decode_dice: 0.1628, decode_lovasz: 0.1725, decode_boundary: 0.3750, decode_scale_reg: 0.0011, decode_lambda_bound: 0.4731, decode_boundary_boost: 0.0300, aux.loss_ce: 0.0348, aux.acc_seg: 97.4556, loss: 0.4830
2026-05-11 21:36:40,818 - mmseg - INFO - Iter [9800/40000]	lr: 6.894e-05, eta: 7:29:27, time: 0.899, data_time: 0.008, memory: 22512, loss_decode: 0.4752, decode_ce: 0.0749, decode_dice: 0.1567, decode_lovasz: 0.1799, decode_boundary: 0.3941, decode_scale_reg: 0.0008, decode_lambda_bound: 0.4744, decode_boundary_boost: 0.0300, aux.loss_ce: 0.0469, aux.acc_seg: 96.6723, loss: 0.5221
2026-05-11 21:37:25,701 - mmseg - INFO - Iter [9850/40000]	lr: 6.883e-05, eta: 7:28:43, time: 0.898, data_time: 0.008, memory: 22512, loss_decode: 0.4568, decode_ce: 0.0666, decode_dice: 0.1582, decode_lovasz: 0.1686, decode_boundary: 0.3882, decode_scale_reg: 0.0008, decode_lambda_bound: 0.4756, decode_boundary_boost: 0.0300, aux.loss_ce: 0.0411, aux.acc_seg: 96.9766, loss: 0.4980
2026-05-11 21:38:10,656 - mmseg - INFO - Iter [9900/40000]	lr: 6.872e-05, eta: 7:27:59, time: 0.899, data_time: 0.008, memory: 22512, loss_decode: 0.4348, decode_ce: 0.0620, decode_dice: 0.1556, decode_lovasz: 0.1557, decode_boundary: 0.3738, decode_scale_reg: 0.0007, decode_lambda_bound: 0.4769, decode_boundary_boost: 0.0300, aux.loss_ce: 0.0359, aux.acc_seg: 97.3467, loss: 0.4707
2026-05-11 21:38:55,620 - mmseg - INFO - Iter [9950/40000]	lr: 6.861e-05, eta: 7:27:16, time: 0.899, data_time: 0.008, memory: 22512, loss_decode: 0.4531, decode_ce: 0.0662, decode_dice: 0.1731, decode_lovasz: 0.1661, decode_boundary: 0.3676, decode_scale_reg: 0.0009, decode_lambda_bound: 0.4781, decode_boundary_boost: 0.0300, aux.loss_ce: 0.0382, aux.acc_seg: 97.2242, loss: 0.4913
2026-05-11 21:39:40,550 - mmseg - INFO - Exp name: uper_cosnet_specwaste_40k.py
2026-05-11 21:39:40,551 - mmseg - INFO - Iter [10000/40000]	lr: 6.850e-05, eta: 7:26:32, time: 0.899, data_time: 0.008, memory: 22512, loss_decode: 0.4404, decode_ce: 0.0607, decode_dice: 0.1547, decode_lovasz: 0.1622, decode_boundary: 0.3768, decode_scale_reg: 0.0008, decode_lambda_bound: 0.4794, decode_boundary_boost: 0.0300, aux.loss_ce: 0.0347, aux.acc_seg: 97.4362, loss: 0.4751
2026-05-11 21:40:25,462 - mmseg - INFO - Iter [10050/40000]	lr: 6.840e-05, eta: 7:25:48, time: 0.898, data_time: 0.008, memory: 22512, loss_decode: 0.4536, decode_ce: 0.0608, decode_dice: 0.1598, decode_lovasz: 0.1713, decode_boundary: 0.3877, decode_scale_reg: 0.0010, decode_lambda_bound: 0.4757, decode_boundary_boost: 0.0250, aux.loss_ce: 0.0362, aux.acc_seg: 97.2388, loss: 0.4898
2026-05-11 21:41:10,351 - mmseg - INFO - Iter [10100/40000]	lr: 6.829e-05, eta: 7:25:04, time: 0.898, data_time: 0.008, memory: 22512, loss_decode: 0.5301, decode_ce: 0.0913, decode_dice: 0.2084, decode_lovasz: 0.2040, decode_boundary: 0.3806, decode_scale_reg: 0.0019, decode_lambda_bound: 0.4769, decode_boundary_boost: 0.0250, aux.loss_ce: 0.0505, aux.acc_seg: 96.3451, loss: 0.5806
2026-05-11 21:41:55,321 - mmseg - INFO - Iter [10150/40000]	lr: 6.818e-05, eta: 7:24:20, time: 0.899, data_time: 0.008, memory: 22512, loss_decode: 0.4755, decode_ce: 0.0679, decode_dice: 0.1659, decode_lovasz: 0.1935, decode_boundary: 0.3753, decode_scale_reg: 0.0008, decode_lambda_bound: 0.4781, decode_boundary_boost: 0.0250, aux.loss_ce: 0.0412, aux.acc_seg: 96.9174, loss: 0.5167
2026-05-11 21:42:40,280 - mmseg - INFO - Iter [10200/40000]	lr: 6.807e-05, eta: 7:23:36, time: 0.899, data_time: 0.008, memory: 22512, loss_decode: 0.4945, decode_ce: 0.0710, decode_dice: 0.1961, decode_lovasz: 0.1924, decode_boundary: 0.3779, decode_scale_reg: 0.0010, decode_lambda_bound: 0.4794, decode_boundary_boost: 0.0250, aux.loss_ce: 0.0425, aux.acc_seg: 96.8997, loss: 0.5370
2026-05-11 21:43:25,219 - mmseg - INFO - Iter [10250/40000]	lr: 6.796e-05, eta: 7:22:53, time: 0.899, data_time: 0.009, memory: 22512, loss_decode: 0.4796, decode_ce: 0.0682, decode_dice: 0.1925, decode_lovasz: 0.1731, decode_boundary: 0.3856, decode_scale_reg: 0.0011, decode_lambda_bound: 0.4806, decode_boundary_boost: 0.0250, aux.loss_ce: 0.0409, aux.acc_seg: 96.9574, loss: 0.5205
2026-05-11 21:44:10,147 - mmseg - INFO - Iter [10300/40000]	lr: 6.785e-05, eta: 7:22:09, time: 0.899, data_time: 0.009, memory: 22512, loss_decode: 0.4713, decode_ce: 0.0615, decode_dice: 0.1942, decode_lovasz: 0.1741, decode_boundary: 0.3778, decode_scale_reg: 0.0010, decode_lambda_bound: 0.4819, decode_boundary_boost: 0.0250, aux.loss_ce: 0.0377, aux.acc_seg: 97.2160, loss: 0.5090
2026-05-11 21:44:55,077 - mmseg - INFO - Iter [10350/40000]	lr: 6.775e-05, eta: 7:21:25, time: 0.899, data_time: 0.009, memory: 22512, loss_decode: 0.4552, decode_ce: 0.0633, decode_dice: 0.1618, decode_lovasz: 0.1643, decode_boundary: 0.3886, decode_scale_reg: 0.0011, decode_lambda_bound: 0.4831, decode_boundary_boost: 0.0250, aux.loss_ce: 0.0380, aux.acc_seg: 97.1665, loss: 0.4933
2026-05-11 21:45:40,049 - mmseg - INFO - Iter [10400/40000]	lr: 6.764e-05, eta: 7:20:41, time: 0.899, data_time: 0.008, memory: 22512, loss_decode: 0.4319, decode_ce: 0.0599, decode_dice: 0.1380, decode_lovasz: 0.1627, decode_boundary: 0.3735, decode_scale_reg: 0.0013, decode_lambda_bound: 0.4844, decode_boundary_boost: 0.0250, aux.loss_ce: 0.0381, aux.acc_seg: 97.1409, loss: 0.4700
2026-05-11 21:46:24,999 - mmseg - INFO - Iter [10450/40000]	lr: 6.753e-05, eta: 7:19:57, time: 0.899, data_time: 0.008, memory: 22512, loss_decode: 0.5185, decode_ce: 0.0851, decode_dice: 0.2296, decode_lovasz: 0.1777, decode_boundary: 0.3739, decode_scale_reg: 0.0014, decode_lambda_bound: 0.4954, decode_boundary_boost: 0.0350, aux.loss_ce: 0.0461, aux.acc_seg: 96.6293, loss: 0.5646
2026-05-11 21:47:10,021 - mmseg - INFO - Iter [10500/40000]	lr: 6.742e-05, eta: 7:19:13, time: 0.900, data_time: 0.008, memory: 22512, loss_decode: 0.4613, decode_ce: 0.0677, decode_dice: 0.1564, decode_lovasz: 0.1701, decode_boundary: 0.3779, decode_scale_reg: 0.0010, decode_lambda_bound: 0.4969, decode_boundary_boost: 0.0350, aux.loss_ce: 0.0419, aux.acc_seg: 96.9229, loss: 0.5032
2026-05-11 21:47:55,005 - mmseg - INFO - Iter [10550/40000]	lr: 6.731e-05, eta: 7:18:30, time: 0.900, data_time: 0.009, memory: 22512, loss_decode: 0.4587, decode_ce: 0.0648, decode_dice: 0.1505, decode_lovasz: 0.1701, decode_boundary: 0.3834, decode_scale_reg: 0.0016, decode_lambda_bound: 0.4981, decode_boundary_boost: 0.0350, aux.loss_ce: 0.0403, aux.acc_seg: 97.0390, loss: 0.4990
2026-05-11 21:48:40,025 - mmseg - INFO - Iter [10600/40000]	lr: 6.720e-05, eta: 7:17:46, time: 0.900, data_time: 0.008, memory: 22512, loss_decode: 0.4719, decode_ce: 0.0678, decode_dice: 0.1748, decode_lovasz: 0.1713, decode_boundary: 0.3768, decode_scale_reg: 0.0009, decode_lambda_bound: 0.4994, decode_boundary_boost: 0.0350, aux.loss_ce: 0.0402, aux.acc_seg: 97.0902, loss: 0.5121
2026-05-11 21:49:24,991 - mmseg - INFO - Iter [10650/40000]	lr: 6.710e-05, eta: 7:17:02, time: 0.899, data_time: 0.008, memory: 22512, loss_decode: 0.4574, decode_ce: 0.0669, decode_dice: 0.1634, decode_lovasz: 0.1702, decode_boundary: 0.3618, decode_scale_reg: 0.0010, decode_lambda_bound: 0.5006, decode_boundary_boost: 0.0350, aux.loss_ce: 0.0390, aux.acc_seg: 97.1909, loss: 0.4964
2026-05-11 21:50:09,969 - mmseg - INFO - Iter [10700/40000]	lr: 6.699e-05, eta: 7:16:18, time: 0.900, data_time: 0.008, memory: 22512, loss_decode: 0.4442, decode_ce: 0.0545, decode_dice: 0.1673, decode_lovasz: 0.1637, decode_boundary: 0.3652, decode_scale_reg: 0.0007, decode_lambda_bound: 0.5019, decode_boundary_boost: 0.0350, aux.loss_ce: 0.0347, aux.acc_seg: 97.4667, loss: 0.4789
2026-05-11 21:50:54,879 - mmseg - INFO - Iter [10750/40000]	lr: 6.688e-05, eta: 7:15:34, time: 0.898, data_time: 0.008, memory: 22512, loss_decode: 0.4563, decode_ce: 0.0594, decode_dice: 0.1741, decode_lovasz: 0.1656, decode_boundary: 0.3690, decode_scale_reg: 0.0008, decode_lambda_bound: 0.5031, decode_boundary_boost: 0.0350, aux.loss_ce: 0.0340, aux.acc_seg: 97.4449, loss: 0.4902
2026-05-11 21:51:39,844 - mmseg - INFO - Iter [10800/40000]	lr: 6.677e-05, eta: 7:14:50, time: 0.899, data_time: 0.009, memory: 22512, loss_decode: 0.4336, decode_ce: 0.0627, decode_dice: 0.1440, decode_lovasz: 0.1436, decode_boundary: 0.3790, decode_scale_reg: 0.0012, decode_lambda_bound: 0.5044, decode_boundary_boost: 0.0350, aux.loss_ce: 0.0376, aux.acc_seg: 97.1947, loss: 0.4711
2026-05-11 21:52:24,850 - mmseg - INFO - Iter [10850/40000]	lr: 6.666e-05, eta: 7:14:07, time: 0.900, data_time: 0.008, memory: 22512, loss_decode: 0.4223, decode_ce: 0.0557, decode_dice: 0.1206, decode_lovasz: 0.1592, decode_boundary: 0.3731, decode_scale_reg: 0.0009, decode_lambda_bound: 0.5007, decode_boundary_boost: 0.0300, aux.loss_ce: 0.0350, aux.acc_seg: 97.4085, loss: 0.4572
2026-05-11 21:53:09,852 - mmseg - INFO - Iter [10900/40000]	lr: 6.655e-05, eta: 7:13:23, time: 0.900, data_time: 0.008, memory: 22512, loss_decode: 0.4509, decode_ce: 0.0616, decode_dice: 0.1546, decode_lovasz: 0.1640, decode_boundary: 0.3767, decode_scale_reg: 0.0013, decode_lambda_bound: 0.5019, decode_boundary_boost: 0.0300, aux.loss_ce: 0.0377, aux.acc_seg: 97.2036, loss: 0.4887
2026-05-11 21:53:54,802 - mmseg - INFO - Iter [10950/40000]	lr: 6.644e-05, eta: 7:12:39, time: 0.899, data_time: 0.009, memory: 22512, loss_decode: 0.4317, decode_ce: 0.0574, decode_dice: 0.1480, decode_lovasz: 0.1465, decode_boundary: 0.3784, decode_scale_reg: 0.0009, decode_lambda_bound: 0.5031, decode_boundary_boost: 0.0300, aux.loss_ce: 0.0352, aux.acc_seg: 97.3797, loss: 0.4669
2026-05-11 21:54:39,833 - mmseg - INFO - Exp name: uper_cosnet_specwaste_40k.py
2026-05-11 21:54:39,834 - mmseg - INFO - Iter [11000/40000]	lr: 6.634e-05, eta: 7:11:55, time: 0.901, data_time: 0.009, memory: 22512, loss_decode: 0.4303, decode_ce: 0.0515, decode_dice: 0.1554, decode_lovasz: 0.1601, decode_boundary: 0.3591, decode_scale_reg: 0.0015, decode_lambda_bound: 0.5044, decode_boundary_boost: 0.0300, aux.loss_ce: 0.0309, aux.acc_seg: 97.7206, loss: 0.4612
2026-05-11 21:55:24,868 - mmseg - INFO - Iter [11050/40000]	lr: 6.623e-05, eta: 7:11:11, time: 0.901, data_time: 0.009, memory: 22512, loss_decode: 0.4437, decode_ce: 0.0552, decode_dice: 0.1543, decode_lovasz: 0.1623, decode_boundary: 0.3750, decode_scale_reg: 0.0007, decode_lambda_bound: 0.5056, decode_boundary_boost: 0.0300, aux.loss_ce: 0.0336, aux.acc_seg: 97.4919, loss: 0.4773
2026-05-11 21:56:09,864 - mmseg - INFO - Iter [11100/40000]	lr: 6.612e-05, eta: 7:10:27, time: 0.900, data_time: 0.009, memory: 22512, loss_decode: 0.4354, decode_ce: 0.0605, decode_dice: 0.1364, decode_lovasz: 0.1583, decode_boundary: 0.3708, decode_scale_reg: 0.0012, decode_lambda_bound: 0.5069, decode_boundary_boost: 0.0300, aux.loss_ce: 0.0363, aux.acc_seg: 97.3195, loss: 0.4717
2026-05-11 21:56:54,818 - mmseg - INFO - Iter [11150/40000]	lr: 6.601e-05, eta: 7:09:43, time: 0.899, data_time: 0.008, memory: 22512, loss_decode: 0.4380, decode_ce: 0.0589, decode_dice: 0.1444, decode_lovasz: 0.1554, decode_boundary: 0.3745, decode_scale_reg: 0.0010, decode_lambda_bound: 0.5081, decode_boundary_boost: 0.0300, aux.loss_ce: 0.0363, aux.acc_seg: 97.3309, loss: 0.4743
2026-05-11 21:57:39,743 - mmseg - INFO - Iter [11200/40000]	lr: 6.590e-05, eta: 7:08:59, time: 0.899, data_time: 0.008, memory: 22512, loss_decode: 0.4296, decode_ce: 0.0589, decode_dice: 0.1250, decode_lovasz: 0.1488, decode_boundary: 0.3858, decode_scale_reg: 0.0018, decode_lambda_bound: 0.5094, decode_boundary_boost: 0.0300, aux.loss_ce: 0.0367, aux.acc_seg: 97.2247, loss: 0.4663
2026-05-11 21:58:24,745 - mmseg - INFO - Iter [11250/40000]	lr: 6.579e-05, eta: 7:08:15, time: 0.900, data_time: 0.009, memory: 22512, loss_decode: 0.4322, decode_ce: 0.0583, decode_dice: 0.1368, decode_lovasz: 0.1582, decode_boundary: 0.3694, decode_scale_reg: 0.0010, decode_lambda_bound: 0.5057, decode_boundary_boost: 0.0250, aux.loss_ce: 0.0353, aux.acc_seg: 97.3805, loss: 0.4674
2026-05-11 21:59:09,754 - mmseg - INFO - Iter [11300/40000]	lr: 6.569e-05, eta: 7:07:32, time: 0.900, data_time: 0.008, memory: 22512, loss_decode: 0.4322, decode_ce: 0.0542, decode_dice: 0.1434, decode_lovasz: 0.1569, decode_boundary: 0.3721, decode_scale_reg: 0.0010, decode_lambda_bound: 0.5069, decode_boundary_boost: 0.0250, aux.loss_ce: 0.0333, aux.acc_seg: 97.5635, loss: 0.4656
2026-05-11 21:59:54,691 - mmseg - INFO - Iter [11350/40000]	lr: 6.558e-05, eta: 7:06:47, time: 0.899, data_time: 0.008, memory: 22512, loss_decode: 0.4464, decode_ce: 0.0522, decode_dice: 0.1779, decode_lovasz: 0.1566, decode_boundary: 0.3696, decode_scale_reg: 0.0007, decode_lambda_bound: 0.5081, decode_boundary_boost: 0.0250, aux.loss_ce: 0.0338, aux.acc_seg: 97.4927, loss: 0.4801
2026-05-11 22:00:39,659 - mmseg - INFO - Iter [11400/40000]	lr: 6.547e-05, eta: 7:06:03, time: 0.899, data_time: 0.008, memory: 22512, loss_decode: 0.4753, decode_ce: 0.0663, decode_dice: 0.1749, decode_lovasz: 0.1757, decode_boundary: 0.3726, decode_scale_reg: 0.0010, decode_lambda_bound: 0.5094, decode_boundary_boost: 0.0250, aux.loss_ce: 0.0374, aux.acc_seg: 97.2987, loss: 0.5127
2026-05-11 22:01:24,614 - mmseg - INFO - Iter [11450/40000]	lr: 6.536e-05, eta: 7:05:19, time: 0.899, data_time: 0.008, memory: 22512, loss_decode: 0.4292, decode_ce: 0.0571, decode_dice: 0.1472, decode_lovasz: 0.1443, decode_boundary: 0.3726, decode_scale_reg: 0.0011, decode_lambda_bound: 0.5106, decode_boundary_boost: 0.0250, aux.loss_ce: 0.0346, aux.acc_seg: 97.4561, loss: 0.4639
2026-05-11 22:02:09,582 - mmseg - INFO - Iter [11500/40000]	lr: 6.525e-05, eta: 7:04:35, time: 0.899, data_time: 0.008, memory: 22512, loss_decode: 0.4373, decode_ce: 0.0547, decode_dice: 0.1695, decode_lovasz: 0.1484, decode_boundary: 0.3644, decode_scale_reg: 0.0008, decode_lambda_bound: 0.5119, decode_boundary_boost: 0.0250, aux.loss_ce: 0.0319, aux.acc_seg: 97.6376, loss: 0.4691
2026-05-11 22:02:54,555 - mmseg - INFO - Iter [11550/40000]	lr: 6.514e-05, eta: 7:03:51, time: 0.899, data_time: 0.008, memory: 22512, loss_decode: 0.4333, decode_ce: 0.0523, decode_dice: 0.1405, decode_lovasz: 0.1572, decode_boundary: 0.3758, decode_scale_reg: 0.0008, decode_lambda_bound: 0.5131, decode_boundary_boost: 0.0250, aux.loss_ce: 0.0323, aux.acc_seg: 97.5832, loss: 0.4656
2026-05-11 22:03:39,478 - mmseg - INFO - Iter [11600/40000]	lr: 6.503e-05, eta: 7:03:07, time: 0.898, data_time: 0.008, memory: 22512, loss_decode: 0.4458, decode_ce: 0.0530, decode_dice: 0.1630, decode_lovasz: 0.1603, decode_boundary: 0.3714, decode_scale_reg: 0.0009, decode_lambda_bound: 0.5144, decode_boundary_boost: 0.0250, aux.loss_ce: 0.0326, aux.acc_seg: 97.5181, loss: 0.4783
2026-05-11 22:04:24,435 - mmseg - INFO - Iter [11650/40000]	lr: 6.493e-05, eta: 7:02:23, time: 0.899, data_time: 0.008, memory: 22512, loss_decode: 0.4456, decode_ce: 0.0626, decode_dice: 0.1542, decode_lovasz: 0.1529, decode_boundary: 0.3743, decode_scale_reg: 0.0010, decode_lambda_bound: 0.5107, decode_boundary_boost: 0.0200, aux.loss_ce: 0.0367, aux.acc_seg: 97.2051, loss: 0.4823
2026-05-11 22:05:09,411 - mmseg - INFO - Iter [11700/40000]	lr: 6.482e-05, eta: 7:01:39, time: 0.900, data_time: 0.008, memory: 22512, loss_decode: 0.4464, decode_ce: 0.0563, decode_dice: 0.1474, decode_lovasz: 0.1702, decode_boundary: 0.3688, decode_scale_reg: 0.0009, decode_lambda_bound: 0.5119, decode_boundary_boost: 0.0200, aux.loss_ce: 0.0332, aux.acc_seg: 97.5186, loss: 0.4796
2026-05-11 22:05:54,373 - mmseg - INFO - Iter [11750/40000]	lr: 6.471e-05, eta: 7:00:55, time: 0.899, data_time: 0.008, memory: 22512, loss_decode: 0.4320, decode_ce: 0.0563, decode_dice: 0.1438, decode_lovasz: 0.1510, decode_boundary: 0.3712, decode_scale_reg: 0.0012, decode_lambda_bound: 0.5131, decode_boundary_boost: 0.0200, aux.loss_ce: 0.0343, aux.acc_seg: 97.4399, loss: 0.4663
2026-05-11 22:06:39,292 - mmseg - INFO - Iter [11800/40000]	lr: 6.460e-05, eta: 7:00:11, time: 0.898, data_time: 0.008, memory: 22512, loss_decode: 0.4169, decode_ce: 0.0481, decode_dice: 0.1389, decode_lovasz: 0.1486, decode_boundary: 0.3652, decode_scale_reg: 0.0010, decode_lambda_bound: 0.5144, decode_boundary_boost: 0.0200, aux.loss_ce: 0.0297, aux.acc_seg: 97.7264, loss: 0.4466
2026-05-11 22:07:24,310 - mmseg - INFO - Iter [11850/40000]	lr: 6.449e-05, eta: 6:59:27, time: 0.900, data_time: 0.008, memory: 22512, loss_decode: 0.4290, decode_ce: 0.0535, decode_dice: 0.1413, decode_lovasz: 0.1580, decode_boundary: 0.3614, decode_scale_reg: 0.0006, decode_lambda_bound: 0.5156, decode_boundary_boost: 0.0200, aux.loss_ce: 0.0327, aux.acc_seg: 97.5452, loss: 0.4617
2026-05-11 22:08:09,306 - mmseg - INFO - Iter [11900/40000]	lr: 6.438e-05, eta: 6:58:43, time: 0.900, data_time: 0.008, memory: 22512, loss_decode: 0.4509, decode_ce: 0.0662, decode_dice: 0.1328, decode_lovasz: 0.1646, decode_boundary: 0.3769, decode_scale_reg: 0.0011, decode_lambda_bound: 0.5169, decode_boundary_boost: 0.0200, aux.loss_ce: 0.0383, aux.acc_seg: 97.2018, loss: 0.4892
2026-05-11 22:08:54,215 - mmseg - INFO - Iter [11950/40000]	lr: 6.427e-05, eta: 6:57:59, time: 0.898, data_time: 0.008, memory: 22512, loss_decode: 0.4269, decode_ce: 0.0574, decode_dice: 0.1422, decode_lovasz: 0.1403, decode_boundary: 0.3729, decode_scale_reg: 0.0005, decode_lambda_bound: 0.5181, decode_boundary_boost: 0.0200, aux.loss_ce: 0.0351, aux.acc_seg: 97.3534, loss: 0.4621
2026-05-11 22:09:39,182 - mmseg - INFO - Saving checkpoint at 12000 iterations
2026-05-11 22:09:39,915 - mmseg - INFO - Exp name: uper_cosnet_specwaste_40k.py
2026-05-11 22:09:39,915 - mmseg - INFO - Iter [12000/40000]	lr: 6.416e-05, eta: 6:57:16, time: 0.914, data_time: 0.008, memory: 22512, loss_decode: 0.4167, decode_ce: 0.0490, decode_dice: 0.1388, decode_lovasz: 0.1487, decode_boundary: 0.3596, decode_scale_reg: 0.0009, decode_lambda_bound: 0.5194, decode_boundary_boost: 0.0200, aux.loss_ce: 0.0298, aux.acc_seg: 97.7015, loss: 0.4465
2026-05-11 22:09:49,020 - mmseg - INFO - per class results:
2026-05-11 22:09:49,021 - mmseg - INFO - 
+------------+-------+-------+
|   Class    |  IoU  |  Acc  |
+------------+-------+-------+
| background | 92.75 | 97.55 |
|    film    | 65.04 | 67.34 |
|   basket   | 83.46 | 87.28 |
| cardboard  | 81.42 | 85.93 |
| video_tape | 41.76 | 51.52 |
|  filament  | 69.13 | 73.03 |
|    bag     |  65.2 |  81.2 |
+------------+-------+-------+
2026-05-11 22:09:49,021 - mmseg - INFO - Summary:
2026-05-11 22:09:49,021 - mmseg - INFO - 
+------+-------+-------+
| aAcc |  mIoU |  mAcc |
+------+-------+-------+
| 93.3 | 71.25 | 77.69 |
+------+-------+-------+
2026-05-11 22:09:49,021 - mmseg - INFO - Exp name: uper_cosnet_specwaste_40k.py
2026-05-11 22:09:49,021 - mmseg - INFO - Iter(val) [171]	aAcc: 0.9330, mIoU: 0.7125, mAcc: 0.7769, IoU.background: 0.9275, IoU.film: 0.6504, IoU.basket: 0.8346, IoU.cardboard: 0.8142, IoU.video_tape: 0.4176, IoU.filament: 0.6913, IoU.bag: 0.6520, Acc.background: 0.9755, Acc.film: 0.6734, Acc.basket: 0.8728, Acc.cardboard: 0.8593, Acc.video_tape: 0.5152, Acc.filament: 0.7303, Acc.bag: 0.8120
2026-05-11 22:10:33,761 - mmseg - INFO - Iter [12050/40000]	lr: 6.406e-05, eta: 6:56:53, time: 1.077, data_time: 0.191, memory: 22512, loss_decode: 0.4534, decode_ce: 0.0510, decode_dice: 0.1687, decode_lovasz: 0.1755, decode_boundary: 0.3520, decode_scale_reg: 0.0007, decode_lambda_bound: 0.5298, decode_boundary_boost: 0.0300, aux.loss_ce: 0.0327, aux.acc_seg: 97.5357, loss: 0.4861
2026-05-11 22:11:18,809 - mmseg - INFO - Iter [12100/40000]	lr: 6.395e-05, eta: 6:56:09, time: 0.901, data_time: 0.009, memory: 22512, loss_decode: 0.4557, decode_ce: 0.0612, decode_dice: 0.1633, decode_lovasz: 0.1583, decode_boundary: 0.3661, decode_scale_reg: 0.0008, decode_lambda_bound: 0.5300, decode_boundary_boost: 0.0300, aux.loss_ce: 0.0368, aux.acc_seg: 97.2899, loss: 0.4925
2026-05-11 22:12:03,788 - mmseg - INFO - Iter [12150/40000]	lr: 6.384e-05, eta: 6:55:25, time: 0.900, data_time: 0.008, memory: 22512, loss_decode: 0.4553, decode_ce: 0.0573, decode_dice: 0.1685, decode_lovasz: 0.1618, decode_boundary: 0.3630, decode_scale_reg: 0.0021, decode_lambda_bound: 0.5300, decode_boundary_boost: 0.0300, aux.loss_ce: 0.0335, aux.acc_seg: 97.4789, loss: 0.4888
2026-05-11 22:12:48,786 - mmseg - INFO - Iter [12200/40000]	lr: 6.373e-05, eta: 6:54:40, time: 0.900, data_time: 0.008, memory: 22512, loss_decode: 0.4209, decode_ce: 0.0515, decode_dice: 0.1241, decode_lovasz: 0.1487, decode_boundary: 0.3695, decode_scale_reg: 0.0009, decode_lambda_bound: 0.5300, decode_boundary_boost: 0.0300, aux.loss_ce: 0.0329, aux.acc_seg: 97.5597, loss: 0.4538
2026-05-11 22:13:33,805 - mmseg - INFO - Iter [12250/40000]	lr: 6.362e-05, eta: 6:53:56, time: 0.900, data_time: 0.008, memory: 22512, loss_decode: 0.4457, decode_ce: 0.0561, decode_dice: 0.1616, decode_lovasz: 0.1547, decode_boundary: 0.3638, decode_scale_reg: 0.0006, decode_lambda_bound: 0.5300, decode_boundary_boost: 0.0300, aux.loss_ce: 0.0331, aux.acc_seg: 97.6061, loss: 0.4789
2026-05-11 22:14:18,800 - mmseg - INFO - Iter [12300/40000]	lr: 6.351e-05, eta: 6:53:12, time: 0.900, data_time: 0.009, memory: 22512, loss_decode: 0.4702, decode_ce: 0.0594, decode_dice: 0.1747, decode_lovasz: 0.1679, decode_boundary: 0.3727, decode_scale_reg: 0.0012, decode_lambda_bound: 0.5300, decode_boundary_boost: 0.0300, aux.loss_ce: 0.0361, aux.acc_seg: 97.3622, loss: 0.5062
2026-05-11 22:15:03,848 - mmseg - INFO - Iter [12350/40000]	lr: 6.340e-05, eta: 6:52:28, time: 0.901, data_time: 0.008, memory: 22512, loss_decode: 0.4581, decode_ce: 0.0627, decode_dice: 0.1361, decode_lovasz: 0.1688, decode_boundary: 0.3788, decode_scale_reg: 0.0013, decode_lambda_bound: 0.5300, decode_boundary_boost: 0.0300, aux.loss_ce: 0.0364, aux.acc_seg: 97.2638, loss: 0.4945
2026-05-11 22:15:48,877 - mmseg - INFO - Iter [12400/40000]	lr: 6.329e-05, eta: 6:51:44, time: 0.901, data_time: 0.008, memory: 22512, loss_decode: 0.4353, decode_ce: 0.0518, decode_dice: 0.1466, decode_lovasz: 0.1598, decode_boundary: 0.3590, decode_scale_reg: 0.0008, decode_lambda_bound: 0.5300, decode_boundary_boost: 0.0300, aux.loss_ce: 0.0317, aux.acc_seg: 97.6670, loss: 0.4670
2026-05-11 22:16:33,915 - mmseg - INFO - Iter [12450/40000]	lr: 6.319e-05, eta: 6:51:00, time: 0.901, data_time: 0.009, memory: 22512, loss_decode: 0.4474, decode_ce: 0.0602, decode_dice: 0.1479, decode_lovasz: 0.1514, decode_boundary: 0.3701, decode_scale_reg: 0.0010, decode_lambda_bound: 0.5398, decode_boundary_boost: 0.0400, aux.loss_ce: 0.0354, aux.acc_seg: 97.4071, loss: 0.4828
2026-05-11 22:17:18,925 - mmseg - INFO - Iter [12500/40000]	lr: 6.308e-05, eta: 6:50:16, time: 0.900, data_time: 0.008, memory: 22512, loss_decode: 0.4301, decode_ce: 0.0538, decode_dice: 0.1430, decode_lovasz: 0.1427, decode_boundary: 0.3663, decode_scale_reg: 0.0008, decode_lambda_bound: 0.5400, decode_boundary_boost: 0.0400, aux.loss_ce: 0.0331, aux.acc_seg: 97.5118, loss: 0.4632
2026-05-11 22:18:03,932 - mmseg - INFO - Iter [12550/40000]	lr: 6.297e-05, eta: 6:49:31, time: 0.900, data_time: 0.009, memory: 22512, loss_decode: 0.4510, decode_ce: 0.0556, decode_dice: 0.1584, decode_lovasz: 0.1544, decode_boundary: 0.3711, decode_scale_reg: 0.0007, decode_lambda_bound: 0.5400, decode_boundary_boost: 0.0400, aux.loss_ce: 0.0331, aux.acc_seg: 97.5475, loss: 0.4840
2026-05-11 22:18:48,935 - mmseg - INFO - Iter [12600/40000]	lr: 6.286e-05, eta: 6:48:47, time: 0.900, data_time: 0.009, memory: 22512, loss_decode: 0.4307, decode_ce: 0.0513, decode_dice: 0.1436, decode_lovasz: 0.1493, decode_boundary: 0.3622, decode_scale_reg: 0.0005, decode_lambda_bound: 0.5400, decode_boundary_boost: 0.0400, aux.loss_ce: 0.0301, aux.acc_seg: 97.7718, loss: 0.4608
2026-05-11 22:19:33,951 - mmseg - INFO - Iter [12650/40000]	lr: 6.275e-05, eta: 6:48:03, time: 0.900, data_time: 0.008, memory: 22512, loss_decode: 0.4428, decode_ce: 0.0619, decode_dice: 0.1383, decode_lovasz: 0.1505, decode_boundary: 0.3684, decode_scale_reg: 0.0007, decode_lambda_bound: 0.5400, decode_boundary_boost: 0.0400, aux.loss_ce: 0.0373, aux.acc_seg: 97.1788, loss: 0.4801
2026-05-11 22:20:18,942 - mmseg - INFO - Iter [12700/40000]	lr: 6.264e-05, eta: 6:47:19, time: 0.900, data_time: 0.009, memory: 22512, loss_decode: 0.4430, decode_ce: 0.0549, decode_dice: 0.1493, decode_lovasz: 0.1549, decode_boundary: 0.3652, decode_scale_reg: 0.0003, decode_lambda_bound: 0.5400, decode_boundary_boost: 0.0400, aux.loss_ce: 0.0317, aux.acc_seg: 97.6510, loss: 0.4747
2026-05-11 22:21:03,942 - mmseg - INFO - Iter [12750/40000]	lr: 6.253e-05, eta: 6:46:34, time: 0.900, data_time: 0.008, memory: 22512, loss_decode: 0.4660, decode_ce: 0.0609, decode_dice: 0.1742, decode_lovasz: 0.1656, decode_boundary: 0.3588, decode_scale_reg: 0.0007, decode_lambda_bound: 0.5400, decode_boundary_boost: 0.0400, aux.loss_ce: 0.0379, aux.acc_seg: 97.2201, loss: 0.5039
2026-05-11 22:21:48,960 - mmseg - INFO - Iter [12800/40000]	lr: 6.242e-05, eta: 6:45:50, time: 0.900, data_time: 0.009, memory: 22512, loss_decode: 0.4628, decode_ce: 0.0616, decode_dice: 0.1599, decode_lovasz: 0.1671, decode_boundary: 0.3629, decode_scale_reg: 0.0005, decode_lambda_bound: 0.5400, decode_boundary_boost: 0.0400, aux.loss_ce: 0.0359, aux.acc_seg: 97.3432, loss: 0.4987
2026-05-11 22:22:36,241 - mmseg - INFO - Iter [12850/40000]	lr: 6.232e-05, eta: 6:45:11, time: 0.946, data_time: 0.056, memory: 22512, loss_decode: 0.4163, decode_ce: 0.0537, decode_dice: 0.1198, decode_lovasz: 0.1390, decode_boundary: 0.3609, decode_scale_reg: 0.0006, decode_lambda_bound: 0.5498, decode_boundary_boost: 0.0500, aux.loss_ce: 0.0344, aux.acc_seg: 97.4205, loss: 0.4506
2026-05-11 22:23:21,210 - mmseg - INFO - Iter [12900/40000]	lr: 6.221e-05, eta: 6:44:26, time: 0.899, data_time: 0.008, memory: 22512, loss_decode: 0.4429, decode_ce: 0.0594, decode_dice: 0.1403, decode_lovasz: 0.1532, decode_boundary: 0.3606, decode_scale_reg: 0.0005, decode_lambda_bound: 0.5500, decode_boundary_boost: 0.0500, aux.loss_ce: 0.0336, aux.acc_seg: 97.5083, loss: 0.4764
2026-05-11 22:24:06,269 - mmseg - INFO - Iter [12950/40000]	lr: 6.210e-05, eta: 6:43:42, time: 0.901, data_time: 0.009, memory: 22512, loss_decode: 0.4465, decode_ce: 0.0478, decode_dice: 0.1722, decode_lovasz: 0.1558, decode_boundary: 0.3558, decode_scale_reg: 0.0007, decode_lambda_bound: 0.5500, decode_boundary_boost: 0.0500, aux.loss_ce: 0.0286, aux.acc_seg: 97.8785, loss: 0.4750
2026-05-11 22:24:51,319 - mmseg - INFO - Exp name: uper_cosnet_specwaste_40k.py
2026-05-11 22:24:51,319 - mmseg - INFO - Iter [13000/40000]	lr: 6.199e-05, eta: 6:42:58, time: 0.901, data_time: 0.009, memory: 22512, loss_decode: 0.4467, decode_ce: 0.0523, decode_dice: 0.1647, decode_lovasz: 0.1544, decode_boundary: 0.3568, decode_scale_reg: 0.0005, decode_lambda_bound: 0.5500, decode_boundary_boost: 0.0500, aux.loss_ce: 0.0309, aux.acc_seg: 97.6700, loss: 0.4776
2026-05-11 22:25:36,372 - mmseg - INFO - Iter [13050/40000]	lr: 6.188e-05, eta: 6:42:14, time: 0.901, data_time: 0.008, memory: 22512, loss_decode: 0.4626, decode_ce: 0.0655, decode_dice: 0.1415, decode_lovasz: 0.1679, decode_boundary: 0.3643, decode_scale_reg: 0.0006, decode_lambda_bound: 0.5500, decode_boundary_boost: 0.0500, aux.loss_ce: 0.0372, aux.acc_seg: 97.2222, loss: 0.4997
2026-05-11 22:26:21,373 - mmseg - INFO - Iter [13100/40000]	lr: 6.177e-05, eta: 6:41:29, time: 0.900, data_time: 0.008, memory: 22512, loss_decode: 0.4916, decode_ce: 0.0705, decode_dice: 0.1768, decode_lovasz: 0.1757, decode_boundary: 0.3654, decode_scale_reg: 0.0006, decode_lambda_bound: 0.5500, decode_boundary_boost: 0.0500, aux.loss_ce: 0.0427, aux.acc_seg: 97.0110, loss: 0.5343
2026-05-11 22:27:06,388 - mmseg - INFO - Iter [13150/40000]	lr: 6.166e-05, eta: 6:40:45, time: 0.900, data_time: 0.009, memory: 22512, loss_decode: 0.4476, decode_ce: 0.0602, decode_dice: 0.1288, decode_lovasz: 0.1593, decode_boundary: 0.3700, decode_scale_reg: 0.0005, decode_lambda_bound: 0.5500, decode_boundary_boost: 0.0500, aux.loss_ce: 0.0374, aux.acc_seg: 97.2142, loss: 0.4850
2026-05-11 22:27:51,453 - mmseg - INFO - Iter [13200/40000]	lr: 6.155e-05, eta: 6:40:01, time: 0.901, data_time: 0.009, memory: 22512, loss_decode: 0.4467, decode_ce: 0.0663, decode_dice: 0.1417, decode_lovasz: 0.1500, decode_boundary: 0.3581, decode_scale_reg: 0.0006, decode_lambda_bound: 0.5500, decode_boundary_boost: 0.0500, aux.loss_ce: 0.0372, aux.acc_seg: 97.2630, loss: 0.4839
2026-05-11 22:28:36,525 - mmseg - INFO - Iter [13250/40000]	lr: 6.144e-05, eta: 6:39:17, time: 0.901, data_time: 0.008, memory: 22512, loss_decode: 0.4592, decode_ce: 0.0637, decode_dice: 0.1362, decode_lovasz: 0.1612, decode_boundary: 0.3689, decode_scale_reg: 0.0006, decode_lambda_bound: 0.5598, decode_boundary_boost: 0.0600, aux.loss_ce: 0.0409, aux.acc_seg: 97.0194, loss: 0.5001
2026-05-11 22:29:21,597 - mmseg - INFO - Iter [13300/40000]	lr: 6.134e-05, eta: 6:38:33, time: 0.901, data_time: 0.009, memory: 22512, loss_decode: 0.4435, decode_ce: 0.0523, decode_dice: 0.1471, decode_lovasz: 0.1583, decode_boundary: 0.3550, decode_scale_reg: 0.0005, decode_lambda_bound: 0.5600, decode_boundary_boost: 0.0600, aux.loss_ce: 0.0339, aux.acc_seg: 97.4722, loss: 0.4774
2026-05-11 22:30:06,669 - mmseg - INFO - Iter [13350/40000]	lr: 6.123e-05, eta: 6:37:48, time: 0.901, data_time: 0.008, memory: 22512, loss_decode: 0.4804, decode_ce: 0.0605, decode_dice: 0.1713, decode_lovasz: 0.1703, decode_boundary: 0.3688, decode_scale_reg: 0.0007, decode_lambda_bound: 0.5600, decode_boundary_boost: 0.0600, aux.loss_ce: 0.0363, aux.acc_seg: 97.3320, loss: 0.5167
2026-05-11 22:30:51,714 - mmseg - INFO - Iter [13400/40000]	lr: 6.112e-05, eta: 6:37:04, time: 0.901, data_time: 0.009, memory: 22512, loss_decode: 0.4330, decode_ce: 0.0555, decode_dice: 0.1283, decode_lovasz: 0.1443, decode_boundary: 0.3662, decode_scale_reg: 0.0005, decode_lambda_bound: 0.5600, decode_boundary_boost: 0.0600, aux.loss_ce: 0.0347, aux.acc_seg: 97.4165, loss: 0.4676
2026-05-11 22:31:36,737 - mmseg - INFO - Iter [13450/40000]	lr: 6.101e-05, eta: 6:36:20, time: 0.900, data_time: 0.008, memory: 22512, loss_decode: 0.4418, decode_ce: 0.0558, decode_dice: 0.1416, decode_lovasz: 0.1478, decode_boundary: 0.3651, decode_scale_reg: 0.0007, decode_lambda_bound: 0.5600, decode_boundary_boost: 0.0600, aux.loss_ce: 0.0354, aux.acc_seg: 97.3500, loss: 0.4772
2026-05-11 22:32:21,761 - mmseg - INFO - Iter [13500/40000]	lr: 6.090e-05, eta: 6:35:36, time: 0.900, data_time: 0.008, memory: 22512, loss_decode: 0.4211, decode_ce: 0.0491, decode_dice: 0.1409, decode_lovasz: 0.1434, decode_boundary: 0.3464, decode_scale_reg: 0.0005, decode_lambda_bound: 0.5600, decode_boundary_boost: 0.0600, aux.loss_ce: 0.0309, aux.acc_seg: 97.7217, loss: 0.4520
2026-05-11 22:33:06,761 - mmseg - INFO - Iter [13550/40000]	lr: 6.079e-05, eta: 6:34:51, time: 0.900, data_time: 0.008, memory: 22512, loss_decode: 0.4255, decode_ce: 0.0490, decode_dice: 0.1323, decode_lovasz: 0.1437, decode_boundary: 0.3617, decode_scale_reg: 0.0008, decode_lambda_bound: 0.5600, decode_boundary_boost: 0.0600, aux.loss_ce: 0.0299, aux.acc_seg: 97.7430, loss: 0.4555
2026-05-11 22:33:51,823 - mmseg - INFO - Iter [13600/40000]	lr: 6.068e-05, eta: 6:34:07, time: 0.901, data_time: 0.008, memory: 22512, loss_decode: 0.4653, decode_ce: 0.0602, decode_dice: 0.1599, decode_lovasz: 0.1636, decode_boundary: 0.3613, decode_scale_reg: 0.0007, decode_lambda_bound: 0.5600, decode_boundary_boost: 0.0600, aux.loss_ce: 0.0363, aux.acc_seg: 97.3364, loss: 0.5015
2026-05-11 22:34:36,897 - mmseg - INFO - Iter [13650/40000]	lr: 6.057e-05, eta: 6:33:23, time: 0.901, data_time: 0.008, memory: 22512, loss_decode: 0.4732, decode_ce: 0.0609, decode_dice: 0.1682, decode_lovasz: 0.1639, decode_boundary: 0.3699, decode_scale_reg: 0.0007, decode_lambda_bound: 0.5551, decode_boundary_boost: 0.0550, aux.loss_ce: 0.0356, aux.acc_seg: 97.3907, loss: 0.5088
2026-05-11 22:35:21,927 - mmseg - INFO - Iter [13700/40000]	lr: 6.046e-05, eta: 6:32:38, time: 0.901, data_time: 0.009, memory: 22512, loss_decode: 0.4486, decode_ce: 0.0498, decode_dice: 0.1675, decode_lovasz: 0.1600, decode_boundary: 0.3513, decode_scale_reg: 0.0005, decode_lambda_bound: 0.5550, decode_boundary_boost: 0.0550, aux.loss_ce: 0.0304, aux.acc_seg: 97.7050, loss: 0.4790
2026-05-11 22:36:06,923 - mmseg - INFO - Iter [13750/40000]	lr: 6.035e-05, eta: 6:31:54, time: 0.900, data_time: 0.008, memory: 22512, loss_decode: 0.4597, decode_ce: 0.0558, decode_dice: 0.1603, decode_lovasz: 0.1665, decode_boundary: 0.3583, decode_scale_reg: 0.0005, decode_lambda_bound: 0.5550, decode_boundary_boost: 0.0550, aux.loss_ce: 0.0341, aux.acc_seg: 97.4105, loss: 0.4938
2026-05-11 22:36:51,917 - mmseg - INFO - Iter [13800/40000]	lr: 6.025e-05, eta: 6:31:10, time: 0.900, data_time: 0.008, memory: 22512, loss_decode: 0.4547, decode_ce: 0.0595, decode_dice: 0.1494, decode_lovasz: 0.1626, decode_boundary: 0.3578, decode_scale_reg: 0.0008, decode_lambda_bound: 0.5550, decode_boundary_boost: 0.0550, aux.loss_ce: 0.0366, aux.acc_seg: 97.2449, loss: 0.4913
2026-05-11 22:37:36,950 - mmseg - INFO - Iter [13850/40000]	lr: 6.014e-05, eta: 6:30:25, time: 0.901, data_time: 0.008, memory: 22512, loss_decode: 0.4634, decode_ce: 0.0650, decode_dice: 0.1595, decode_lovasz: 0.1682, decode_boundary: 0.3469, decode_scale_reg: 0.0005, decode_lambda_bound: 0.5550, decode_boundary_boost: 0.0550, aux.loss_ce: 0.0353, aux.acc_seg: 97.3708, loss: 0.4987
2026-05-11 22:38:21,996 - mmseg - INFO - Iter [13900/40000]	lr: 6.003e-05, eta: 6:29:41, time: 0.901, data_time: 0.009, memory: 22512, loss_decode: 0.4390, decode_ce: 0.0544, decode_dice: 0.1556, decode_lovasz: 0.1527, decode_boundary: 0.3464, decode_scale_reg: 0.0005, decode_lambda_bound: 0.5550, decode_boundary_boost: 0.0550, aux.loss_ce: 0.0330, aux.acc_seg: 97.5976, loss: 0.4720
2026-05-11 22:39:07,002 - mmseg - INFO - Iter [13950/40000]	lr: 5.992e-05, eta: 6:28:57, time: 0.900, data_time: 0.008, memory: 22512, loss_decode: 0.4377, decode_ce: 0.0542, decode_dice: 0.1561, decode_lovasz: 0.1431, decode_boundary: 0.3569, decode_scale_reg: 0.0010, decode_lambda_bound: 0.5550, decode_boundary_boost: 0.0550, aux.loss_ce: 0.0326, aux.acc_seg: 97.5612, loss: 0.4703
2026-05-11 22:39:51,997 - mmseg - INFO - Exp name: uper_cosnet_specwaste_40k.py
2026-05-11 22:39:51,997 - mmseg - INFO - Iter [14000/40000]	lr: 5.981e-05, eta: 6:28:12, time: 0.900, data_time: 0.009, memory: 22512, loss_decode: 0.4399, decode_ce: 0.0490, decode_dice: 0.1670, decode_lovasz: 0.1505, decode_boundary: 0.3504, decode_scale_reg: 0.0009, decode_lambda_bound: 0.5550, decode_boundary_boost: 0.0550, aux.loss_ce: 0.0280, aux.acc_seg: 97.8824, loss: 0.4679
2026-05-11 22:40:37,021 - mmseg - INFO - Iter [14050/40000]	lr: 5.970e-05, eta: 6:27:28, time: 0.900, data_time: 0.008, memory: 22512, loss_decode: 0.4223, decode_ce: 0.0510, decode_dice: 0.1284, decode_lovasz: 0.1445, decode_boundary: 0.3519, decode_scale_reg: 0.0007, decode_lambda_bound: 0.5648, decode_boundary_boost: 0.0650, aux.loss_ce: 0.0310, aux.acc_seg: 97.6635, loss: 0.4533
2026-05-11 22:41:22,045 - mmseg - INFO - Iter [14100/40000]	lr: 5.959e-05, eta: 6:26:43, time: 0.900, data_time: 0.008, memory: 22512, loss_decode: 0.4463, decode_ce: 0.0555, decode_dice: 0.1506, decode_lovasz: 0.1477, decode_boundary: 0.3623, decode_scale_reg: 0.0007, decode_lambda_bound: 0.5650, decode_boundary_boost: 0.0650, aux.loss_ce: 0.0327, aux.acc_seg: 97.5218, loss: 0.4790
2026-05-11 22:42:07,144 - mmseg - INFO - Iter [14150/40000]	lr: 5.948e-05, eta: 6:25:59, time: 0.902, data_time: 0.008, memory: 22512, loss_decode: 0.4340, decode_ce: 0.0553, decode_dice: 0.1295, decode_lovasz: 0.1586, decode_boundary: 0.3453, decode_scale_reg: 0.0004, decode_lambda_bound: 0.5650, decode_boundary_boost: 0.0650, aux.loss_ce: 0.0322, aux.acc_seg: 97.5813, loss: 0.4662
2026-05-11 22:42:52,164 - mmseg - INFO - Iter [14200/40000]	lr: 5.937e-05, eta: 6:25:15, time: 0.900, data_time: 0.009, memory: 22512, loss_decode: 0.4461, decode_ce: 0.0522, decode_dice: 0.1623, decode_lovasz: 0.1495, decode_boundary: 0.3548, decode_scale_reg: 0.0008, decode_lambda_bound: 0.5650, decode_boundary_boost: 0.0650, aux.loss_ce: 0.0325, aux.acc_seg: 97.5610, loss: 0.4785
2026-05-11 22:43:37,209 - mmseg - INFO - Iter [14250/40000]	lr: 5.926e-05, eta: 6:24:30, time: 0.901, data_time: 0.009, memory: 22512, loss_decode: 0.4502, decode_ce: 0.0634, decode_dice: 0.1253, decode_lovasz: 0.1521, decode_boundary: 0.3720, decode_scale_reg: 0.0012, decode_lambda_bound: 0.5650, decode_boundary_boost: 0.0650, aux.loss_ce: 0.0354, aux.acc_seg: 97.3372, loss: 0.4857
2026-05-11 22:44:22,244 - mmseg - INFO - Iter [14300/40000]	lr: 5.915e-05, eta: 6:23:46, time: 0.901, data_time: 0.008, memory: 22512, loss_decode: 0.4275, decode_ce: 0.0504, decode_dice: 0.1581, decode_lovasz: 0.1430, decode_boundary: 0.3376, decode_scale_reg: 0.0008, decode_lambda_bound: 0.5650, decode_boundary_boost: 0.0650, aux.loss_ce: 0.0305, aux.acc_seg: 97.7381, loss: 0.4580
2026-05-11 22:45:07,297 - mmseg - INFO - Iter [14350/40000]	lr: 5.905e-05, eta: 6:23:02, time: 0.901, data_time: 0.008, memory: 22512, loss_decode: 0.4433, decode_ce: 0.0597, decode_dice: 0.1348, decode_lovasz: 0.1547, decode_boundary: 0.3542, decode_scale_reg: 0.0005, decode_lambda_bound: 0.5650, decode_boundary_boost: 0.0650, aux.loss_ce: 0.0350, aux.acc_seg: 97.3878, loss: 0.4782
2026-05-11 22:45:52,307 - mmseg - INFO - Iter [14400/40000]	lr: 5.894e-05, eta: 6:22:17, time: 0.900, data_time: 0.009, memory: 22512, loss_decode: 0.4355, decode_ce: 0.0536, decode_dice: 0.1369, decode_lovasz: 0.1582, decode_boundary: 0.3448, decode_scale_reg: 0.0005, decode_lambda_bound: 0.5650, decode_boundary_boost: 0.0650, aux.loss_ce: 0.0321, aux.acc_seg: 97.5903, loss: 0.4676
2026-05-11 22:46:37,363 - mmseg - INFO - Iter [14450/40000]	lr: 5.883e-05, eta: 6:21:33, time: 0.901, data_time: 0.008, memory: 22512, loss_decode: 0.4408, decode_ce: 0.0516, decode_dice: 0.1437, decode_lovasz: 0.1559, decode_boundary: 0.3579, decode_scale_reg: 0.0006, decode_lambda_bound: 0.5601, decode_boundary_boost: 0.0600, aux.loss_ce: 0.0315, aux.acc_seg: 97.6486, loss: 0.4723
2026-05-11 22:47:22,413 - mmseg - INFO - Iter [14500/40000]	lr: 5.872e-05, eta: 6:20:49, time: 0.901, data_time: 0.009, memory: 22512, loss_decode: 0.4323, decode_ce: 0.0540, decode_dice: 0.1403, decode_lovasz: 0.1442, decode_boundary: 0.3571, decode_scale_reg: 0.0004, decode_lambda_bound: 0.5600, decode_boundary_boost: 0.0600, aux.loss_ce: 0.0317, aux.acc_seg: 97.5490, loss: 0.4640
2026-05-11 22:48:07,480 - mmseg - INFO - Iter [14550/40000]	lr: 5.861e-05, eta: 6:20:04, time: 0.901, data_time: 0.009, memory: 22512, loss_decode: 0.4550, decode_ce: 0.0583, decode_dice: 0.1745, decode_lovasz: 0.1481, decode_boundary: 0.3542, decode_scale_reg: 0.0007, decode_lambda_bound: 0.5600, decode_boundary_boost: 0.0600, aux.loss_ce: 0.0340, aux.acc_seg: 97.4630, loss: 0.4890
2026-05-11 22:48:52,527 - mmseg - INFO - Iter [14600/40000]	lr: 5.850e-05, eta: 6:19:20, time: 0.901, data_time: 0.008, memory: 22512, loss_decode: 0.4468, decode_ce: 0.0586, decode_dice: 0.1340, decode_lovasz: 0.1589, decode_boundary: 0.3605, decode_scale_reg: 0.0007, decode_lambda_bound: 0.5600, decode_boundary_boost: 0.0600, aux.loss_ce: 0.0350, aux.acc_seg: 97.3453, loss: 0.4818
2026-05-11 22:49:37,550 - mmseg - INFO - Iter [14650/40000]	lr: 5.839e-05, eta: 6:18:35, time: 0.900, data_time: 0.009, memory: 22512, loss_decode: 0.4146, decode_ce: 0.0530, decode_dice: 0.1148, decode_lovasz: 0.1425, decode_boundary: 0.3524, decode_scale_reg: 0.0017, decode_lambda_bound: 0.5600, decode_boundary_boost: 0.0600, aux.loss_ce: 0.0311, aux.acc_seg: 97.6438, loss: 0.4457
2026-05-11 22:50:22,609 - mmseg - INFO - Iter [14700/40000]	lr: 5.828e-05, eta: 6:17:51, time: 0.901, data_time: 0.009, memory: 22512, loss_decode: 0.4302, decode_ce: 0.0512, decode_dice: 0.1518, decode_lovasz: 0.1453, decode_boundary: 0.3467, decode_scale_reg: 0.0013, decode_lambda_bound: 0.5600, decode_boundary_boost: 0.0600, aux.loss_ce: 0.0311, aux.acc_seg: 97.6476, loss: 0.4613
2026-05-11 22:51:07,624 - mmseg - INFO - Iter [14750/40000]	lr: 5.817e-05, eta: 6:17:07, time: 0.900, data_time: 0.008, memory: 22512, loss_decode: 0.4337, decode_ce: 0.0539, decode_dice: 0.1335, decode_lovasz: 0.1511, decode_boundary: 0.3566, decode_scale_reg: 0.0007, decode_lambda_bound: 0.5600, decode_boundary_boost: 0.0600, aux.loss_ce: 0.0313, aux.acc_seg: 97.6206, loss: 0.4649
2026-05-11 22:51:52,623 - mmseg - INFO - Iter [14800/40000]	lr: 5.806e-05, eta: 6:16:22, time: 0.900, data_time: 0.008, memory: 22512, loss_decode: 0.4187, decode_ce: 0.0510, decode_dice: 0.1346, decode_lovasz: 0.1389, decode_boundary: 0.3503, decode_scale_reg: 0.0010, decode_lambda_bound: 0.5600, decode_boundary_boost: 0.0600, aux.loss_ce: 0.0294, aux.acc_seg: 97.7955, loss: 0.4480
2026-05-11 22:52:37,675 - mmseg - INFO - Iter [14850/40000]	lr: 5.795e-05, eta: 6:15:38, time: 0.901, data_time: 0.008, memory: 22512, loss_decode: 0.4350, decode_ce: 0.0568, decode_dice: 0.1434, decode_lovasz: 0.1479, decode_boundary: 0.3523, decode_scale_reg: 0.0007, decode_lambda_bound: 0.5551, decode_boundary_boost: 0.0550, aux.loss_ce: 0.0310, aux.acc_seg: 97.7341, loss: 0.4660
2026-05-11 22:53:22,831 - mmseg - INFO - Iter [14900/40000]	lr: 5.784e-05, eta: 6:14:53, time: 0.903, data_time: 0.008, memory: 22512, loss_decode: 0.4085, decode_ce: 0.0495, decode_dice: 0.1322, decode_lovasz: 0.1333, decode_boundary: 0.3476, decode_scale_reg: 0.0010, decode_lambda_bound: 0.5550, decode_boundary_boost: 0.0550, aux.loss_ce: 0.0303, aux.acc_seg: 97.6684, loss: 0.4388
2026-05-11 22:54:07,878 - mmseg - INFO - Iter [14950/40000]	lr: 5.774e-05, eta: 6:14:09, time: 0.901, data_time: 0.008, memory: 22512, loss_decode: 0.3917, decode_ce: 0.0431, decode_dice: 0.1086, decode_lovasz: 0.1349, decode_boundary: 0.3481, decode_scale_reg: 0.0006, decode_lambda_bound: 0.5550, decode_boundary_boost: 0.0550, aux.loss_ce: 0.0276, aux.acc_seg: 97.8729, loss: 0.4193
2026-05-11 22:54:52,946 - mmseg - INFO - Exp name: uper_cosnet_specwaste_40k.py
2026-05-11 22:54:52,946 - mmseg - INFO - Iter [15000/40000]	lr: 5.763e-05, eta: 6:13:25, time: 0.901, data_time: 0.008, memory: 22512, loss_decode: 0.4035, decode_ce: 0.0522, decode_dice: 0.1098, decode_lovasz: 0.1357, decode_boundary: 0.3509, decode_scale_reg: 0.0008, decode_lambda_bound: 0.5550, decode_boundary_boost: 0.0550, aux.loss_ce: 0.0321, aux.acc_seg: 97.6032, loss: 0.4356
2026-05-11 22:55:37,991 - mmseg - INFO - Iter [15050/40000]	lr: 5.752e-05, eta: 6:12:40, time: 0.901, data_time: 0.008, memory: 22512, loss_decode: 0.4228, decode_ce: 0.0529, decode_dice: 0.1368, decode_lovasz: 0.1398, decode_boundary: 0.3544, decode_scale_reg: 0.0012, decode_lambda_bound: 0.5550, decode_boundary_boost: 0.0550, aux.loss_ce: 0.0316, aux.acc_seg: 97.5926, loss: 0.4544
2026-05-11 22:56:22,999 - mmseg - INFO - Iter [15100/40000]	lr: 5.741e-05, eta: 6:11:56, time: 0.900, data_time: 0.008, memory: 22512, loss_decode: 0.4083, decode_ce: 0.0466, decode_dice: 0.1110, decode_lovasz: 0.1450, decode_boundary: 0.3556, decode_scale_reg: 0.0006, decode_lambda_bound: 0.5550, decode_boundary_boost: 0.0550, aux.loss_ce: 0.0283, aux.acc_seg: 97.8321, loss: 0.4366
2026-05-11 22:57:08,065 - mmseg - INFO - Iter [15150/40000]	lr: 5.730e-05, eta: 6:11:11, time: 0.901, data_time: 0.008, memory: 22512, loss_decode: 0.3855, decode_ce: 0.0435, decode_dice: 0.1070, decode_lovasz: 0.1255, decode_boundary: 0.3501, decode_scale_reg: 0.0007, decode_lambda_bound: 0.5550, decode_boundary_boost: 0.0550, aux.loss_ce: 0.0280, aux.acc_seg: 97.8290, loss: 0.4135
2026-05-11 22:57:53,038 - mmseg - INFO - Iter [15200/40000]	lr: 5.719e-05, eta: 6:10:27, time: 0.899, data_time: 0.008, memory: 22512, loss_decode: 0.4009, decode_ce: 0.0514, decode_dice: 0.1085, decode_lovasz: 0.1337, decode_boundary: 0.3513, decode_scale_reg: 0.0009, decode_lambda_bound: 0.5550, decode_boundary_boost: 0.0550, aux.loss_ce: 0.0298, aux.acc_seg: 97.6828, loss: 0.4307
2026-05-11 22:58:38,131 - mmseg - INFO - Iter [15250/40000]	lr: 5.708e-05, eta: 6:09:42, time: 0.902, data_time: 0.008, memory: 22512, loss_decode: 0.3922, decode_ce: 0.0490, decode_dice: 0.0961, decode_lovasz: 0.1261, decode_boundary: 0.3645, decode_scale_reg: 0.0009, decode_lambda_bound: 0.5501, decode_boundary_boost: 0.0500, aux.loss_ce: 0.0305, aux.acc_seg: 97.6703, loss: 0.4226
2026-05-11 22:59:23,183 - mmseg - INFO - Iter [15300/40000]	lr: 5.697e-05, eta: 6:08:58, time: 0.901, data_time: 0.008, memory: 22512, loss_decode: 0.4143, decode_ce: 0.0567, decode_dice: 0.1170, decode_lovasz: 0.1357, decode_boundary: 0.3587, decode_scale_reg: 0.0010, decode_lambda_bound: 0.5500, decode_boundary_boost: 0.0500, aux.loss_ce: 0.0338, aux.acc_seg: 97.5388, loss: 0.4482
2026-05-11 23:00:08,216 - mmseg - INFO - Iter [15350/40000]	lr: 5.686e-05, eta: 6:08:14, time: 0.901, data_time: 0.008, memory: 22512, loss_decode: 0.4197, decode_ce: 0.0511, decode_dice: 0.1286, decode_lovasz: 0.1414, decode_boundary: 0.3605, decode_scale_reg: 0.0010, decode_lambda_bound: 0.5500, decode_boundary_boost: 0.0500, aux.loss_ce: 0.0306, aux.acc_seg: 97.6562, loss: 0.4503
2026-05-11 23:00:53,292 - mmseg - INFO - Iter [15400/40000]	lr: 5.675e-05, eta: 6:07:29, time: 0.902, data_time: 0.008, memory: 22512, loss_decode: 0.4200, decode_ce: 0.0565, decode_dice: 0.1178, decode_lovasz: 0.1480, decode_boundary: 0.3519, decode_scale_reg: 0.0006, decode_lambda_bound: 0.5500, decode_boundary_boost: 0.0500, aux.loss_ce: 0.0320, aux.acc_seg: 97.5831, loss: 0.4519
2026-05-11 23:01:38,346 - mmseg - INFO - Iter [15450/40000]	lr: 5.664e-05, eta: 6:06:45, time: 0.901, data_time: 0.008, memory: 22512, loss_decode: 0.4524, decode_ce: 0.0647, decode_dice: 0.1436, decode_lovasz: 0.1618, decode_boundary: 0.3536, decode_scale_reg: 0.0006, decode_lambda_bound: 0.5500, decode_boundary_boost: 0.0500, aux.loss_ce: 0.0381, aux.acc_seg: 97.1573, loss: 0.4905
2026-05-11 23:02:23,413 - mmseg - INFO - Iter [15500/40000]	lr: 5.653e-05, eta: 6:06:00, time: 0.901, data_time: 0.009, memory: 22512, loss_decode: 0.4335, decode_ce: 0.0555, decode_dice: 0.1296, decode_lovasz: 0.1603, decode_boundary: 0.3509, decode_scale_reg: 0.0007, decode_lambda_bound: 0.5500, decode_boundary_boost: 0.0500, aux.loss_ce: 0.0325, aux.acc_seg: 97.5529, loss: 0.4660
2026-05-11 23:03:08,456 - mmseg - INFO - Iter [15550/40000]	lr: 5.642e-05, eta: 6:05:16, time: 0.901, data_time: 0.008, memory: 22512, loss_decode: 0.4106, decode_ce: 0.0490, decode_dice: 0.1290, decode_lovasz: 0.1458, decode_boundary: 0.3414, decode_scale_reg: 0.0009, decode_lambda_bound: 0.5500, decode_boundary_boost: 0.0500, aux.loss_ce: 0.0293, aux.acc_seg: 97.7937, loss: 0.4399
2026-05-11 23:03:53,467 - mmseg - INFO - Iter [15600/40000]	lr: 5.631e-05, eta: 6:04:31, time: 0.900, data_time: 0.008, memory: 22512, loss_decode: 0.4234, decode_ce: 0.0575, decode_dice: 0.1354, decode_lovasz: 0.1490, decode_boundary: 0.3390, decode_scale_reg: 0.0008, decode_lambda_bound: 0.5500, decode_boundary_boost: 0.0500, aux.loss_ce: 0.0321, aux.acc_seg: 97.5468, loss: 0.4555
2026-05-11 23:04:38,564 - mmseg - INFO - Iter [15650/40000]	lr: 5.620e-05, eta: 6:03:47, time: 0.902, data_time: 0.009, memory: 22512, loss_decode: 0.4574, decode_ce: 0.0789, decode_dice: 0.1310, decode_lovasz: 0.1623, decode_boundary: 0.3417, decode_scale_reg: 0.0011, decode_lambda_bound: 0.5598, decode_boundary_boost: 0.0600, aux.loss_ce: 0.0418, aux.acc_seg: 97.0187, loss: 0.4992
2026-05-11 23:05:23,638 - mmseg - INFO - Iter [15700/40000]	lr: 5.609e-05, eta: 6:03:03, time: 0.901, data_time: 0.008, memory: 22512, loss_decode: 0.4443, decode_ce: 0.0659, decode_dice: 0.1473, decode_lovasz: 0.1454, decode_boundary: 0.3493, decode_scale_reg: 0.0010, decode_lambda_bound: 0.5600, decode_boundary_boost: 0.0600, aux.loss_ce: 0.0371, aux.acc_seg: 97.3198, loss: 0.4814
2026-05-11 23:06:08,731 - mmseg - INFO - Iter [15750/40000]	lr: 5.599e-05, eta: 6:02:18, time: 0.902, data_time: 0.008, memory: 22512, loss_decode: 0.4396, decode_ce: 0.0602, decode_dice: 0.1296, decode_lovasz: 0.1548, decode_boundary: 0.3544, decode_scale_reg: 0.0009, decode_lambda_bound: 0.5600, decode_boundary_boost: 0.0600, aux.loss_ce: 0.0366, aux.acc_seg: 97.2765, loss: 0.4762
2026-05-11 23:06:53,818 - mmseg - INFO - Iter [15800/40000]	lr: 5.588e-05, eta: 6:01:34, time: 0.902, data_time: 0.009, memory: 22512, loss_decode: 0.4321, decode_ce: 0.0527, decode_dice: 0.1339, decode_lovasz: 0.1508, decode_boundary: 0.3560, decode_scale_reg: 0.0010, decode_lambda_bound: 0.5600, decode_boundary_boost: 0.0600, aux.loss_ce: 0.0316, aux.acc_seg: 97.6122, loss: 0.4637
2026-05-11 23:07:38,979 - mmseg - INFO - Iter [15850/40000]	lr: 5.577e-05, eta: 6:00:49, time: 0.903, data_time: 0.008, memory: 22512, loss_decode: 0.4731, decode_ce: 0.0829, decode_dice: 0.1456, decode_lovasz: 0.1681, decode_boundary: 0.3418, decode_scale_reg: 0.0012, decode_lambda_bound: 0.5600, decode_boundary_boost: 0.0600, aux.loss_ce: 0.0416, aux.acc_seg: 97.0385, loss: 0.5148
2026-05-11 23:08:24,002 - mmseg - INFO - Iter [15900/40000]	lr: 5.566e-05, eta: 6:00:05, time: 0.900, data_time: 0.009, memory: 22512, loss_decode: 0.4352, decode_ce: 0.0636, decode_dice: 0.1177, decode_lovasz: 0.1542, decode_boundary: 0.3519, decode_scale_reg: 0.0012, decode_lambda_bound: 0.5600, decode_boundary_boost: 0.0600, aux.loss_ce: 0.0403, aux.acc_seg: 97.0811, loss: 0.4755
2026-05-11 23:09:09,101 - mmseg - INFO - Iter [15950/40000]	lr: 5.555e-05, eta: 5:59:20, time: 0.902, data_time: 0.008, memory: 22512, loss_decode: 0.4383, decode_ce: 0.0604, decode_dice: 0.1253, decode_lovasz: 0.1588, decode_boundary: 0.3502, decode_scale_reg: 0.0008, decode_lambda_bound: 0.5600, decode_boundary_boost: 0.0600, aux.loss_ce: 0.0339, aux.acc_seg: 97.4714, loss: 0.4722
2026-05-11 23:09:54,214 - mmseg - INFO - Saving checkpoint at 16000 iterations
2026-05-11 23:09:54,925 - mmseg - INFO - Exp name: uper_cosnet_specwaste_40k.py
2026-05-11 23:09:54,925 - mmseg - INFO - Iter [16000/40000]	lr: 5.544e-05, eta: 5:58:37, time: 0.916, data_time: 0.008, memory: 22512, loss_decode: 0.4250, decode_ce: 0.0550, decode_dice: 0.1152, decode_lovasz: 0.1505, decode_boundary: 0.3562, decode_scale_reg: 0.0007, decode_lambda_bound: 0.5600, decode_boundary_boost: 0.0600, aux.loss_ce: 0.0327, aux.acc_seg: 97.4951, loss: 0.4577
2026-05-11 23:10:04,002 - mmseg - INFO - per class results:
2026-05-11 23:10:04,002 - mmseg - INFO - 
+------------+-------+-------+
|   Class    |  IoU  |  Acc  |
+------------+-------+-------+
| background | 93.01 | 96.91 |
|    film    | 71.92 |  76.4 |
|   basket   | 84.74 | 89.05 |
| cardboard  | 64.06 | 66.76 |
| video_tape | 43.48 | 53.67 |
|  filament  |  71.2 | 78.24 |
|    bag     | 65.24 | 84.14 |
+------------+-------+-------+
2026-05-11 23:10:04,003 - mmseg - INFO - Summary:
2026-05-11 23:10:04,003 - mmseg - INFO - 
+-------+-------+-------+
|  aAcc |  mIoU |  mAcc |
+-------+-------+-------+
| 93.56 | 70.52 | 77.88 |
+-------+-------+-------+
2026-05-11 23:10:04,003 - mmseg - INFO - Exp name: uper_cosnet_specwaste_40k.py
2026-05-11 23:10:04,003 - mmseg - INFO - Iter(val) [171]	aAcc: 0.9356, mIoU: 0.7052, mAcc: 0.7788, IoU.background: 0.9301, IoU.film: 0.7192, IoU.basket: 0.8474, IoU.cardboard: 0.6406, IoU.video_tape: 0.4348, IoU.filament: 0.7120, IoU.bag: 0.6524, Acc.background: 0.9691, Acc.film: 0.7640, Acc.basket: 0.8905, Acc.cardboard: 0.6676, Acc.video_tape: 0.5367, Acc.filament: 0.7824, Acc.bag: 0.8414
2026-05-11 23:10:48,891 - mmseg - INFO - Iter [16050/40000]	lr: 5.533e-05, eta: 5:58:06, time: 1.079, data_time: 0.190, memory: 22512, loss_decode: 0.3914, decode_ce: 0.0450, decode_dice: 0.1198, decode_lovasz: 0.1280, decode_boundary: 0.3342, decode_scale_reg: 0.0010, decode_lambda_bound: 0.5698, decode_boundary_boost: 0.0700, aux.loss_ce: 0.0276, aux.acc_seg: 97.9225, loss: 0.4190
2026-05-11 23:11:36,137 - mmseg - INFO - Iter [16100/40000]	lr: 5.522e-05, eta: 5:57:25, time: 0.945, data_time: 0.054, memory: 22512, loss_decode: 0.3991, decode_ce: 0.0490, decode_dice: 0.1051, decode_lovasz: 0.1393, decode_boundary: 0.3387, decode_scale_reg: 0.0010, decode_lambda_bound: 0.5700, decode_boundary_boost: 0.0700, aux.loss_ce: 0.0281, aux.acc_seg: 97.8902, loss: 0.4272
2026-05-11 23:12:21,350 - mmseg - INFO - Iter [16150/40000]	lr: 5.511e-05, eta: 5:56:40, time: 0.904, data_time: 0.008, memory: 22512, loss_decode: 0.4170, decode_ce: 0.0481, decode_dice: 0.1230, decode_lovasz: 0.1436, decode_boundary: 0.3503, decode_scale_reg: 0.0008, decode_lambda_bound: 0.5700, decode_boundary_boost: 0.0700, aux.loss_ce: 0.0283, aux.acc_seg: 97.8318, loss: 0.4453
2026-05-11 23:13:06,556 - mmseg - INFO - Iter [16200/40000]	lr: 5.500e-05, eta: 5:55:56, time: 0.904, data_time: 0.008, memory: 22512, loss_decode: 0.4144, decode_ce: 0.0488, decode_dice: 0.1238, decode_lovasz: 0.1404, decode_boundary: 0.3480, decode_scale_reg: 0.0007, decode_lambda_bound: 0.5700, decode_boundary_boost: 0.0700, aux.loss_ce: 0.0302, aux.acc_seg: 97.7048, loss: 0.4446
2026-05-11 23:13:51,713 - mmseg - INFO - Iter [16250/40000]	lr: 5.489e-05, eta: 5:55:11, time: 0.903, data_time: 0.008, memory: 22512, loss_decode: 0.3988, decode_ce: 0.0460, decode_dice: 0.1285, decode_lovasz: 0.1260, decode_boundary: 0.3405, decode_scale_reg: 0.0006, decode_lambda_bound: 0.5700, decode_boundary_boost: 0.0700, aux.loss_ce: 0.0291, aux.acc_seg: 97.7369, loss: 0.4280
2026-05-11 23:14:36,815 - mmseg - INFO - Iter [16300/40000]	lr: 5.478e-05, eta: 5:54:27, time: 0.902, data_time: 0.008, memory: 22512, loss_decode: 0.3972, decode_ce: 0.0433, decode_dice: 0.1161, decode_lovasz: 0.1391, decode_boundary: 0.3360, decode_scale_reg: 0.0008, decode_lambda_bound: 0.5700, decode_boundary_boost: 0.0700, aux.loss_ce: 0.0266, aux.acc_seg: 97.9496, loss: 0.4238
2026-05-11 23:15:21,945 - mmseg - INFO - Iter [16350/40000]	lr: 5.467e-05, eta: 5:53:42, time: 0.903, data_time: 0.008, memory: 22512, loss_decode: 0.3966, decode_ce: 0.0511, decode_dice: 0.1028, decode_lovasz: 0.1300, decode_boundary: 0.3449, decode_scale_reg: 0.0012, decode_lambda_bound: 0.5700, decode_boundary_boost: 0.0700, aux.loss_ce: 0.0303, aux.acc_seg: 97.6800, loss: 0.4269
2026-05-11 23:16:07,044 - mmseg - INFO - Iter [16400/40000]	lr: 5.456e-05, eta: 5:52:58, time: 0.902, data_time: 0.008, memory: 22512, loss_decode: 0.4039, decode_ce: 0.0486, decode_dice: 0.1111, decode_lovasz: 0.1311, decode_boundary: 0.3535, decode_scale_reg: 0.0010, decode_lambda_bound: 0.5700, decode_boundary_boost: 0.0700, aux.loss_ce: 0.0298, aux.acc_seg: 97.7100, loss: 0.4338
2026-05-11 23:16:52,140 - mmseg - INFO - Iter [16450/40000]	lr: 5.445e-05, eta: 5:52:13, time: 0.902, data_time: 0.008, memory: 22512, loss_decode: 0.4451, decode_ce: 0.0556, decode_dice: 0.1539, decode_lovasz: 0.1504, decode_boundary: 0.3536, decode_scale_reg: 0.0012, decode_lambda_bound: 0.5651, decode_boundary_boost: 0.0650, aux.loss_ce: 0.0316, aux.acc_seg: 97.6119, loss: 0.4767
2026-05-11 23:17:37,224 - mmseg - INFO - Iter [16500/40000]	lr: 5.434e-05, eta: 5:51:29, time: 0.902, data_time: 0.008, memory: 22512, loss_decode: 0.3784, decode_ce: 0.0439, decode_dice: 0.1068, decode_lovasz: 0.1195, decode_boundary: 0.3389, decode_scale_reg: 0.0008, decode_lambda_bound: 0.5650, decode_boundary_boost: 0.0650, aux.loss_ce: 0.0278, aux.acc_seg: 97.8872, loss: 0.4062
2026-05-11 23:18:22,273 - mmseg - INFO - Iter [16550/40000]	lr: 5.423e-05, eta: 5:50:44, time: 0.901, data_time: 0.008, memory: 22512, loss_decode: 0.3924, decode_ce: 0.0480, decode_dice: 0.1179, decode_lovasz: 0.1290, decode_boundary: 0.3339, decode_scale_reg: 0.0011, decode_lambda_bound: 0.5650, decode_boundary_boost: 0.0650, aux.loss_ce: 0.0285, aux.acc_seg: 97.8763, loss: 0.4209
2026-05-11 23:19:07,345 - mmseg - INFO - Iter [16600/40000]	lr: 5.412e-05, eta: 5:50:00, time: 0.901, data_time: 0.009, memory: 22512, loss_decode: 0.4232, decode_ce: 0.0491, decode_dice: 0.1415, decode_lovasz: 0.1422, decode_boundary: 0.3481, decode_scale_reg: 0.0011, decode_lambda_bound: 0.5650, decode_boundary_boost: 0.0650, aux.loss_ce: 0.0288, aux.acc_seg: 97.7797, loss: 0.4520
2026-05-11 23:19:52,397 - mmseg - INFO - Iter [16650/40000]	lr: 5.401e-05, eta: 5:49:15, time: 0.901, data_time: 0.009, memory: 22512, loss_decode: 0.4129, decode_ce: 0.0501, decode_dice: 0.1152, decode_lovasz: 0.1406, decode_boundary: 0.3534, decode_scale_reg: 0.0006, decode_lambda_bound: 0.5650, decode_boundary_boost: 0.0650, aux.loss_ce: 0.0299, aux.acc_seg: 97.7239, loss: 0.4428
2026-05-11 23:20:37,518 - mmseg - INFO - Iter [16700/40000]	lr: 5.390e-05, eta: 5:48:30, time: 0.902, data_time: 0.009, memory: 22512, loss_decode: 0.4341, decode_ce: 0.0691, decode_dice: 0.1100, decode_lovasz: 0.1413, decode_boundary: 0.3609, decode_scale_reg: 0.0013, decode_lambda_bound: 0.5650, decode_boundary_boost: 0.0650, aux.loss_ce: 0.0377, aux.acc_seg: 97.2142, loss: 0.4717
2026-05-11 23:21:22,540 - mmseg - INFO - Iter [16750/40000]	lr: 5.379e-05, eta: 5:47:46, time: 0.900, data_time: 0.009, memory: 22512, loss_decode: 0.4100, decode_ce: 0.0553, decode_dice: 0.1103, decode_lovasz: 0.1330, decode_boundary: 0.3536, decode_scale_reg: 0.0013, decode_lambda_bound: 0.5650, decode_boundary_boost: 0.0650, aux.loss_ce: 0.0317, aux.acc_seg: 97.6287, loss: 0.4417
2026-05-11 23:22:07,594 - mmseg - INFO - Iter [16800/40000]	lr: 5.368e-05, eta: 5:47:01, time: 0.901, data_time: 0.009, memory: 22512, loss_decode: 0.4038, decode_ce: 0.0429, decode_dice: 0.1270, decode_lovasz: 0.1438, decode_boundary: 0.3353, decode_scale_reg: 0.0010, decode_lambda_bound: 0.5650, decode_boundary_boost: 0.0650, aux.loss_ce: 0.0262, aux.acc_seg: 97.9966, loss: 0.4299
2026-05-11 23:22:52,675 - mmseg - INFO - Iter [16850/40000]	lr: 5.357e-05, eta: 5:46:17, time: 0.902, data_time: 0.009, memory: 22512, loss_decode: 0.4037, decode_ce: 0.0464, decode_dice: 0.1292, decode_lovasz: 0.1374, decode_boundary: 0.3301, decode_scale_reg: 0.0006, decode_lambda_bound: 0.5748, decode_boundary_boost: 0.0750, aux.loss_ce: 0.0266, aux.acc_seg: 97.9462, loss: 0.4304
2026-05-11 23:23:37,842 - mmseg - INFO - Iter [16900/40000]	lr: 5.346e-05, eta: 5:45:32, time: 0.903, data_time: 0.009, memory: 22512, loss_decode: 0.3871, decode_ce: 0.0431, decode_dice: 0.1039, decode_lovasz: 0.1293, decode_boundary: 0.3392, decode_scale_reg: 0.0006, decode_lambda_bound: 0.5750, decode_boundary_boost: 0.0750, aux.loss_ce: 0.0260, aux.acc_seg: 97.9750, loss: 0.4131
2026-05-11 23:24:22,920 - mmseg - INFO - Iter [16950/40000]	lr: 5.335e-05, eta: 5:44:47, time: 0.902, data_time: 0.009, memory: 22512, loss_decode: 0.3839, decode_ce: 0.0420, decode_dice: 0.1132, decode_lovasz: 0.1257, decode_boundary: 0.3323, decode_scale_reg: 0.0011, decode_lambda_bound: 0.5750, decode_boundary_boost: 0.0750, aux.loss_ce: 0.0252, aux.acc_seg: 98.0480, loss: 0.4091
2026-05-11 23:25:08,007 - mmseg - INFO - Exp name: uper_cosnet_specwaste_40k.py
2026-05-11 23:25:08,007 - mmseg - INFO - Iter [17000/40000]	lr: 5.324e-05, eta: 5:44:03, time: 0.902, data_time: 0.009, memory: 22512, loss_decode: 0.4120, decode_ce: 0.0499, decode_dice: 0.1190, decode_lovasz: 0.1437, decode_boundary: 0.3389, decode_scale_reg: 0.0006, decode_lambda_bound: 0.5750, decode_boundary_boost: 0.0750, aux.loss_ce: 0.0291, aux.acc_seg: 97.7614, loss: 0.4411
2026-05-11 23:25:53,131 - mmseg - INFO - Iter [17050/40000]	lr: 5.314e-05, eta: 5:43:18, time: 0.902, data_time: 0.009, memory: 22512, loss_decode: 0.4282, decode_ce: 0.0534, decode_dice: 0.1388, decode_lovasz: 0.1464, decode_boundary: 0.3402, decode_scale_reg: 0.0008, decode_lambda_bound: 0.5750, decode_boundary_boost: 0.0750, aux.loss_ce: 0.0292, aux.acc_seg: 97.8345, loss: 0.4574
2026-05-11 23:26:38,269 - mmseg - INFO - Iter [17100/40000]	lr: 5.303e-05, eta: 5:42:34, time: 0.903, data_time: 0.008, memory: 22512, loss_decode: 0.4166, decode_ce: 0.0499, decode_dice: 0.1199, decode_lovasz: 0.1486, decode_boundary: 0.3396, decode_scale_reg: 0.0008, decode_lambda_bound: 0.5750, decode_boundary_boost: 0.0750, aux.loss_ce: 0.0290, aux.acc_seg: 97.8102, loss: 0.4456
2026-05-11 23:27:23,354 - mmseg - INFO - Iter [17150/40000]	lr: 5.292e-05, eta: 5:41:49, time: 0.902, data_time: 0.009, memory: 22512, loss_decode: 0.4057, decode_ce: 0.0525, decode_dice: 0.1056, decode_lovasz: 0.1401, decode_boundary: 0.3397, decode_scale_reg: 0.0005, decode_lambda_bound: 0.5750, decode_boundary_boost: 0.0750, aux.loss_ce: 0.0292, aux.acc_seg: 97.8040, loss: 0.4349
2026-05-11 23:28:08,478 - mmseg - INFO - Iter [17200/40000]	lr: 5.281e-05, eta: 5:41:05, time: 0.902, data_time: 0.008, memory: 22512, loss_decode: 0.4417, decode_ce: 0.0587, decode_dice: 0.1309, decode_lovasz: 0.1597, decode_boundary: 0.3440, decode_scale_reg: 0.0003, decode_lambda_bound: 0.5750, decode_boundary_boost: 0.0750, aux.loss_ce: 0.0339, aux.acc_seg: 97.4538, loss: 0.4755
2026-05-11 23:28:53,625 - mmseg - INFO - Iter [17250/40000]	lr: 5.270e-05, eta: 5:40:20, time: 0.903, data_time: 0.008, memory: 22512, loss_decode: 0.4507, decode_ce: 0.0640, decode_dice: 0.1286, decode_lovasz: 0.1606, decode_boundary: 0.3542, decode_scale_reg: 0.0004, decode_lambda_bound: 0.5701, decode_boundary_boost: 0.0700, aux.loss_ce: 0.0357, aux.acc_seg: 97.3637, loss: 0.4864
2026-05-11 23:29:38,731 - mmseg - INFO - Iter [17300/40000]	lr: 5.259e-05, eta: 5:39:36, time: 0.902, data_time: 0.009, memory: 22512, loss_decode: 0.4497, decode_ce: 0.0714, decode_dice: 0.1249, decode_lovasz: 0.1579, decode_boundary: 0.3462, decode_scale_reg: 0.0004, decode_lambda_bound: 0.5700, decode_boundary_boost: 0.0700, aux.loss_ce: 0.0397, aux.acc_seg: 97.2102, loss: 0.4893
2026-05-11 23:30:23,831 - mmseg - INFO - Iter [17350/40000]	lr: 5.248e-05, eta: 5:38:51, time: 0.902, data_time: 0.009, memory: 22512, loss_decode: 0.4185, decode_ce: 0.0585, decode_dice: 0.1148, decode_lovasz: 0.1415, decode_boundary: 0.3448, decode_scale_reg: 0.0003, decode_lambda_bound: 0.5700, decode_boundary_boost: 0.0700, aux.loss_ce: 0.0336, aux.acc_seg: 97.4144, loss: 0.4521
2026-05-11 23:31:08,966 - mmseg - INFO - Iter [17400/40000]	lr: 5.237e-05, eta: 5:38:06, time: 0.903, data_time: 0.009, memory: 22512, loss_decode: 0.4271, decode_ce: 0.0550, decode_dice: 0.1134, decode_lovasz: 0.1542, decode_boundary: 0.3504, decode_scale_reg: 0.0007, decode_lambda_bound: 0.5700, decode_boundary_boost: 0.0700, aux.loss_ce: 0.0324, aux.acc_seg: 97.5401, loss: 0.4596
2026-05-11 23:31:54,118 - mmseg - INFO - Iter [17450/40000]	lr: 5.226e-05, eta: 5:37:22, time: 0.903, data_time: 0.008, memory: 22512, loss_decode: 0.4299, decode_ce: 0.0562, decode_dice: 0.1295, decode_lovasz: 0.1462, decode_boundary: 0.3496, decode_scale_reg: 0.0004, decode_lambda_bound: 0.5700, decode_boundary_boost: 0.0700, aux.loss_ce: 0.0333, aux.acc_seg: 97.5008, loss: 0.4632
2026-05-11 23:32:39,237 - mmseg - INFO - Iter [17500/40000]	lr: 5.215e-05, eta: 5:36:37, time: 0.902, data_time: 0.008, memory: 22512, loss_decode: 0.4128, decode_ce: 0.0537, decode_dice: 0.1028, decode_lovasz: 0.1340, decode_boundary: 0.3634, decode_scale_reg: 0.0009, decode_lambda_bound: 0.5700, decode_boundary_boost: 0.0700, aux.loss_ce: 0.0329, aux.acc_seg: 97.5116, loss: 0.4456
2026-05-11 23:33:24,366 - mmseg - INFO - Iter [17550/40000]	lr: 5.204e-05, eta: 5:35:53, time: 0.903, data_time: 0.008, memory: 22512, loss_decode: 0.4066, decode_ce: 0.0526, decode_dice: 0.1176, decode_lovasz: 0.1286, decode_boundary: 0.3486, decode_scale_reg: 0.0013, decode_lambda_bound: 0.5700, decode_boundary_boost: 0.0700, aux.loss_ce: 0.0312, aux.acc_seg: 97.6168, loss: 0.4377
2026-05-11 23:34:09,469 - mmseg - INFO - Iter [17600/40000]	lr: 5.193e-05, eta: 5:35:08, time: 0.902, data_time: 0.008, memory: 22512, loss_decode: 0.4234, decode_ce: 0.0592, decode_dice: 0.1043, decode_lovasz: 0.1480, decode_boundary: 0.3527, decode_scale_reg: 0.0010, decode_lambda_bound: 0.5700, decode_boundary_boost: 0.0700, aux.loss_ce: 0.0336, aux.acc_seg: 97.4684, loss: 0.4570
2026-05-11 23:34:54,569 - mmseg - INFO - Iter [17650/40000]	lr: 5.182e-05, eta: 5:34:23, time: 0.902, data_time: 0.009, memory: 22512, loss_decode: 0.3963, decode_ce: 0.0456, decode_dice: 0.1130, decode_lovasz: 0.1297, decode_boundary: 0.3396, decode_scale_reg: 0.0008, decode_lambda_bound: 0.5798, decode_boundary_boost: 0.0800, aux.loss_ce: 0.0286, aux.acc_seg: 97.8117, loss: 0.4249
2026-05-11 23:35:39,781 - mmseg - INFO - Iter [17700/40000]	lr: 5.171e-05, eta: 5:33:39, time: 0.904, data_time: 0.009, memory: 22512, loss_decode: 0.4113, decode_ce: 0.0537, decode_dice: 0.1149, decode_lovasz: 0.1304, decode_boundary: 0.3490, decode_scale_reg: 0.0004, decode_lambda_bound: 0.5800, decode_boundary_boost: 0.0800, aux.loss_ce: 0.0314, aux.acc_seg: 97.6081, loss: 0.4427
2026-05-11 23:36:24,878 - mmseg - INFO - Iter [17750/40000]	lr: 5.160e-05, eta: 5:32:54, time: 0.902, data_time: 0.008, memory: 22512, loss_decode: 0.3989, decode_ce: 0.0434, decode_dice: 0.1219, decode_lovasz: 0.1426, decode_boundary: 0.3234, decode_scale_reg: 0.0005, decode_lambda_bound: 0.5800, decode_boundary_boost: 0.0800, aux.loss_ce: 0.0262, aux.acc_seg: 98.0016, loss: 0.4251
2026-05-11 23:37:10,023 - mmseg - INFO - Iter [17800/40000]	lr: 5.149e-05, eta: 5:32:10, time: 0.903, data_time: 0.008, memory: 22512, loss_decode: 0.3979, decode_ce: 0.0438, decode_dice: 0.1149, decode_lovasz: 0.1329, decode_boundary: 0.3396, decode_scale_reg: 0.0006, decode_lambda_bound: 0.5800, decode_boundary_boost: 0.0800, aux.loss_ce: 0.0272, aux.acc_seg: 97.9048, loss: 0.4250
2026-05-11 23:37:55,150 - mmseg - INFO - Iter [17850/40000]	lr: 5.138e-05, eta: 5:31:25, time: 0.903, data_time: 0.008, memory: 22512, loss_decode: 0.4143, decode_ce: 0.0517, decode_dice: 0.1157, decode_lovasz: 0.1412, decode_boundary: 0.3428, decode_scale_reg: 0.0009, decode_lambda_bound: 0.5800, decode_boundary_boost: 0.0800, aux.loss_ce: 0.0300, aux.acc_seg: 97.7518, loss: 0.4444
2026-05-11 23:38:40,199 - mmseg - INFO - Iter [17900/40000]	lr: 5.127e-05, eta: 5:30:41, time: 0.901, data_time: 0.009, memory: 22512, loss_decode: 0.4263, decode_ce: 0.0526, decode_dice: 0.1347, decode_lovasz: 0.1537, decode_boundary: 0.3294, decode_scale_reg: 0.0010, decode_lambda_bound: 0.5800, decode_boundary_boost: 0.0800, aux.loss_ce: 0.0295, aux.acc_seg: 97.7946, loss: 0.4557
2026-05-11 23:39:25,343 - mmseg - INFO - Iter [17950/40000]	lr: 5.116e-05, eta: 5:29:56, time: 0.903, data_time: 0.009, memory: 22512, loss_decode: 0.4362, decode_ce: 0.0591, decode_dice: 0.1284, decode_lovasz: 0.1547, decode_boundary: 0.3395, decode_scale_reg: 0.0010, decode_lambda_bound: 0.5800, decode_boundary_boost: 0.0800, aux.loss_ce: 0.0315, aux.acc_seg: 97.5844, loss: 0.4678
2026-05-11 23:40:10,498 - mmseg - INFO - Exp name: uper_cosnet_specwaste_40k.py
2026-05-11 23:40:10,498 - mmseg - INFO - Iter [18000/40000]	lr: 5.105e-05, eta: 5:29:11, time: 0.903, data_time: 0.009, memory: 22512, loss_decode: 0.4144, decode_ce: 0.0497, decode_dice: 0.1348, decode_lovasz: 0.1429, decode_boundary: 0.3277, decode_scale_reg: 0.0008, decode_lambda_bound: 0.5800, decode_boundary_boost: 0.0800, aux.loss_ce: 0.0279, aux.acc_seg: 97.8851, loss: 0.4423
2026-05-11 23:40:55,738 - mmseg - INFO - Iter [18050/40000]	lr: 5.094e-05, eta: 5:28:27, time: 0.905, data_time: 0.009, memory: 22512, loss_decode: 0.4193, decode_ce: 0.0548, decode_dice: 0.1236, decode_lovasz: 0.1487, decode_boundary: 0.3326, decode_scale_reg: 0.0006, decode_lambda_bound: 0.5751, decode_boundary_boost: 0.0750, aux.loss_ce: 0.0308, aux.acc_seg: 97.6851, loss: 0.4501
2026-05-11 23:41:40,888 - mmseg - INFO - Iter [18100/40000]	lr: 5.083e-05, eta: 5:27:42, time: 0.903, data_time: 0.009, memory: 22512, loss_decode: 0.4171, decode_ce: 0.0578, decode_dice: 0.1218, decode_lovasz: 0.1405, decode_boundary: 0.3357, decode_scale_reg: 0.0005, decode_lambda_bound: 0.5750, decode_boundary_boost: 0.0750, aux.loss_ce: 0.0351, aux.acc_seg: 97.3989, loss: 0.4522
2026-05-11 23:42:26,078 - mmseg - INFO - Iter [18150/40000]	lr: 5.072e-05, eta: 5:26:58, time: 0.904, data_time: 0.009, memory: 22512, loss_decode: 0.4217, decode_ce: 0.0503, decode_dice: 0.1307, decode_lovasz: 0.1522, decode_boundary: 0.3335, decode_scale_reg: 0.0005, decode_lambda_bound: 0.5750, decode_boundary_boost: 0.0750, aux.loss_ce: 0.0302, aux.acc_seg: 97.7251, loss: 0.4519
2026-05-11 23:43:11,243 - mmseg - INFO - Iter [18200/40000]	lr: 5.061e-05, eta: 5:26:13, time: 0.903, data_time: 0.009, memory: 22512, loss_decode: 0.4065, decode_ce: 0.0497, decode_dice: 0.1244, decode_lovasz: 0.1397, decode_boundary: 0.3301, decode_scale_reg: 0.0006, decode_lambda_bound: 0.5750, decode_boundary_boost: 0.0750, aux.loss_ce: 0.0285, aux.acc_seg: 97.8139, loss: 0.4350
2026-05-11 23:43:56,375 - mmseg - INFO - Iter [18250/40000]	lr: 5.050e-05, eta: 5:25:29, time: 0.903, data_time: 0.009, memory: 22512, loss_decode: 0.4056, decode_ce: 0.0476, decode_dice: 0.1153, decode_lovasz: 0.1466, decode_boundary: 0.3312, decode_scale_reg: 0.0007, decode_lambda_bound: 0.5750, decode_boundary_boost: 0.0750, aux.loss_ce: 0.0276, aux.acc_seg: 97.9162, loss: 0.4332
2026-05-11 23:44:41,512 - mmseg - INFO - Iter [18300/40000]	lr: 5.039e-05, eta: 5:24:44, time: 0.903, data_time: 0.009, memory: 22512, loss_decode: 0.3913, decode_ce: 0.0468, decode_dice: 0.1082, decode_lovasz: 0.1266, decode_boundary: 0.3398, decode_scale_reg: 0.0008, decode_lambda_bound: 0.5750, decode_boundary_boost: 0.0750, aux.loss_ce: 0.0287, aux.acc_seg: 97.7565, loss: 0.4200
2026-05-11 23:45:26,576 - mmseg - INFO - Iter [18350/40000]	lr: 5.028e-05, eta: 5:23:59, time: 0.901, data_time: 0.008, memory: 22512, loss_decode: 0.4070, decode_ce: 0.0518, decode_dice: 0.1080, decode_lovasz: 0.1352, decode_boundary: 0.3476, decode_scale_reg: 0.0010, decode_lambda_bound: 0.5750, decode_boundary_boost: 0.0750, aux.loss_ce: 0.0306, aux.acc_seg: 97.6853, loss: 0.4376
2026-05-11 23:46:11,704 - mmseg - INFO - Iter [18400/40000]	lr: 5.017e-05, eta: 5:23:15, time: 0.903, data_time: 0.009, memory: 22512, loss_decode: 0.4000, decode_ce: 0.0463, decode_dice: 0.1142, decode_lovasz: 0.1391, decode_boundary: 0.3344, decode_scale_reg: 0.0007, decode_lambda_bound: 0.5750, decode_boundary_boost: 0.0750, aux.loss_ce: 0.0271, aux.acc_seg: 97.9013, loss: 0.4271
2026-05-11 23:46:56,847 - mmseg - INFO - Iter [18450/40000]	lr: 5.006e-05, eta: 5:22:30, time: 0.903, data_time: 0.008, memory: 22512, loss_decode: 0.4196, decode_ce: 0.0507, decode_dice: 0.1201, decode_lovasz: 0.1448, decode_boundary: 0.3423, decode_scale_reg: 0.0008, decode_lambda_bound: 0.5848, decode_boundary_boost: 0.0850, aux.loss_ce: 0.0288, aux.acc_seg: 97.8143, loss: 0.4484
2026-05-11 23:47:42,012 - mmseg - INFO - Iter [18500/40000]	lr: 4.995e-05, eta: 5:21:46, time: 0.903, data_time: 0.009, memory: 22512, loss_decode: 0.4030, decode_ce: 0.0450, decode_dice: 0.1165, decode_lovasz: 0.1401, decode_boundary: 0.3327, decode_scale_reg: 0.0006, decode_lambda_bound: 0.5850, decode_boundary_boost: 0.0850, aux.loss_ce: 0.0260, aux.acc_seg: 98.0340, loss: 0.4289
2026-05-11 23:48:27,237 - mmseg - INFO - Iter [18550/40000]	lr: 4.984e-05, eta: 5:21:01, time: 0.904, data_time: 0.009, memory: 22512, loss_decode: 0.4000, decode_ce: 0.0475, decode_dice: 0.1117, decode_lovasz: 0.1400, decode_boundary: 0.3275, decode_scale_reg: 0.0008, decode_lambda_bound: 0.5850, decode_boundary_boost: 0.0850, aux.loss_ce: 0.0283, aux.acc_seg: 97.8729, loss: 0.4283
2026-05-11 23:49:12,308 - mmseg - INFO - Iter [18600/40000]	lr: 4.973e-05, eta: 5:20:16, time: 0.901, data_time: 0.009, memory: 22512, loss_decode: 0.3907, decode_ce: 0.0435, decode_dice: 0.1082, decode_lovasz: 0.1262, decode_boundary: 0.3393, decode_scale_reg: 0.0007, decode_lambda_bound: 0.5850, decode_boundary_boost: 0.0850, aux.loss_ce: 0.0267, aux.acc_seg: 97.9566, loss: 0.4175
2026-05-11 23:49:57,456 - mmseg - INFO - Iter [18650/40000]	lr: 4.962e-05, eta: 5:19:32, time: 0.903, data_time: 0.009, memory: 22512, loss_decode: 0.4169, decode_ce: 0.0546, decode_dice: 0.1052, decode_lovasz: 0.1368, decode_boundary: 0.3541, decode_scale_reg: 0.0009, decode_lambda_bound: 0.5850, decode_boundary_boost: 0.0850, aux.loss_ce: 0.0303, aux.acc_seg: 97.6623, loss: 0.4472
2026-05-11 23:50:42,559 - mmseg - INFO - Iter [18700/40000]	lr: 4.951e-05, eta: 5:18:47, time: 0.902, data_time: 0.008, memory: 22512, loss_decode: 0.4004, decode_ce: 0.0449, decode_dice: 0.1060, decode_lovasz: 0.1327, decode_boundary: 0.3468, decode_scale_reg: 0.0007, decode_lambda_bound: 0.5850, decode_boundary_boost: 0.0850, aux.loss_ce: 0.0280, aux.acc_seg: 97.8189, loss: 0.4283
2026-05-11 23:51:27,723 - mmseg - INFO - Iter [18750/40000]	lr: 4.940e-05, eta: 5:18:02, time: 0.903, data_time: 0.009, memory: 22512, loss_decode: 0.4065, decode_ce: 0.0503, decode_dice: 0.1089, decode_lovasz: 0.1350, decode_boundary: 0.3427, decode_scale_reg: 0.0010, decode_lambda_bound: 0.5850, decode_boundary_boost: 0.0850, aux.loss_ce: 0.0295, aux.acc_seg: 97.7540, loss: 0.4360
2026-05-11 23:52:12,843 - mmseg - INFO - Iter [18800/40000]	lr: 4.929e-05, eta: 5:17:18, time: 0.902, data_time: 0.009, memory: 22512, loss_decode: 0.3961, decode_ce: 0.0541, decode_dice: 0.0938, decode_lovasz: 0.1299, decode_boundary: 0.3379, decode_scale_reg: 0.0012, decode_lambda_bound: 0.5850, decode_boundary_boost: 0.0850, aux.loss_ce: 0.0320, aux.acc_seg: 97.6481, loss: 0.4281
2026-05-11 23:52:58,076 - mmseg - INFO - Iter [18850/40000]	lr: 4.918e-05, eta: 5:16:33, time: 0.905, data_time: 0.008, memory: 22512, loss_decode: 0.3645, decode_ce: 0.0427, decode_dice: 0.0850, decode_lovasz: 0.1162, decode_boundary: 0.3312, decode_scale_reg: 0.0005, decode_lambda_bound: 0.5801, decode_boundary_boost: 0.0800, aux.loss_ce: 0.0260, aux.acc_seg: 97.9567, loss: 0.3905
2026-05-11 23:53:43,244 - mmseg - INFO - Iter [18900/40000]	lr: 4.907e-05, eta: 5:15:49, time: 0.903, data_time: 0.009, memory: 22512, loss_decode: 0.3854, decode_ce: 0.0439, decode_dice: 0.1027, decode_lovasz: 0.1269, decode_boundary: 0.3360, decode_scale_reg: 0.0009, decode_lambda_bound: 0.5800, decode_boundary_boost: 0.0800, aux.loss_ce: 0.0268, aux.acc_seg: 97.9318, loss: 0.4121
2026-05-11 23:54:28,402 - mmseg - INFO - Iter [18950/40000]	lr: 4.896e-05, eta: 5:15:04, time: 0.903, data_time: 0.009, memory: 22512, loss_decode: 0.3972, decode_ce: 0.0463, decode_dice: 0.1030, decode_lovasz: 0.1399, decode_boundary: 0.3353, decode_scale_reg: 0.0009, decode_lambda_bound: 0.5800, decode_boundary_boost: 0.0800, aux.loss_ce: 0.0271, aux.acc_seg: 97.9093, loss: 0.4243
2026-05-11 23:55:13,491 - mmseg - INFO - Exp name: uper_cosnet_specwaste_40k.py
2026-05-11 23:55:13,491 - mmseg - INFO - Iter [19000/40000]	lr: 4.885e-05, eta: 5:14:19, time: 0.902, data_time: 0.009, memory: 22512, loss_decode: 0.3643, decode_ce: 0.0454, decode_dice: 0.0800, decode_lovasz: 0.1155, decode_boundary: 0.3315, decode_scale_reg: 0.0011, decode_lambda_bound: 0.5800, decode_boundary_boost: 0.0800, aux.loss_ce: 0.0276, aux.acc_seg: 97.8765, loss: 0.3919
2026-05-11 23:55:58,634 - mmseg - INFO - Iter [19050/40000]	lr: 4.873e-05, eta: 5:13:35, time: 0.903, data_time: 0.009, memory: 22512, loss_decode: 0.4148, decode_ce: 0.0529, decode_dice: 0.1013, decode_lovasz: 0.1392, decode_boundary: 0.3566, decode_scale_reg: 0.0010, decode_lambda_bound: 0.5800, decode_boundary_boost: 0.0800, aux.loss_ce: 0.0309, aux.acc_seg: 97.5983, loss: 0.4457
2026-05-11 23:56:43,845 - mmseg - INFO - Iter [19100/40000]	lr: 4.862e-05, eta: 5:12:50, time: 0.904, data_time: 0.009, memory: 22512, loss_decode: 0.3913, decode_ce: 0.0461, decode_dice: 0.1110, decode_lovasz: 0.1309, decode_boundary: 0.3302, decode_scale_reg: 0.0006, decode_lambda_bound: 0.5800, decode_boundary_boost: 0.0800, aux.loss_ce: 0.0279, aux.acc_seg: 97.8647, loss: 0.4192
2026-05-11 23:57:29,102 - mmseg - INFO - Iter [19150/40000]	lr: 4.851e-05, eta: 5:12:06, time: 0.905, data_time: 0.009, memory: 22512, loss_decode: 0.3987, decode_ce: 0.0511, decode_dice: 0.1103, decode_lovasz: 0.1288, decode_boundary: 0.3377, decode_scale_reg: 0.0012, decode_lambda_bound: 0.5800, decode_boundary_boost: 0.0800, aux.loss_ce: 0.0291, aux.acc_seg: 97.7514, loss: 0.4278
2026-05-11 23:58:14,297 - mmseg - INFO - Iter [19200/40000]	lr: 4.840e-05, eta: 5:11:21, time: 0.904, data_time: 0.009, memory: 22512, loss_decode: 0.4082, decode_ce: 0.0457, decode_dice: 0.1308, decode_lovasz: 0.1463, decode_boundary: 0.3228, decode_scale_reg: 0.0011, decode_lambda_bound: 0.5800, decode_boundary_boost: 0.0800, aux.loss_ce: 0.0267, aux.acc_seg: 97.9271, loss: 0.4349
2026-05-11 23:58:59,449 - mmseg - INFO - Iter [19250/40000]	lr: 4.829e-05, eta: 5:10:36, time: 0.903, data_time: 0.009, memory: 22512, loss_decode: 0.3794, decode_ce: 0.0493, decode_dice: 0.0943, decode_lovasz: 0.1214, decode_boundary: 0.3336, decode_scale_reg: 0.0009, decode_lambda_bound: 0.5751, decode_boundary_boost: 0.0750, aux.loss_ce: 0.0280, aux.acc_seg: 97.8314, loss: 0.4074
2026-05-11 23:59:46,804 - mmseg - INFO - Iter [19300/40000]	lr: 4.818e-05, eta: 5:09:54, time: 0.947, data_time: 0.055, memory: 22512, loss_decode: 0.4091, decode_ce: 0.0538, decode_dice: 0.1141, decode_lovasz: 0.1385, decode_boundary: 0.3382, decode_scale_reg: 0.0006, decode_lambda_bound: 0.5750, decode_boundary_boost: 0.0750, aux.loss_ce: 0.0307, aux.acc_seg: 97.6631, loss: 0.4398
2026-05-12 00:00:32,039 - mmseg - INFO - Iter [19350/40000]	lr: 4.807e-05, eta: 5:09:09, time: 0.905, data_time: 0.009, memory: 22512, loss_decode: 0.3927, decode_ce: 0.0500, decode_dice: 0.0988, decode_lovasz: 0.1294, decode_boundary: 0.3413, decode_scale_reg: 0.0006, decode_lambda_bound: 0.5750, decode_boundary_boost: 0.0750, aux.loss_ce: 0.0310, aux.acc_seg: 97.6940, loss: 0.4237
2026-05-12 00:01:17,247 - mmseg - INFO - Iter [19400/40000]	lr: 4.796e-05, eta: 5:08:25, time: 0.904, data_time: 0.009, memory: 22512, loss_decode: 0.4121, decode_ce: 0.0511, decode_dice: 0.1149, decode_lovasz: 0.1385, decode_boundary: 0.3473, decode_scale_reg: 0.0006, decode_lambda_bound: 0.5750, decode_boundary_boost: 0.0750, aux.loss_ce: 0.0297, aux.acc_seg: 97.7323, loss: 0.4418
2026-05-12 00:02:02,440 - mmseg - INFO - Iter [19450/40000]	lr: 4.785e-05, eta: 5:07:40, time: 0.904, data_time: 0.008, memory: 22512, loss_decode: 0.3729, decode_ce: 0.0448, decode_dice: 0.0897, decode_lovasz: 0.1226, decode_boundary: 0.3327, decode_scale_reg: 0.0008, decode_lambda_bound: 0.5750, decode_boundary_boost: 0.0750, aux.loss_ce: 0.0264, aux.acc_seg: 97.9462, loss: 0.3993
2026-05-12 00:02:47,625 - mmseg - INFO - Iter [19500/40000]	lr: 4.774e-05, eta: 5:06:56, time: 0.904, data_time: 0.009, memory: 22512, loss_decode: 0.4100, decode_ce: 0.0495, decode_dice: 0.1201, decode_lovasz: 0.1454, decode_boundary: 0.3331, decode_scale_reg: 0.0008, decode_lambda_bound: 0.5750, decode_boundary_boost: 0.0750, aux.loss_ce: 0.0288, aux.acc_seg: 97.7923, loss: 0.4389
2026-05-12 00:03:32,760 - mmseg - INFO - Iter [19550/40000]	lr: 4.763e-05, eta: 5:06:11, time: 0.903, data_time: 0.009, memory: 22512, loss_decode: 0.3811, decode_ce: 0.0397, decode_dice: 0.1124, decode_lovasz: 0.1348, decode_boundary: 0.3200, decode_scale_reg: 0.0009, decode_lambda_bound: 0.5750, decode_boundary_boost: 0.0750, aux.loss_ce: 0.0252, aux.acc_seg: 98.0652, loss: 0.4063
2026-05-12 00:04:17,901 - mmseg - INFO - Iter [19600/40000]	lr: 4.752e-05, eta: 5:05:26, time: 0.903, data_time: 0.008, memory: 22512, loss_decode: 0.3949, decode_ce: 0.0485, decode_dice: 0.1006, decode_lovasz: 0.1359, decode_boundary: 0.3377, decode_scale_reg: 0.0010, decode_lambda_bound: 0.5750, decode_boundary_boost: 0.0750, aux.loss_ce: 0.0273, aux.acc_seg: 97.9179, loss: 0.4222
2026-05-12 00:05:03,035 - mmseg - INFO - Iter [19650/40000]	lr: 4.741e-05, eta: 5:04:42, time: 0.903, data_time: 0.008, memory: 22512, loss_decode: 0.3847, decode_ce: 0.0416, decode_dice: 0.1034, decode_lovasz: 0.1416, decode_boundary: 0.3167, decode_scale_reg: 0.0007, decode_lambda_bound: 0.5848, decode_boundary_boost: 0.0850, aux.loss_ce: 0.0249, aux.acc_seg: 98.0614, loss: 0.4096
2026-05-12 00:05:48,196 - mmseg - INFO - Iter [19700/40000]	lr: 4.730e-05, eta: 5:03:57, time: 0.903, data_time: 0.009, memory: 22512, loss_decode: 0.3799, decode_ce: 0.0426, decode_dice: 0.1051, decode_lovasz: 0.1286, decode_boundary: 0.3218, decode_scale_reg: 0.0006, decode_lambda_bound: 0.5850, decode_boundary_boost: 0.0850, aux.loss_ce: 0.0255, aux.acc_seg: 98.0305, loss: 0.4054
2026-05-12 00:06:33,358 - mmseg - INFO - Iter [19750/40000]	lr: 4.719e-05, eta: 5:03:12, time: 0.903, data_time: 0.009, memory: 22512, loss_decode: 0.3979, decode_ce: 0.0509, decode_dice: 0.0990, decode_lovasz: 0.1315, decode_boundary: 0.3400, decode_scale_reg: 0.0007, decode_lambda_bound: 0.5850, decode_boundary_boost: 0.0850, aux.loss_ce: 0.0299, aux.acc_seg: 97.7619, loss: 0.4279
2026-05-12 00:07:18,514 - mmseg - INFO - Iter [19800/40000]	lr: 4.708e-05, eta: 5:02:28, time: 0.903, data_time: 0.009, memory: 22512, loss_decode: 0.4161, decode_ce: 0.0562, decode_dice: 0.1007, decode_lovasz: 0.1449, decode_boundary: 0.3434, decode_scale_reg: 0.0009, decode_lambda_bound: 0.5850, decode_boundary_boost: 0.0850, aux.loss_ce: 0.0321, aux.acc_seg: 97.5728, loss: 0.4482
2026-05-12 00:08:03,627 - mmseg - INFO - Iter [19850/40000]	lr: 4.697e-05, eta: 5:01:43, time: 0.902, data_time: 0.008, memory: 22512, loss_decode: 0.3829, decode_ce: 0.0448, decode_dice: 0.0967, decode_lovasz: 0.1289, decode_boundary: 0.3299, decode_scale_reg: 0.0005, decode_lambda_bound: 0.5850, decode_boundary_boost: 0.0850, aux.loss_ce: 0.0263, aux.acc_seg: 97.9881, loss: 0.4092
2026-05-12 00:08:48,783 - mmseg - INFO - Iter [19900/40000]	lr: 4.686e-05, eta: 5:00:58, time: 0.903, data_time: 0.008, memory: 22512, loss_decode: 0.4113, decode_ce: 0.0476, decode_dice: 0.1194, decode_lovasz: 0.1457, decode_boundary: 0.3327, decode_scale_reg: 0.0005, decode_lambda_bound: 0.5850, decode_boundary_boost: 0.0850, aux.loss_ce: 0.0294, aux.acc_seg: 97.7805, loss: 0.4407
2026-05-12 00:09:33,894 - mmseg - INFO - Iter [19950/40000]	lr: 4.675e-05, eta: 5:00:13, time: 0.902, data_time: 0.009, memory: 22512, loss_decode: 0.3778, decode_ce: 0.0458, decode_dice: 0.0824, decode_lovasz: 0.1250, decode_boundary: 0.3368, decode_scale_reg: 0.0006, decode_lambda_bound: 0.5850, decode_boundary_boost: 0.0850, aux.loss_ce: 0.0272, aux.acc_seg: 97.9089, loss: 0.4050
2026-05-12 00:10:19,085 - mmseg - INFO - Saving checkpoint at 20000 iterations
2026-05-12 00:10:19,856 - mmseg - INFO - Exp name: uper_cosnet_specwaste_40k.py
2026-05-12 00:10:19,857 - mmseg - INFO - Iter [20000/40000]	lr: 4.664e-05, eta: 4:59:29, time: 0.919, data_time: 0.009, memory: 22512, loss_decode: 0.3925, decode_ce: 0.0525, decode_dice: 0.0922, decode_lovasz: 0.1356, decode_boundary: 0.3285, decode_scale_reg: 0.0005, decode_lambda_bound: 0.5850, decode_boundary_boost: 0.0850, aux.loss_ce: 0.0290, aux.acc_seg: 97.7972, loss: 0.4215
2026-05-12 00:10:28,924 - mmseg - INFO - per class results:
2026-05-12 00:10:28,925 - mmseg - INFO - 
+------------+-------+-------+
|   Class    |  IoU  |  Acc  |
+------------+-------+-------+
| background | 93.39 | 97.48 |
|    film    | 76.62 | 82.25 |
|   basket   | 85.28 | 89.45 |
| cardboard  | 65.72 | 66.53 |
| video_tape | 43.71 | 54.39 |
|  filament  | 72.06 | 79.01 |
|    bag     | 66.15 | 79.15 |
+------------+-------+-------+
2026-05-12 00:10:28,925 - mmseg - INFO - Summary:
2026-05-12 00:10:28,925 - mmseg - INFO - 
+-------+-------+-------+
|  aAcc |  mIoU |  mAcc |
+-------+-------+-------+
| 94.07 | 71.85 | 78.32 |
+-------+-------+-------+
2026-05-12 00:10:28,926 - mmseg - INFO - Exp name: uper_cosnet_specwaste_40k.py
2026-05-12 00:10:28,926 - mmseg - INFO - Iter(val) [171]	aAcc: 0.9407, mIoU: 0.7185, mAcc: 0.7832, IoU.background: 0.9339, IoU.film: 0.7662, IoU.basket: 0.8528, IoU.cardboard: 0.6572, IoU.video_tape: 0.4371, IoU.filament: 0.7206, IoU.bag: 0.6615, Acc.background: 0.9748, Acc.film: 0.8225, Acc.basket: 0.8945, Acc.cardboard: 0.6653, Acc.video_tape: 0.5439, Acc.filament: 0.7901, Acc.bag: 0.7915
2026-05-12 00:11:13,832 - mmseg - INFO - Iter [20050/40000]	lr: 4.653e-05, eta: 4:58:54, time: 1.080, data_time: 0.190, memory: 22512, loss_decode: 0.3845, decode_ce: 0.0486, decode_dice: 0.0843, decode_lovasz: 0.1289, decode_boundary: 0.3398, decode_scale_reg: 0.0007, decode_lambda_bound: 0.5801, decode_boundary_boost: 0.0800, aux.loss_ce: 0.0275, aux.acc_seg: 97.8632, loss: 0.4120
2026-05-12 00:11:59,033 - mmseg - INFO - Iter [20100/40000]	lr: 4.642e-05, eta: 4:58:09, time: 0.904, data_time: 0.008, memory: 22512, loss_decode: 0.3757, decode_ce: 0.0432, decode_dice: 0.0982, decode_lovasz: 0.1256, decode_boundary: 0.3261, decode_scale_reg: 0.0003, decode_lambda_bound: 0.5800, decode_boundary_boost: 0.0800, aux.loss_ce: 0.0263, aux.acc_seg: 97.9960, loss: 0.4020
2026-05-12 00:12:44,215 - mmseg - INFO - Iter [20150/40000]	lr: 4.631e-05, eta: 4:57:24, time: 0.904, data_time: 0.009, memory: 22512, loss_decode: 0.3949, decode_ce: 0.0502, decode_dice: 0.0975, decode_lovasz: 0.1353, decode_boundary: 0.3352, decode_scale_reg: 0.0006, decode_lambda_bound: 0.5800, decode_boundary_boost: 0.0800, aux.loss_ce: 0.0289, aux.acc_seg: 97.8091, loss: 0.4237
2026-05-12 00:13:29,375 - mmseg - INFO - Iter [20200/40000]	lr: 4.620e-05, eta: 4:56:39, time: 0.903, data_time: 0.008, memory: 22512, loss_decode: 0.3920, decode_ce: 0.0411, decode_dice: 0.1179, decode_lovasz: 0.1352, decode_boundary: 0.3284, decode_scale_reg: 0.0008, decode_lambda_bound: 0.5800, decode_boundary_boost: 0.0800, aux.loss_ce: 0.0260, aux.acc_seg: 97.9790, loss: 0.4180
2026-05-12 00:14:14,557 - mmseg - INFO - Iter [20250/40000]	lr: 4.608e-05, eta: 4:55:55, time: 0.904, data_time: 0.008, memory: 22512, loss_decode: 0.3981, decode_ce: 0.0492, decode_dice: 0.1009, decode_lovasz: 0.1336, decode_boundary: 0.3417, decode_scale_reg: 0.0007, decode_lambda_bound: 0.5800, decode_boundary_boost: 0.0800, aux.loss_ce: 0.0289, aux.acc_seg: 97.8023, loss: 0.4270
2026-05-12 00:14:59,727 - mmseg - INFO - Iter [20300/40000]	lr: 4.597e-05, eta: 4:55:10, time: 0.903, data_time: 0.008, memory: 22512, loss_decode: 0.3844, decode_ce: 0.0449, decode_dice: 0.0907, decode_lovasz: 0.1310, decode_boundary: 0.3376, decode_scale_reg: 0.0006, decode_lambda_bound: 0.5800, decode_boundary_boost: 0.0800, aux.loss_ce: 0.0271, aux.acc_seg: 97.8979, loss: 0.4115
2026-05-12 00:15:44,839 - mmseg - INFO - Iter [20350/40000]	lr: 4.586e-05, eta: 4:54:25, time: 0.902, data_time: 0.008, memory: 22512, loss_decode: 0.3974, decode_ce: 0.0471, decode_dice: 0.1142, decode_lovasz: 0.1361, decode_boundary: 0.3296, decode_scale_reg: 0.0006, decode_lambda_bound: 0.5800, decode_boundary_boost: 0.0800, aux.loss_ce: 0.0272, aux.acc_seg: 97.9114, loss: 0.4246
2026-05-12 00:16:29,973 - mmseg - INFO - Iter [20400/40000]	lr: 4.575e-05, eta: 4:53:40, time: 0.903, data_time: 0.009, memory: 22512, loss_decode: 0.3970, decode_ce: 0.0466, decode_dice: 0.1140, decode_lovasz: 0.1372, decode_boundary: 0.3284, decode_scale_reg: 0.0009, decode_lambda_bound: 0.5800, decode_boundary_boost: 0.0800, aux.loss_ce: 0.0264, aux.acc_seg: 97.9672, loss: 0.4235
2026-05-12 00:17:15,100 - mmseg - INFO - Iter [20450/40000]	lr: 4.564e-05, eta: 4:52:56, time: 0.903, data_time: 0.008, memory: 22512, loss_decode: 0.3603, decode_ce: 0.0421, decode_dice: 0.0860, decode_lovasz: 0.1196, decode_boundary: 0.3225, decode_scale_reg: 0.0011, decode_lambda_bound: 0.5751, decode_boundary_boost: 0.0750, aux.loss_ce: 0.0257, aux.acc_seg: 97.9950, loss: 0.3860
2026-05-12 00:18:00,245 - mmseg - INFO - Iter [20500/40000]	lr: 4.553e-05, eta: 4:52:11, time: 0.903, data_time: 0.008, memory: 22512, loss_decode: 0.4029, decode_ce: 0.0504, decode_dice: 0.1118, decode_lovasz: 0.1448, decode_boundary: 0.3269, decode_scale_reg: 0.0008, decode_lambda_bound: 0.5750, decode_boundary_boost: 0.0750, aux.loss_ce: 0.0280, aux.acc_seg: 97.8952, loss: 0.4309
2026-05-12 00:18:45,426 - mmseg - INFO - Iter [20550/40000]	lr: 4.542e-05, eta: 4:51:26, time: 0.904, data_time: 0.008, memory: 22512, loss_decode: 0.3886, decode_ce: 0.0466, decode_dice: 0.1039, decode_lovasz: 0.1272, decode_boundary: 0.3385, decode_scale_reg: 0.0009, decode_lambda_bound: 0.5750, decode_boundary_boost: 0.0750, aux.loss_ce: 0.0273, aux.acc_seg: 97.8881, loss: 0.4159
2026-05-12 00:19:30,605 - mmseg - INFO - Iter [20600/40000]	lr: 4.531e-05, eta: 4:50:41, time: 0.904, data_time: 0.009, memory: 22512, loss_decode: 0.3797, decode_ce: 0.0441, decode_dice: 0.1010, decode_lovasz: 0.1333, decode_boundary: 0.3219, decode_scale_reg: 0.0008, decode_lambda_bound: 0.5750, decode_boundary_boost: 0.0750, aux.loss_ce: 0.0262, aux.acc_seg: 97.9656, loss: 0.4059
2026-05-12 00:20:15,825 - mmseg - INFO - Iter [20650/40000]	lr: 4.520e-05, eta: 4:49:57, time: 0.904, data_time: 0.008, memory: 22512, loss_decode: 0.4168, decode_ce: 0.0589, decode_dice: 0.1121, decode_lovasz: 0.1461, decode_boundary: 0.3343, decode_scale_reg: 0.0007, decode_lambda_bound: 0.5750, decode_boundary_boost: 0.0750, aux.loss_ce: 0.0303, aux.acc_seg: 97.6746, loss: 0.4471
2026-05-12 00:21:00,956 - mmseg - INFO - Iter [20700/40000]	lr: 4.509e-05, eta: 4:49:12, time: 0.903, data_time: 0.008, memory: 22512, loss_decode: 0.3881, decode_ce: 0.0451, decode_dice: 0.1055, decode_lovasz: 0.1314, decode_boundary: 0.3332, decode_scale_reg: 0.0015, decode_lambda_bound: 0.5750, decode_boundary_boost: 0.0750, aux.loss_ce: 0.0270, aux.acc_seg: 97.9073, loss: 0.4151
2026-05-12 00:21:46,150 - mmseg - INFO - Iter [20750/40000]	lr: 4.498e-05, eta: 4:48:27, time: 0.904, data_time: 0.008, memory: 22512, loss_decode: 0.3722, decode_ce: 0.0460, decode_dice: 0.0882, decode_lovasz: 0.1178, decode_boundary: 0.3368, decode_scale_reg: 0.0004, decode_lambda_bound: 0.5750, decode_boundary_boost: 0.0750, aux.loss_ce: 0.0278, aux.acc_seg: 97.8100, loss: 0.3999
2026-05-12 00:22:31,265 - mmseg - INFO - Iter [20800/40000]	lr: 4.487e-05, eta: 4:47:42, time: 0.902, data_time: 0.008, memory: 22512, loss_decode: 0.3821, decode_ce: 0.0430, decode_dice: 0.1025, decode_lovasz: 0.1369, decode_boundary: 0.3220, decode_scale_reg: 0.0006, decode_lambda_bound: 0.5750, decode_boundary_boost: 0.0750, aux.loss_ce: 0.0251, aux.acc_seg: 98.0719, loss: 0.4072
2026-05-12 00:23:16,501 - mmseg - INFO - Iter [20850/40000]	lr: 4.476e-05, eta: 4:46:58, time: 0.905, data_time: 0.008, memory: 22512, loss_decode: 0.3957, decode_ce: 0.0491, decode_dice: 0.1109, decode_lovasz: 0.1361, decode_boundary: 0.3234, decode_scale_reg: 0.0009, decode_lambda_bound: 0.5848, decode_boundary_boost: 0.0850, aux.loss_ce: 0.0269, aux.acc_seg: 97.8812, loss: 0.4226
2026-05-12 00:24:01,768 - mmseg - INFO - Iter [20900/40000]	lr: 4.465e-05, eta: 4:46:13, time: 0.905, data_time: 0.008, memory: 22512, loss_decode: 0.3749, decode_ce: 0.0468, decode_dice: 0.0884, decode_lovasz: 0.1262, decode_boundary: 0.3236, decode_scale_reg: 0.0012, decode_lambda_bound: 0.5850, decode_boundary_boost: 0.0850, aux.loss_ce: 0.0269, aux.acc_seg: 97.9266, loss: 0.4018
2026-05-12 00:24:46,903 - mmseg - INFO - Iter [20950/40000]	lr: 4.453e-05, eta: 4:45:28, time: 0.903, data_time: 0.008, memory: 22512, loss_decode: 0.3782, decode_ce: 0.0445, decode_dice: 0.0874, decode_lovasz: 0.1291, decode_boundary: 0.3303, decode_scale_reg: 0.0009, decode_lambda_bound: 0.5850, decode_boundary_boost: 0.0850, aux.loss_ce: 0.0262, aux.acc_seg: 97.9687, loss: 0.4045
2026-05-12 00:25:32,152 - mmseg - INFO - Exp name: uper_cosnet_specwaste_40k.py
2026-05-12 00:25:32,153 - mmseg - INFO - Iter [21000/40000]	lr: 4.442e-05, eta: 4:44:43, time: 0.905, data_time: 0.008, memory: 22512, loss_decode: 0.4104, decode_ce: 0.0540, decode_dice: 0.1130, decode_lovasz: 0.1393, decode_boundary: 0.3341, decode_scale_reg: 0.0008, decode_lambda_bound: 0.5850, decode_boundary_boost: 0.0850, aux.loss_ce: 0.0307, aux.acc_seg: 97.7139, loss: 0.4412
2026-05-12 00:26:17,296 - mmseg - INFO - Iter [21050/40000]	lr: 4.431e-05, eta: 4:43:59, time: 0.903, data_time: 0.008, memory: 22512, loss_decode: 0.3847, decode_ce: 0.0479, decode_dice: 0.0957, decode_lovasz: 0.1289, decode_boundary: 0.3287, decode_scale_reg: 0.0004, decode_lambda_bound: 0.5850, decode_boundary_boost: 0.0850, aux.loss_ce: 0.0295, aux.acc_seg: 97.7259, loss: 0.4142
2026-05-12 00:27:02,475 - mmseg - INFO - Iter [21100/40000]	lr: 4.420e-05, eta: 4:43:14, time: 0.904, data_time: 0.008, memory: 22512, loss_decode: 0.4223, decode_ce: 0.0602, decode_dice: 0.1107, decode_lovasz: 0.1480, decode_boundary: 0.3345, decode_scale_reg: 0.0011, decode_lambda_bound: 0.5850, decode_boundary_boost: 0.0850, aux.loss_ce: 0.0336, aux.acc_seg: 97.5032, loss: 0.4559
2026-05-12 00:27:47,658 - mmseg - INFO - Iter [21150/40000]	lr: 4.409e-05, eta: 4:42:29, time: 0.904, data_time: 0.008, memory: 22512, loss_decode: 0.4000, decode_ce: 0.0501, decode_dice: 0.0959, decode_lovasz: 0.1351, decode_boundary: 0.3431, decode_scale_reg: 0.0008, decode_lambda_bound: 0.5850, decode_boundary_boost: 0.0850, aux.loss_ce: 0.0299, aux.acc_seg: 97.6958, loss: 0.4299
2026-05-12 00:28:32,779 - mmseg - INFO - Iter [21200/40000]	lr: 4.398e-05, eta: 4:41:44, time: 0.902, data_time: 0.008, memory: 22512, loss_decode: 0.4092, decode_ce: 0.0513, decode_dice: 0.1218, decode_lovasz: 0.1407, decode_boundary: 0.3273, decode_scale_reg: 0.0004, decode_lambda_bound: 0.5850, decode_boundary_boost: 0.0850, aux.loss_ce: 0.0289, aux.acc_seg: 97.8643, loss: 0.4381
2026-05-12 00:29:17,992 - mmseg - INFO - Iter [21250/40000]	lr: 4.387e-05, eta: 4:41:00, time: 0.904, data_time: 0.009, memory: 22512, loss_decode: 0.3745, decode_ce: 0.0435, decode_dice: 0.0867, decode_lovasz: 0.1247, decode_boundary: 0.3264, decode_scale_reg: 0.0004, decode_lambda_bound: 0.5948, decode_boundary_boost: 0.0950, aux.loss_ce: 0.0267, aux.acc_seg: 97.9291, loss: 0.4011
2026-05-12 00:30:03,193 - mmseg - INFO - Iter [21300/40000]	lr: 4.376e-05, eta: 4:40:15, time: 0.904, data_time: 0.008, memory: 22512, loss_decode: 0.3901, decode_ce: 0.0487, decode_dice: 0.0989, decode_lovasz: 0.1296, decode_boundary: 0.3274, decode_scale_reg: 0.0003, decode_lambda_bound: 0.5950, decode_boundary_boost: 0.0950, aux.loss_ce: 0.0282, aux.acc_seg: 97.7929, loss: 0.4183
2026-05-12 00:30:48,343 - mmseg - INFO - Iter [21350/40000]	lr: 4.365e-05, eta: 4:39:30, time: 0.903, data_time: 0.008, memory: 22512, loss_decode: 0.3916, decode_ce: 0.0462, decode_dice: 0.1082, decode_lovasz: 0.1349, decode_boundary: 0.3195, decode_scale_reg: 0.0006, decode_lambda_bound: 0.5950, decode_boundary_boost: 0.0950, aux.loss_ce: 0.0276, aux.acc_seg: 97.8704, loss: 0.4192
2026-05-12 00:31:33,545 - mmseg - INFO - Iter [21400/40000]	lr: 4.354e-05, eta: 4:38:45, time: 0.904, data_time: 0.008, memory: 22512, loss_decode: 0.3848, decode_ce: 0.0452, decode_dice: 0.1026, decode_lovasz: 0.1293, decode_boundary: 0.3216, decode_scale_reg: 0.0005, decode_lambda_bound: 0.5950, decode_boundary_boost: 0.0950, aux.loss_ce: 0.0268, aux.acc_seg: 97.9400, loss: 0.4116
2026-05-12 00:32:18,665 - mmseg - INFO - Iter [21450/40000]	lr: 4.343e-05, eta: 4:38:00, time: 0.902, data_time: 0.009, memory: 22512, loss_decode: 0.3880, decode_ce: 0.0460, decode_dice: 0.0893, decode_lovasz: 0.1306, decode_boundary: 0.3351, decode_scale_reg: 0.0006, decode_lambda_bound: 0.5950, decode_boundary_boost: 0.0950, aux.loss_ce: 0.0272, aux.acc_seg: 97.8874, loss: 0.4152
2026-05-12 00:33:03,742 - mmseg - INFO - Iter [21500/40000]	lr: 4.332e-05, eta: 4:37:16, time: 0.902, data_time: 0.008, memory: 22512, loss_decode: 0.3969, decode_ce: 0.0516, decode_dice: 0.0894, decode_lovasz: 0.1309, decode_boundary: 0.3400, decode_scale_reg: 0.0006, decode_lambda_bound: 0.5950, decode_boundary_boost: 0.0950, aux.loss_ce: 0.0303, aux.acc_seg: 97.6229, loss: 0.4272
2026-05-12 00:33:48,884 - mmseg - INFO - Iter [21550/40000]	lr: 4.320e-05, eta: 4:36:31, time: 0.903, data_time: 0.009, memory: 22512, loss_decode: 0.3954, decode_ce: 0.0486, decode_dice: 0.1118, decode_lovasz: 0.1293, decode_boundary: 0.3259, decode_scale_reg: 0.0006, decode_lambda_bound: 0.5950, decode_boundary_boost: 0.0950, aux.loss_ce: 0.0284, aux.acc_seg: 97.8494, loss: 0.4238
2026-05-12 00:34:34,049 - mmseg - INFO - Iter [21600/40000]	lr: 4.309e-05, eta: 4:35:46, time: 0.903, data_time: 0.008, memory: 22512, loss_decode: 0.3947, decode_ce: 0.0493, decode_dice: 0.1182, decode_lovasz: 0.1277, decode_boundary: 0.3201, decode_scale_reg: 0.0007, decode_lambda_bound: 0.5950, decode_boundary_boost: 0.0950, aux.loss_ce: 0.0295, aux.acc_seg: 97.7366, loss: 0.4243
2026-05-12 00:35:19,232 - mmseg - INFO - Iter [21650/40000]	lr: 4.298e-05, eta: 4:35:01, time: 0.904, data_time: 0.008, memory: 22512, loss_decode: 0.3940, decode_ce: 0.0447, decode_dice: 0.1013, decode_lovasz: 0.1383, decode_boundary: 0.3302, decode_scale_reg: 0.0005, decode_lambda_bound: 0.5901, decode_boundary_boost: 0.0900, aux.loss_ce: 0.0265, aux.acc_seg: 97.9270, loss: 0.4204
2026-05-12 00:36:04,476 - mmseg - INFO - Iter [21700/40000]	lr: 4.287e-05, eta: 4:34:17, time: 0.905, data_time: 0.008, memory: 22512, loss_decode: 0.3742, decode_ce: 0.0428, decode_dice: 0.0926, decode_lovasz: 0.1310, decode_boundary: 0.3168, decode_scale_reg: 0.0005, decode_lambda_bound: 0.5900, decode_boundary_boost: 0.0900, aux.loss_ce: 0.0260, aux.acc_seg: 97.9776, loss: 0.4002
2026-05-12 00:36:49,639 - mmseg - INFO - Iter [21750/40000]	lr: 4.276e-05, eta: 4:33:32, time: 0.903, data_time: 0.008, memory: 22512, loss_decode: 0.3842, decode_ce: 0.0478, decode_dice: 0.0895, decode_lovasz: 0.1269, decode_boundary: 0.3329, decode_scale_reg: 0.0008, decode_lambda_bound: 0.5900, decode_boundary_boost: 0.0900, aux.loss_ce: 0.0278, aux.acc_seg: 97.8790, loss: 0.4120
2026-05-12 00:37:34,810 - mmseg - INFO - Iter [21800/40000]	lr: 4.265e-05, eta: 4:32:47, time: 0.903, data_time: 0.008, memory: 22512, loss_decode: 0.3715, decode_ce: 0.0471, decode_dice: 0.0923, decode_lovasz: 0.1217, decode_boundary: 0.3170, decode_scale_reg: 0.0006, decode_lambda_bound: 0.5900, decode_boundary_boost: 0.0900, aux.loss_ce: 0.0267, aux.acc_seg: 97.9048, loss: 0.3983
2026-05-12 00:38:19,999 - mmseg - INFO - Iter [21850/40000]	lr: 4.254e-05, eta: 4:32:02, time: 0.904, data_time: 0.008, memory: 22512, loss_decode: 0.3824, decode_ce: 0.0428, decode_dice: 0.0955, decode_lovasz: 0.1359, decode_boundary: 0.3219, decode_scale_reg: 0.0004, decode_lambda_bound: 0.5900, decode_boundary_boost: 0.0900, aux.loss_ce: 0.0259, aux.acc_seg: 98.0051, loss: 0.4083
2026-05-12 00:39:05,189 - mmseg - INFO - Iter [21900/40000]	lr: 4.243e-05, eta: 4:31:17, time: 0.904, data_time: 0.009, memory: 22512, loss_decode: 0.3826, decode_ce: 0.0501, decode_dice: 0.0922, decode_lovasz: 0.1283, decode_boundary: 0.3223, decode_scale_reg: 0.0005, decode_lambda_bound: 0.5900, decode_boundary_boost: 0.0900, aux.loss_ce: 0.0288, aux.acc_seg: 97.8386, loss: 0.4115
2026-05-12 00:39:50,379 - mmseg - INFO - Iter [21950/40000]	lr: 4.232e-05, eta: 4:30:33, time: 0.904, data_time: 0.008, memory: 22512, loss_decode: 0.3860, decode_ce: 0.0494, decode_dice: 0.0925, decode_lovasz: 0.1376, decode_boundary: 0.3171, decode_scale_reg: 0.0006, decode_lambda_bound: 0.5900, decode_boundary_boost: 0.0900, aux.loss_ce: 0.0275, aux.acc_seg: 97.9749, loss: 0.4134
2026-05-12 00:40:35,563 - mmseg - INFO - Exp name: uper_cosnet_specwaste_40k.py
2026-05-12 00:40:35,563 - mmseg - INFO - Iter [22000/40000]	lr: 4.221e-05, eta: 4:29:48, time: 0.904, data_time: 0.008, memory: 22512, loss_decode: 0.3700, decode_ce: 0.0421, decode_dice: 0.0982, decode_lovasz: 0.1216, decode_boundary: 0.3180, decode_scale_reg: 0.0004, decode_lambda_bound: 0.5900, decode_boundary_boost: 0.0900, aux.loss_ce: 0.0248, aux.acc_seg: 98.1068, loss: 0.3947
2026-05-12 00:41:20,709 - mmseg - INFO - Iter [22050/40000]	lr: 4.209e-05, eta: 4:29:03, time: 0.903, data_time: 0.008, memory: 22512, loss_decode: 0.3998, decode_ce: 0.0529, decode_dice: 0.0988, decode_lovasz: 0.1324, decode_boundary: 0.3386, decode_scale_reg: 0.0007, decode_lambda_bound: 0.5851, decode_boundary_boost: 0.0850, aux.loss_ce: 0.0307, aux.acc_seg: 97.6869, loss: 0.4305
2026-05-12 00:42:05,891 - mmseg - INFO - Iter [22100/40000]	lr: 4.198e-05, eta: 4:28:18, time: 0.904, data_time: 0.008, memory: 22512, loss_decode: 0.3899, decode_ce: 0.0472, decode_dice: 0.1066, decode_lovasz: 0.1358, decode_boundary: 0.3205, decode_scale_reg: 0.0005, decode_lambda_bound: 0.5850, decode_boundary_boost: 0.0850, aux.loss_ce: 0.0267, aux.acc_seg: 97.9647, loss: 0.4166
2026-05-12 00:42:51,136 - mmseg - INFO - Iter [22150/40000]	lr: 4.187e-05, eta: 4:27:33, time: 0.905, data_time: 0.008, memory: 22512, loss_decode: 0.3717, decode_ce: 0.0429, decode_dice: 0.0826, decode_lovasz: 0.1274, decode_boundary: 0.3280, decode_scale_reg: 0.0008, decode_lambda_bound: 0.5850, decode_boundary_boost: 0.0850, aux.loss_ce: 0.0258, aux.acc_seg: 98.0156, loss: 0.3974
2026-05-12 00:43:36,304 - mmseg - INFO - Iter [22200/40000]	lr: 4.176e-05, eta: 4:26:49, time: 0.903, data_time: 0.008, memory: 22512, loss_decode: 0.3723, decode_ce: 0.0422, decode_dice: 0.0931, decode_lovasz: 0.1253, decode_boundary: 0.3241, decode_scale_reg: 0.0006, decode_lambda_bound: 0.5850, decode_boundary_boost: 0.0850, aux.loss_ce: 0.0251, aux.acc_seg: 98.0180, loss: 0.3974
2026-05-12 00:44:21,543 - mmseg - INFO - Iter [22250/40000]	lr: 4.165e-05, eta: 4:26:04, time: 0.905, data_time: 0.009, memory: 22512, loss_decode: 0.4028, decode_ce: 0.0499, decode_dice: 0.1016, decode_lovasz: 0.1451, decode_boundary: 0.3304, decode_scale_reg: 0.0006, decode_lambda_bound: 0.5850, decode_boundary_boost: 0.0850, aux.loss_ce: 0.0284, aux.acc_seg: 97.8015, loss: 0.4312
2026-05-12 00:45:06,712 - mmseg - INFO - Iter [22300/40000]	lr: 4.154e-05, eta: 4:25:19, time: 0.903, data_time: 0.009, memory: 22512, loss_decode: 0.3879, decode_ce: 0.0508, decode_dice: 0.1033, decode_lovasz: 0.1192, decode_boundary: 0.3352, decode_scale_reg: 0.0005, decode_lambda_bound: 0.5850, decode_boundary_boost: 0.0850, aux.loss_ce: 0.0309, aux.acc_seg: 97.5924, loss: 0.4188
2026-05-12 00:45:51,874 - mmseg - INFO - Iter [22350/40000]	lr: 4.143e-05, eta: 4:24:34, time: 0.903, data_time: 0.008, memory: 22512, loss_decode: 0.3717, decode_ce: 0.0424, decode_dice: 0.0894, decode_lovasz: 0.1203, decode_boundary: 0.3323, decode_scale_reg: 0.0006, decode_lambda_bound: 0.5850, decode_boundary_boost: 0.0850, aux.loss_ce: 0.0269, aux.acc_seg: 97.8847, loss: 0.3986
2026-05-12 00:46:37,049 - mmseg - INFO - Iter [22400/40000]	lr: 4.132e-05, eta: 4:23:49, time: 0.903, data_time: 0.008, memory: 22512, loss_decode: 0.3545, decode_ce: 0.0444, decode_dice: 0.0846, decode_lovasz: 0.1186, decode_boundary: 0.3057, decode_scale_reg: 0.0004, decode_lambda_bound: 0.5850, decode_boundary_boost: 0.0850, aux.loss_ce: 0.0257, aux.acc_seg: 98.0025, loss: 0.3802
2026-05-12 00:47:22,237 - mmseg - INFO - Iter [22450/40000]	lr: 4.120e-05, eta: 4:23:05, time: 0.904, data_time: 0.008, memory: 22512, loss_decode: 0.3917, decode_ce: 0.0496, decode_dice: 0.0990, decode_lovasz: 0.1357, decode_boundary: 0.3208, decode_scale_reg: 0.0004, decode_lambda_bound: 0.5948, decode_boundary_boost: 0.0950, aux.loss_ce: 0.0268, aux.acc_seg: 97.9769, loss: 0.4184
2026-05-12 00:48:09,582 - mmseg - INFO - Iter [22500/40000]	lr: 4.109e-05, eta: 4:22:21, time: 0.947, data_time: 0.055, memory: 22512, loss_decode: 0.3523, decode_ce: 0.0405, decode_dice: 0.0735, decode_lovasz: 0.1130, decode_boundary: 0.3199, decode_scale_reg: 0.0006, decode_lambda_bound: 0.5950, decode_boundary_boost: 0.0950, aux.loss_ce: 0.0243, aux.acc_seg: 98.1030, loss: 0.3767
2026-05-12 00:48:54,746 - mmseg - INFO - Iter [22550/40000]	lr: 4.098e-05, eta: 4:21:37, time: 0.903, data_time: 0.008, memory: 22512, loss_decode: 0.3637, decode_ce: 0.0398, decode_dice: 0.0771, decode_lovasz: 0.1215, decode_boundary: 0.3265, decode_scale_reg: 0.0005, decode_lambda_bound: 0.5950, decode_boundary_boost: 0.0950, aux.loss_ce: 0.0238, aux.acc_seg: 98.1099, loss: 0.3875
2026-05-12 00:49:40,001 - mmseg - INFO - Iter [22600/40000]	lr: 4.087e-05, eta: 4:20:52, time: 0.905, data_time: 0.008, memory: 22512, loss_decode: 0.3551, decode_ce: 0.0390, decode_dice: 0.0844, decode_lovasz: 0.1198, decode_boundary: 0.3093, decode_scale_reg: 0.0005, decode_lambda_bound: 0.5950, decode_boundary_boost: 0.0950, aux.loss_ce: 0.0238, aux.acc_seg: 98.1217, loss: 0.3789
2026-05-12 00:50:25,250 - mmseg - INFO - Iter [22650/40000]	lr: 4.076e-05, eta: 4:20:07, time: 0.905, data_time: 0.008, memory: 22512, loss_decode: 0.3969, decode_ce: 0.0470, decode_dice: 0.0962, decode_lovasz: 0.1345, decode_boundary: 0.3378, decode_scale_reg: 0.0004, decode_lambda_bound: 0.5950, decode_boundary_boost: 0.0950, aux.loss_ce: 0.0275, aux.acc_seg: 97.8690, loss: 0.4244
2026-05-12 00:51:10,485 - mmseg - INFO - Iter [22700/40000]	lr: 4.065e-05, eta: 4:19:22, time: 0.905, data_time: 0.009, memory: 22512, loss_decode: 0.3810, decode_ce: 0.0436, decode_dice: 0.1023, decode_lovasz: 0.1300, decode_boundary: 0.3172, decode_scale_reg: 0.0005, decode_lambda_bound: 0.5950, decode_boundary_boost: 0.0950, aux.loss_ce: 0.0254, aux.acc_seg: 98.0302, loss: 0.4064
2026-05-12 00:51:55,646 - mmseg - INFO - Iter [22750/40000]	lr: 4.054e-05, eta: 4:18:37, time: 0.903, data_time: 0.009, memory: 22512, loss_decode: 0.3640, decode_ce: 0.0411, decode_dice: 0.0883, decode_lovasz: 0.1160, decode_boundary: 0.3224, decode_scale_reg: 0.0009, decode_lambda_bound: 0.5950, decode_boundary_boost: 0.0950, aux.loss_ce: 0.0252, aux.acc_seg: 98.0030, loss: 0.3893
2026-05-12 00:52:40,870 - mmseg - INFO - Iter [22800/40000]	lr: 4.043e-05, eta: 4:17:53, time: 0.904, data_time: 0.008, memory: 22512, loss_decode: 0.3804, decode_ce: 0.0423, decode_dice: 0.0919, decode_lovasz: 0.1342, decode_boundary: 0.3216, decode_scale_reg: 0.0007, decode_lambda_bound: 0.5950, decode_boundary_boost: 0.0950, aux.loss_ce: 0.0251, aux.acc_seg: 98.0282, loss: 0.4055
2026-05-12 00:53:26,095 - mmseg - INFO - Iter [22850/40000]	lr: 4.031e-05, eta: 4:17:08, time: 0.904, data_time: 0.008, memory: 22512, loss_decode: 0.3760, decode_ce: 0.0472, decode_dice: 0.0822, decode_lovasz: 0.1219, decode_boundary: 0.3325, decode_scale_reg: 0.0008, decode_lambda_bound: 0.5901, decode_boundary_boost: 0.0900, aux.loss_ce: 0.0277, aux.acc_seg: 97.8233, loss: 0.4037
2026-05-12 00:54:11,319 - mmseg - INFO - Iter [22900/40000]	lr: 4.020e-05, eta: 4:16:23, time: 0.904, data_time: 0.008, memory: 22512, loss_decode: 0.3635, decode_ce: 0.0444, decode_dice: 0.0781, decode_lovasz: 0.1176, decode_boundary: 0.3250, decode_scale_reg: 0.0010, decode_lambda_bound: 0.5900, decode_boundary_boost: 0.0900, aux.loss_ce: 0.0267, aux.acc_seg: 97.9084, loss: 0.3902
2026-05-12 00:54:56,548 - mmseg - INFO - Iter [22950/40000]	lr: 4.009e-05, eta: 4:15:38, time: 0.905, data_time: 0.008, memory: 22512, loss_decode: 0.4165, decode_ce: 0.0733, decode_dice: 0.0923, decode_lovasz: 0.1337, decode_boundary: 0.3335, decode_scale_reg: 0.0010, decode_lambda_bound: 0.5900, decode_boundary_boost: 0.0900, aux.loss_ce: 0.0339, aux.acc_seg: 97.5336, loss: 0.4505
2026-05-12 00:55:41,708 - mmseg - INFO - Exp name: uper_cosnet_specwaste_40k.py
2026-05-12 00:55:41,708 - mmseg - INFO - Iter [23000/40000]	lr: 3.998e-05, eta: 4:14:53, time: 0.903, data_time: 0.008, memory: 22512, loss_decode: 0.3895, decode_ce: 0.0501, decode_dice: 0.1078, decode_lovasz: 0.1292, decode_boundary: 0.3196, decode_scale_reg: 0.0004, decode_lambda_bound: 0.5900, decode_boundary_boost: 0.0900, aux.loss_ce: 0.0273, aux.acc_seg: 97.9234, loss: 0.4168
2026-05-12 00:56:26,866 - mmseg - INFO - Iter [23050/40000]	lr: 3.987e-05, eta: 4:14:09, time: 0.903, data_time: 0.008, memory: 22512, loss_decode: 0.3760, decode_ce: 0.0503, decode_dice: 0.0831, decode_lovasz: 0.1232, decode_boundary: 0.3250, decode_scale_reg: 0.0005, decode_lambda_bound: 0.5900, decode_boundary_boost: 0.0900, aux.loss_ce: 0.0287, aux.acc_seg: 97.8375, loss: 0.4047
2026-05-12 00:57:12,052 - mmseg - INFO - Iter [23100/40000]	lr: 3.976e-05, eta: 4:13:24, time: 0.904, data_time: 0.009, memory: 22512, loss_decode: 0.3765, decode_ce: 0.0463, decode_dice: 0.0937, decode_lovasz: 0.1240, decode_boundary: 0.3228, decode_scale_reg: 0.0004, decode_lambda_bound: 0.5900, decode_boundary_boost: 0.0900, aux.loss_ce: 0.0282, aux.acc_seg: 97.8162, loss: 0.4048
2026-05-12 00:57:57,249 - mmseg - INFO - Iter [23150/40000]	lr: 3.965e-05, eta: 4:12:39, time: 0.904, data_time: 0.008, memory: 22512, loss_decode: 0.3753, decode_ce: 0.0489, decode_dice: 0.0844, decode_lovasz: 0.1228, decode_boundary: 0.3257, decode_scale_reg: 0.0005, decode_lambda_bound: 0.5900, decode_boundary_boost: 0.0900, aux.loss_ce: 0.0270, aux.acc_seg: 97.9182, loss: 0.4023
2026-05-12 00:58:42,453 - mmseg - INFO - Iter [23200/40000]	lr: 3.953e-05, eta: 4:11:54, time: 0.904, data_time: 0.008, memory: 22512, loss_decode: 0.3519, decode_ce: 0.0399, decode_dice: 0.0746, decode_lovasz: 0.1154, decode_boundary: 0.3190, decode_scale_reg: 0.0005, decode_lambda_bound: 0.5900, decode_boundary_boost: 0.0900, aux.loss_ce: 0.0243, aux.acc_seg: 98.1059, loss: 0.3763
2026-05-12 00:59:27,715 - mmseg - INFO - Iter [23250/40000]	lr: 3.942e-05, eta: 4:11:09, time: 0.905, data_time: 0.008, memory: 22512, loss_decode: 0.3769, decode_ce: 0.0487, decode_dice: 0.0883, decode_lovasz: 0.1257, decode_boundary: 0.3164, decode_scale_reg: 0.0004, decode_lambda_bound: 0.5998, decode_boundary_boost: 0.1000, aux.loss_ce: 0.0289, aux.acc_seg: 97.7962, loss: 0.4059
2026-05-12 01:00:12,917 - mmseg - INFO - Iter [23300/40000]	lr: 3.931e-05, eta: 4:10:25, time: 0.904, data_time: 0.009, memory: 22512, loss_decode: 0.3706, decode_ce: 0.0444, decode_dice: 0.0824, decode_lovasz: 0.1243, decode_boundary: 0.3196, decode_scale_reg: 0.0003, decode_lambda_bound: 0.6000, decode_boundary_boost: 0.1000, aux.loss_ce: 0.0253, aux.acc_seg: 98.0374, loss: 0.3959
2026-05-12 01:00:58,130 - mmseg - INFO - Iter [23350/40000]	lr: 3.920e-05, eta: 4:09:40, time: 0.904, data_time: 0.008, memory: 22512, loss_decode: 0.3648, decode_ce: 0.0400, decode_dice: 0.0841, decode_lovasz: 0.1259, decode_boundary: 0.3139, decode_scale_reg: 0.0006, decode_lambda_bound: 0.6000, decode_boundary_boost: 0.1000, aux.loss_ce: 0.0242, aux.acc_seg: 98.1501, loss: 0.3889
2026-05-12 01:01:43,416 - mmseg - INFO - Iter [23400/40000]	lr: 3.909e-05, eta: 4:08:55, time: 0.906, data_time: 0.009, memory: 22512, loss_decode: 0.3965, decode_ce: 0.0523, decode_dice: 0.0934, decode_lovasz: 0.1374, decode_boundary: 0.3240, decode_scale_reg: 0.0008, decode_lambda_bound: 0.6000, decode_boundary_boost: 0.1000, aux.loss_ce: 0.0289, aux.acc_seg: 97.7670, loss: 0.4254
2026-05-12 01:02:28,622 - mmseg - INFO - Iter [23450/40000]	lr: 3.898e-05, eta: 4:08:10, time: 0.904, data_time: 0.008, memory: 22512, loss_decode: 0.3871, decode_ce: 0.0478, decode_dice: 0.0830, decode_lovasz: 0.1295, decode_boundary: 0.3344, decode_scale_reg: 0.0007, decode_lambda_bound: 0.6000, decode_boundary_boost: 0.1000, aux.loss_ce: 0.0273, aux.acc_seg: 97.8747, loss: 0.4144
2026-05-12 01:03:13,822 - mmseg - INFO - Iter [23500/40000]	lr: 3.886e-05, eta: 4:07:25, time: 0.904, data_time: 0.008, memory: 22512, loss_decode: 0.3862, decode_ce: 0.0474, decode_dice: 0.0856, decode_lovasz: 0.1300, decode_boundary: 0.3308, decode_scale_reg: 0.0005, decode_lambda_bound: 0.6000, decode_boundary_boost: 0.1000, aux.loss_ce: 0.0268, aux.acc_seg: 97.9423, loss: 0.4130
2026-05-12 01:03:58,979 - mmseg - INFO - Iter [23550/40000]	lr: 3.875e-05, eta: 4:06:40, time: 0.903, data_time: 0.008, memory: 22512, loss_decode: 0.3752, decode_ce: 0.0456, decode_dice: 0.0895, decode_lovasz: 0.1278, decode_boundary: 0.3148, decode_scale_reg: 0.0005, decode_lambda_bound: 0.6000, decode_boundary_boost: 0.1000, aux.loss_ce: 0.0252, aux.acc_seg: 98.1369, loss: 0.4004
2026-05-12 01:04:44,212 - mmseg - INFO - Iter [23600/40000]	lr: 3.864e-05, eta: 4:05:56, time: 0.905, data_time: 0.008, memory: 22512, loss_decode: 0.4020, decode_ce: 0.0547, decode_dice: 0.0955, decode_lovasz: 0.1365, decode_boundary: 0.3287, decode_scale_reg: 0.0005, decode_lambda_bound: 0.6000, decode_boundary_boost: 0.1000, aux.loss_ce: 0.0314, aux.acc_seg: 97.6809, loss: 0.4334
2026-05-12 01:05:29,487 - mmseg - INFO - Iter [23650/40000]	lr: 3.853e-05, eta: 4:05:11, time: 0.906, data_time: 0.008, memory: 22512, loss_decode: 0.3868, decode_ce: 0.0487, decode_dice: 0.0981, decode_lovasz: 0.1257, decode_boundary: 0.3274, decode_scale_reg: 0.0012, decode_lambda_bound: 0.5951, decode_boundary_boost: 0.0950, aux.loss_ce: 0.0281, aux.acc_seg: 97.8403, loss: 0.4150
2026-05-12 01:06:14,703 - mmseg - INFO - Iter [23700/40000]	lr: 3.842e-05, eta: 4:04:26, time: 0.904, data_time: 0.008, memory: 22512, loss_decode: 0.3591, decode_ce: 0.0431, decode_dice: 0.0760, decode_lovasz: 0.1221, decode_boundary: 0.3133, decode_scale_reg: 0.0009, decode_lambda_bound: 0.5950, decode_boundary_boost: 0.0950, aux.loss_ce: 0.0245, aux.acc_seg: 98.1169, loss: 0.3835
2026-05-12 01:06:59,916 - mmseg - INFO - Iter [23750/40000]	lr: 3.831e-05, eta: 4:03:41, time: 0.904, data_time: 0.008, memory: 22512, loss_decode: 0.3744, decode_ce: 0.0437, decode_dice: 0.0855, decode_lovasz: 0.1303, decode_boundary: 0.3196, decode_scale_reg: 0.0010, decode_lambda_bound: 0.5950, decode_boundary_boost: 0.0950, aux.loss_ce: 0.0263, aux.acc_seg: 97.9861, loss: 0.4007
2026-05-12 01:07:45,102 - mmseg - INFO - Iter [23800/40000]	lr: 3.819e-05, eta: 4:02:56, time: 0.904, data_time: 0.008, memory: 22512, loss_decode: 0.3753, decode_ce: 0.0437, decode_dice: 0.0851, decode_lovasz: 0.1290, decode_boundary: 0.3232, decode_scale_reg: 0.0009, decode_lambda_bound: 0.5950, decode_boundary_boost: 0.0950, aux.loss_ce: 0.0259, aux.acc_seg: 97.9538, loss: 0.4013
2026-05-12 01:08:30,308 - mmseg - INFO - Iter [23850/40000]	lr: 3.808e-05, eta: 4:02:11, time: 0.904, data_time: 0.008, memory: 22512, loss_decode: 0.3806, decode_ce: 0.0481, decode_dice: 0.0939, decode_lovasz: 0.1246, decode_boundary: 0.3228, decode_scale_reg: 0.0021, decode_lambda_bound: 0.5950, decode_boundary_boost: 0.0950, aux.loss_ce: 0.0286, aux.acc_seg: 97.8154, loss: 0.4091
2026-05-12 01:09:15,549 - mmseg - INFO - Iter [23900/40000]	lr: 3.797e-05, eta: 4:01:27, time: 0.905, data_time: 0.008, memory: 22512, loss_decode: 0.3815, decode_ce: 0.0465, decode_dice: 0.0905, decode_lovasz: 0.1244, decode_boundary: 0.3302, decode_scale_reg: 0.0012, decode_lambda_bound: 0.5950, decode_boundary_boost: 0.0950, aux.loss_ce: 0.0278, aux.acc_seg: 97.8434, loss: 0.4093
2026-05-12 01:10:00,726 - mmseg - INFO - Iter [23950/40000]	lr: 3.786e-05, eta: 4:00:42, time: 0.904, data_time: 0.008, memory: 22512, loss_decode: 0.3933, decode_ce: 0.0455, decode_dice: 0.0968, decode_lovasz: 0.1378, decode_boundary: 0.3295, decode_scale_reg: 0.0004, decode_lambda_bound: 0.5950, decode_boundary_boost: 0.0950, aux.loss_ce: 0.0267, aux.acc_seg: 97.8881, loss: 0.4200
2026-05-12 01:10:45,929 - mmseg - INFO - Saving checkpoint at 24000 iterations
2026-05-12 01:10:46,627 - mmseg - INFO - Exp name: uper_cosnet_specwaste_40k.py
2026-05-12 01:10:46,627 - mmseg - INFO - Iter [24000/40000]	lr: 3.775e-05, eta: 3:59:57, time: 0.918, data_time: 0.008, memory: 22512, loss_decode: 0.3623, decode_ce: 0.0434, decode_dice: 0.0786, decode_lovasz: 0.1258, decode_boundary: 0.3114, decode_scale_reg: 0.0005, decode_lambda_bound: 0.5950, decode_boundary_boost: 0.0950, aux.loss_ce: 0.0242, aux.acc_seg: 98.1561, loss: 0.3865
2026-05-12 01:10:55,656 - mmseg - INFO - per class results:
2026-05-12 01:10:55,657 - mmseg - INFO - 
+------------+-------+-------+
|   Class    |  IoU  |  Acc  |
+------------+-------+-------+
| background | 93.79 | 97.91 |
|    film    | 78.39 | 85.47 |
|   basket   |  84.3 | 88.24 |
| cardboard  | 73.93 | 75.84 |
| video_tape | 43.11 | 52.21 |
|  filament  |  64.6 | 73.29 |
|    bag     | 68.53 | 77.21 |
+------------+-------+-------+
2026-05-12 01:10:55,657 - mmseg - INFO - Summary:
2026-05-12 01:10:55,657 - mmseg - INFO - 
+-------+-------+-------+
|  aAcc |  mIoU |  mAcc |
+-------+-------+-------+
| 94.49 | 72.38 | 78.59 |
+-------+-------+-------+
2026-05-12 01:10:55,657 - mmseg - INFO - Exp name: uper_cosnet_specwaste_40k.py
2026-05-12 01:10:55,657 - mmseg - INFO - Iter(val) [171]	aAcc: 0.9449, mIoU: 0.7238, mAcc: 0.7859, IoU.background: 0.9379, IoU.film: 0.7839, IoU.basket: 0.8430, IoU.cardboard: 0.7393, IoU.video_tape: 0.4311, IoU.filament: 0.6460, IoU.bag: 0.6853, Acc.background: 0.9791, Acc.film: 0.8547, Acc.basket: 0.8824, Acc.cardboard: 0.7584, Acc.video_tape: 0.5221, Acc.filament: 0.7329, Acc.bag: 0.7721
2026-05-12 01:11:40,752 - mmseg - INFO - Iter [24050/40000]	lr: 3.764e-05, eta: 3:59:18, time: 1.082, data_time: 0.189, memory: 22512, loss_decode: 0.3605, decode_ce: 0.0419, decode_dice: 0.0849, decode_lovasz: 0.1162, decode_boundary: 0.3203, decode_scale_reg: 0.0005, decode_lambda_bound: 0.5901, decode_boundary_boost: 0.0900, aux.loss_ce: 0.0253, aux.acc_seg: 98.0237, loss: 0.3859
2026-05-12 01:12:26,128 - mmseg - INFO - Iter [24100/40000]	lr: 3.752e-05, eta: 3:58:34, time: 0.908, data_time: 0.008, memory: 22512, loss_decode: 0.3665, decode_ce: 0.0421, decode_dice: 0.0838, decode_lovasz: 0.1193, decode_boundary: 0.3272, decode_scale_reg: 0.0005, decode_lambda_bound: 0.5900, decode_boundary_boost: 0.0900, aux.loss_ce: 0.0250, aux.acc_seg: 98.0509, loss: 0.3916
2026-05-12 01:13:11,428 - mmseg - INFO - Iter [24150/40000]	lr: 3.741e-05, eta: 3:57:49, time: 0.906, data_time: 0.008, memory: 22512, loss_decode: 0.3455, decode_ce: 0.0382, decode_dice: 0.0753, decode_lovasz: 0.1102, decode_boundary: 0.3170, decode_scale_reg: 0.0003, decode_lambda_bound: 0.5900, decode_boundary_boost: 0.0900, aux.loss_ce: 0.0237, aux.acc_seg: 98.1367, loss: 0.3692
2026-05-12 01:13:56,661 - mmseg - INFO - Iter [24200/40000]	lr: 3.730e-05, eta: 3:57:04, time: 0.905, data_time: 0.008, memory: 22512, loss_decode: 0.3750, decode_ce: 0.0457, decode_dice: 0.0873, decode_lovasz: 0.1257, decode_boundary: 0.3244, decode_scale_reg: 0.0005, decode_lambda_bound: 0.5900, decode_boundary_boost: 0.0900, aux.loss_ce: 0.0270, aux.acc_seg: 97.8645, loss: 0.4020
2026-05-12 01:14:41,930 - mmseg - INFO - Iter [24250/40000]	lr: 3.719e-05, eta: 3:56:19, time: 0.905, data_time: 0.008, memory: 22512, loss_decode: 0.3509, decode_ce: 0.0381, decode_dice: 0.0766, decode_lovasz: 0.1205, decode_boundary: 0.3120, decode_scale_reg: 0.0004, decode_lambda_bound: 0.5900, decode_boundary_boost: 0.0900, aux.loss_ce: 0.0226, aux.acc_seg: 98.2131, loss: 0.3735
2026-05-12 01:15:27,208 - mmseg - INFO - Iter [24300/40000]	lr: 3.708e-05, eta: 3:55:34, time: 0.906, data_time: 0.008, memory: 22512, loss_decode: 0.3678, decode_ce: 0.0417, decode_dice: 0.0797, decode_lovasz: 0.1197, decode_boundary: 0.3330, decode_scale_reg: 0.0004, decode_lambda_bound: 0.5900, decode_boundary_boost: 0.0900, aux.loss_ce: 0.0265, aux.acc_seg: 97.9123, loss: 0.3943
2026-05-12 01:16:12,440 - mmseg - INFO - Iter [24350/40000]	lr: 3.697e-05, eta: 3:54:49, time: 0.905, data_time: 0.008, memory: 22512, loss_decode: 0.3657, decode_ce: 0.0424, decode_dice: 0.0885, decode_lovasz: 0.1269, decode_boundary: 0.3114, decode_scale_reg: 0.0005, decode_lambda_bound: 0.5900, decode_boundary_boost: 0.0900, aux.loss_ce: 0.0254, aux.acc_seg: 98.0357, loss: 0.3910
2026-05-12 01:16:57,637 - mmseg - INFO - Iter [24400/40000]	lr: 3.685e-05, eta: 3:54:04, time: 0.904, data_time: 0.008, memory: 22512, loss_decode: 0.3735, decode_ce: 0.0426, decode_dice: 0.0869, decode_lovasz: 0.1286, decode_boundary: 0.3236, decode_scale_reg: 0.0004, decode_lambda_bound: 0.5900, decode_boundary_boost: 0.0900, aux.loss_ce: 0.0273, aux.acc_seg: 97.8962, loss: 0.4008
2026-05-12 01:17:42,913 - mmseg - INFO - Iter [24450/40000]	lr: 3.674e-05, eta: 3:53:20, time: 0.906, data_time: 0.008, memory: 22512, loss_decode: 0.3725, decode_ce: 0.0436, decode_dice: 0.0895, decode_lovasz: 0.1272, decode_boundary: 0.3225, decode_scale_reg: 0.0008, decode_lambda_bound: 0.5851, decode_boundary_boost: 0.0850, aux.loss_ce: 0.0259, aux.acc_seg: 97.9952, loss: 0.3984
2026-05-12 01:18:28,168 - mmseg - INFO - Iter [24500/40000]	lr: 3.663e-05, eta: 3:52:35, time: 0.905, data_time: 0.008, memory: 22512, loss_decode: 0.3735, decode_ce: 0.0509, decode_dice: 0.0810, decode_lovasz: 0.1180, decode_boundary: 0.3307, decode_scale_reg: 0.0011, decode_lambda_bound: 0.5850, decode_boundary_boost: 0.0850, aux.loss_ce: 0.0293, aux.acc_seg: 97.7404, loss: 0.4027
2026-05-12 01:19:13,384 - mmseg - INFO - Iter [24550/40000]	lr: 3.652e-05, eta: 3:51:50, time: 0.904, data_time: 0.008, memory: 22512, loss_decode: 0.3524, decode_ce: 0.0422, decode_dice: 0.0769, decode_lovasz: 0.1145, decode_boundary: 0.3177, decode_scale_reg: 0.0004, decode_lambda_bound: 0.5850, decode_boundary_boost: 0.0850, aux.loss_ce: 0.0254, aux.acc_seg: 98.0535, loss: 0.3778
2026-05-12 01:19:58,604 - mmseg - INFO - Iter [24600/40000]	lr: 3.641e-05, eta: 3:51:05, time: 0.904, data_time: 0.008, memory: 22512, loss_decode: 0.3447, decode_ce: 0.0389, decode_dice: 0.0771, decode_lovasz: 0.1130, decode_boundary: 0.3118, decode_scale_reg: 0.0006, decode_lambda_bound: 0.5850, decode_boundary_boost: 0.0850, aux.loss_ce: 0.0244, aux.acc_seg: 98.1470, loss: 0.3691
2026-05-12 01:20:43,877 - mmseg - INFO - Iter [24650/40000]	lr: 3.629e-05, eta: 3:50:20, time: 0.905, data_time: 0.008, memory: 22512, loss_decode: 0.3456, decode_ce: 0.0420, decode_dice: 0.0721, decode_lovasz: 0.1099, decode_boundary: 0.3163, decode_scale_reg: 0.0006, decode_lambda_bound: 0.5850, decode_boundary_boost: 0.0850, aux.loss_ce: 0.0246, aux.acc_seg: 98.0649, loss: 0.3701
2026-05-12 01:21:29,144 - mmseg - INFO - Iter [24700/40000]	lr: 3.618e-05, eta: 3:49:35, time: 0.905, data_time: 0.008, memory: 22512, loss_decode: 0.3596, decode_ce: 0.0432, decode_dice: 0.0761, decode_lovasz: 0.1176, decode_boundary: 0.3252, decode_scale_reg: 0.0003, decode_lambda_bound: 0.5850, decode_boundary_boost: 0.0850, aux.loss_ce: 0.0258, aux.acc_seg: 97.9335, loss: 0.3855
2026-05-12 01:22:14,313 - mmseg - INFO - Iter [24750/40000]	lr: 3.607e-05, eta: 3:48:50, time: 0.903, data_time: 0.008, memory: 22512, loss_decode: 0.3862, decode_ce: 0.0538, decode_dice: 0.0903, decode_lovasz: 0.1274, decode_boundary: 0.3276, decode_scale_reg: 0.0006, decode_lambda_bound: 0.5850, decode_boundary_boost: 0.0850, aux.loss_ce: 0.0294, aux.acc_seg: 97.7941, loss: 0.4156
2026-05-12 01:22:59,523 - mmseg - INFO - Iter [24800/40000]	lr: 3.596e-05, eta: 3:48:05, time: 0.904, data_time: 0.008, memory: 22512, loss_decode: 0.3645, decode_ce: 0.0455, decode_dice: 0.0853, decode_lovasz: 0.1183, decode_boundary: 0.3206, decode_scale_reg: 0.0017, decode_lambda_bound: 0.5850, decode_boundary_boost: 0.0850, aux.loss_ce: 0.0272, aux.acc_seg: 97.9132, loss: 0.3917
2026-05-12 01:23:44,750 - mmseg - INFO - Iter [24850/40000]	lr: 3.585e-05, eta: 3:47:21, time: 0.905, data_time: 0.008, memory: 22512, loss_decode: 0.3629, decode_ce: 0.0411, decode_dice: 0.0844, decode_lovasz: 0.1201, decode_boundary: 0.3186, decode_scale_reg: 0.0009, decode_lambda_bound: 0.5948, decode_boundary_boost: 0.0950, aux.loss_ce: 0.0249, aux.acc_seg: 98.0901, loss: 0.3878
2026-05-12 01:24:29,934 - mmseg - INFO - Iter [24900/40000]	lr: 3.573e-05, eta: 3:46:36, time: 0.904, data_time: 0.008, memory: 22512, loss_decode: 0.3717, decode_ce: 0.0415, decode_dice: 0.0916, decode_lovasz: 0.1305, decode_boundary: 0.3136, decode_scale_reg: 0.0005, decode_lambda_bound: 0.5950, decode_boundary_boost: 0.0950, aux.loss_ce: 0.0242, aux.acc_seg: 98.0904, loss: 0.3959
2026-05-12 01:25:15,193 - mmseg - INFO - Iter [24950/40000]	lr: 3.562e-05, eta: 3:45:51, time: 0.905, data_time: 0.008, memory: 22512, loss_decode: 0.3566, decode_ce: 0.0398, decode_dice: 0.0813, decode_lovasz: 0.1195, decode_boundary: 0.3134, decode_scale_reg: 0.0004, decode_lambda_bound: 0.5950, decode_boundary_boost: 0.0950, aux.loss_ce: 0.0231, aux.acc_seg: 98.1860, loss: 0.3797
2026-05-12 01:26:00,376 - mmseg - INFO - Exp name: uper_cosnet_specwaste_40k.py
2026-05-12 01:26:00,376 - mmseg - INFO - Iter [25000/40000]	lr: 3.551e-05, eta: 3:45:06, time: 0.904, data_time: 0.008, memory: 22512, loss_decode: 0.3947, decode_ce: 0.0485, decode_dice: 0.1051, decode_lovasz: 0.1275, decode_boundary: 0.3329, decode_scale_reg: 0.0006, decode_lambda_bound: 0.5950, decode_boundary_boost: 0.0950, aux.loss_ce: 0.0268, aux.acc_seg: 97.8953, loss: 0.4215
2026-05-12 01:26:45,749 - mmseg - INFO - Iter [25050/40000]	lr: 3.540e-05, eta: 3:44:21, time: 0.907, data_time: 0.008, memory: 22512, loss_decode: 0.3696, decode_ce: 0.0439, decode_dice: 0.0841, decode_lovasz: 0.1298, decode_boundary: 0.3130, decode_scale_reg: 0.0007, decode_lambda_bound: 0.5950, decode_boundary_boost: 0.0950, aux.loss_ce: 0.0257, aux.acc_seg: 98.0344, loss: 0.3953
2026-05-12 01:27:31,010 - mmseg - INFO - Iter [25100/40000]	lr: 3.528e-05, eta: 3:43:36, time: 0.905, data_time: 0.008, memory: 22512, loss_decode: 0.3697, decode_ce: 0.0478, decode_dice: 0.0772, decode_lovasz: 0.1197, decode_boundary: 0.3252, decode_scale_reg: 0.0005, decode_lambda_bound: 0.5950, decode_boundary_boost: 0.0950, aux.loss_ce: 0.0278, aux.acc_seg: 97.8014, loss: 0.3975
2026-05-12 01:28:16,198 - mmseg - INFO - Iter [25150/40000]	lr: 3.517e-05, eta: 3:42:51, time: 0.904, data_time: 0.008, memory: 22512, loss_decode: 0.3621, decode_ce: 0.0440, decode_dice: 0.0822, decode_lovasz: 0.1243, decode_boundary: 0.3089, decode_scale_reg: 0.0005, decode_lambda_bound: 0.5950, decode_boundary_boost: 0.0950, aux.loss_ce: 0.0243, aux.acc_seg: 98.1565, loss: 0.3864
2026-05-12 01:29:01,449 - mmseg - INFO - Iter [25200/40000]	lr: 3.506e-05, eta: 3:42:06, time: 0.905, data_time: 0.008, memory: 22512, loss_decode: 0.3882, decode_ce: 0.0462, decode_dice: 0.0939, decode_lovasz: 0.1402, decode_boundary: 0.3192, decode_scale_reg: 0.0004, decode_lambda_bound: 0.5950, decode_boundary_boost: 0.0950, aux.loss_ce: 0.0267, aux.acc_seg: 97.9247, loss: 0.4149
2026-05-12 01:29:46,677 - mmseg - INFO - Iter [25250/40000]	lr: 3.495e-05, eta: 3:41:21, time: 0.905, data_time: 0.008, memory: 22512, loss_decode: 0.3633, decode_ce: 0.0449, decode_dice: 0.0818, decode_lovasz: 0.1165, decode_boundary: 0.3222, decode_scale_reg: 0.0004, decode_lambda_bound: 0.5901, decode_boundary_boost: 0.0900, aux.loss_ce: 0.0263, aux.acc_seg: 97.9602, loss: 0.3896
2026-05-12 01:30:31,930 - mmseg - INFO - Iter [25300/40000]	lr: 3.484e-05, eta: 3:40:36, time: 0.905, data_time: 0.008, memory: 22512, loss_decode: 0.3546, decode_ce: 0.0396, decode_dice: 0.0796, decode_lovasz: 0.1176, decode_boundary: 0.3168, decode_scale_reg: 0.0005, decode_lambda_bound: 0.5900, decode_boundary_boost: 0.0900, aux.loss_ce: 0.0241, aux.acc_seg: 98.0883, loss: 0.3787
2026-05-12 01:31:17,222 - mmseg - INFO - Iter [25350/40000]	lr: 3.472e-05, eta: 3:39:52, time: 0.906, data_time: 0.008, memory: 22512, loss_decode: 0.3536, decode_ce: 0.0410, decode_dice: 0.0789, decode_lovasz: 0.1164, decode_boundary: 0.3150, decode_scale_reg: 0.0006, decode_lambda_bound: 0.5900, decode_boundary_boost: 0.0900, aux.loss_ce: 0.0249, aux.acc_seg: 98.0802, loss: 0.3785
2026-05-12 01:32:02,427 - mmseg - INFO - Iter [25400/40000]	lr: 3.461e-05, eta: 3:39:07, time: 0.904, data_time: 0.009, memory: 22512, loss_decode: 0.3686, decode_ce: 0.0456, decode_dice: 0.0735, decode_lovasz: 0.1236, decode_boundary: 0.3279, decode_scale_reg: 0.0004, decode_lambda_bound: 0.5900, decode_boundary_boost: 0.0900, aux.loss_ce: 0.0274, aux.acc_seg: 97.8094, loss: 0.3960
2026-05-12 01:32:47,600 - mmseg - INFO - Iter [25450/40000]	lr: 3.450e-05, eta: 3:38:22, time: 0.903, data_time: 0.009, memory: 22512, loss_decode: 0.3611, decode_ce: 0.0450, decode_dice: 0.0756, decode_lovasz: 0.1225, decode_boundary: 0.3158, decode_scale_reg: 0.0005, decode_lambda_bound: 0.5900, decode_boundary_boost: 0.0900, aux.loss_ce: 0.0257, aux.acc_seg: 97.9919, loss: 0.3867
2026-05-12 01:33:32,818 - mmseg - INFO - Iter [25500/40000]	lr: 3.439e-05, eta: 3:37:37, time: 0.904, data_time: 0.008, memory: 22512, loss_decode: 0.3602, decode_ce: 0.0423, decode_dice: 0.0827, decode_lovasz: 0.1242, decode_boundary: 0.3109, decode_scale_reg: 0.0005, decode_lambda_bound: 0.5900, decode_boundary_boost: 0.0900, aux.loss_ce: 0.0242, aux.acc_seg: 98.1296, loss: 0.3844
2026-05-12 01:34:17,977 - mmseg - INFO - Iter [25550/40000]	lr: 3.427e-05, eta: 3:36:52, time: 0.903, data_time: 0.008, memory: 22512, loss_decode: 0.3579, decode_ce: 0.0390, decode_dice: 0.0838, decode_lovasz: 0.1226, decode_boundary: 0.3136, decode_scale_reg: 0.0004, decode_lambda_bound: 0.5900, decode_boundary_boost: 0.0900, aux.loss_ce: 0.0248, aux.acc_seg: 98.0581, loss: 0.3827
2026-05-12 01:35:03,167 - mmseg - INFO - Iter [25600/40000]	lr: 3.416e-05, eta: 3:36:07, time: 0.904, data_time: 0.008, memory: 22512, loss_decode: 0.3518, decode_ce: 0.0422, decode_dice: 0.0739, decode_lovasz: 0.1169, decode_boundary: 0.3136, decode_scale_reg: 0.0004, decode_lambda_bound: 0.5900, decode_boundary_boost: 0.0900, aux.loss_ce: 0.0247, aux.acc_seg: 98.1023, loss: 0.3766
2026-05-12 01:35:48,395 - mmseg - INFO - Iter [25650/40000]	lr: 3.405e-05, eta: 3:35:22, time: 0.905, data_time: 0.008, memory: 22512, loss_decode: 0.3734, decode_ce: 0.0463, decode_dice: 0.0922, decode_lovasz: 0.1341, decode_boundary: 0.3083, decode_scale_reg: 0.0003, decode_lambda_bound: 0.5851, decode_boundary_boost: 0.0850, aux.loss_ce: 0.0284, aux.acc_seg: 97.8432, loss: 0.4017
2026-05-12 01:36:35,972 - mmseg - INFO - Iter [25700/40000]	lr: 3.394e-05, eta: 3:34:38, time: 0.952, data_time: 0.056, memory: 22512, loss_decode: 0.3783, decode_ce: 0.0594, decode_dice: 0.0911, decode_lovasz: 0.1260, decode_boundary: 0.3058, decode_scale_reg: 0.0004, decode_lambda_bound: 0.5850, decode_boundary_boost: 0.0850, aux.loss_ce: 0.0281, aux.acc_seg: 97.9100, loss: 0.4064
2026-05-12 01:37:21,105 - mmseg - INFO - Iter [25750/40000]	lr: 3.383e-05, eta: 3:33:53, time: 0.903, data_time: 0.008, memory: 22512, loss_decode: 0.3570, decode_ce: 0.0445, decode_dice: 0.0784, decode_lovasz: 0.1203, decode_boundary: 0.3131, decode_scale_reg: 0.0003, decode_lambda_bound: 0.5850, decode_boundary_boost: 0.0850, aux.loss_ce: 0.0264, aux.acc_seg: 97.9886, loss: 0.3834
2026-05-12 01:38:06,417 - mmseg - INFO - Iter [25800/40000]	lr: 3.371e-05, eta: 3:33:09, time: 0.906, data_time: 0.008, memory: 22512, loss_decode: 0.3645, decode_ce: 0.0434, decode_dice: 0.0793, decode_lovasz: 0.1186, decode_boundary: 0.3290, decode_scale_reg: 0.0003, decode_lambda_bound: 0.5850, decode_boundary_boost: 0.0850, aux.loss_ce: 0.0266, aux.acc_seg: 97.9517, loss: 0.3911
2026-05-12 01:38:51,696 - mmseg - INFO - Iter [25850/40000]	lr: 3.360e-05, eta: 3:32:24, time: 0.906, data_time: 0.008, memory: 22512, loss_decode: 0.3453, decode_ce: 0.0386, decode_dice: 0.0762, decode_lovasz: 0.1188, decode_boundary: 0.3068, decode_scale_reg: 0.0006, decode_lambda_bound: 0.5850, decode_boundary_boost: 0.0850, aux.loss_ce: 0.0243, aux.acc_seg: 98.1098, loss: 0.3696
2026-05-12 01:39:36,976 - mmseg - INFO - Iter [25900/40000]	lr: 3.349e-05, eta: 3:31:39, time: 0.906, data_time: 0.008, memory: 22512, loss_decode: 0.3652, decode_ce: 0.0435, decode_dice: 0.0857, decode_lovasz: 0.1301, decode_boundary: 0.3098, decode_scale_reg: 0.0005, decode_lambda_bound: 0.5850, decode_boundary_boost: 0.0850, aux.loss_ce: 0.0251, aux.acc_seg: 98.0538, loss: 0.3903
2026-05-12 01:40:22,194 - mmseg - INFO - Iter [25950/40000]	lr: 3.338e-05, eta: 3:30:54, time: 0.904, data_time: 0.008, memory: 22512, loss_decode: 0.3573, decode_ce: 0.0420, decode_dice: 0.0791, decode_lovasz: 0.1201, decode_boundary: 0.3172, decode_scale_reg: 0.0005, decode_lambda_bound: 0.5850, decode_boundary_boost: 0.0850, aux.loss_ce: 0.0247, aux.acc_seg: 98.0454, loss: 0.3819
2026-05-12 01:41:07,463 - mmseg - INFO - Exp name: uper_cosnet_specwaste_40k.py
2026-05-12 01:41:07,463 - mmseg - INFO - Iter [26000/40000]	lr: 3.326e-05, eta: 3:30:09, time: 0.905, data_time: 0.009, memory: 22512, loss_decode: 0.3513, decode_ce: 0.0401, decode_dice: 0.0804, decode_lovasz: 0.1164, decode_boundary: 0.3139, decode_scale_reg: 0.0003, decode_lambda_bound: 0.5850, decode_boundary_boost: 0.0850, aux.loss_ce: 0.0241, aux.acc_seg: 98.1144, loss: 0.3754
2026-05-12 01:41:52,659 - mmseg - INFO - Iter [26050/40000]	lr: 3.315e-05, eta: 3:29:24, time: 0.904, data_time: 0.008, memory: 22512, loss_decode: 0.3597, decode_ce: 0.0408, decode_dice: 0.0774, decode_lovasz: 0.1201, decode_boundary: 0.3196, decode_scale_reg: 0.0006, decode_lambda_bound: 0.5948, decode_boundary_boost: 0.0950, aux.loss_ce: 0.0248, aux.acc_seg: 98.0572, loss: 0.3845
2026-05-12 01:42:38,063 - mmseg - INFO - Iter [26100/40000]	lr: 3.304e-05, eta: 3:28:39, time: 0.908, data_time: 0.009, memory: 22512, loss_decode: 0.3500, decode_ce: 0.0414, decode_dice: 0.0748, decode_lovasz: 0.1156, decode_boundary: 0.3101, decode_scale_reg: 0.0004, decode_lambda_bound: 0.5950, decode_boundary_boost: 0.0950, aux.loss_ce: 0.0228, aux.acc_seg: 98.2304, loss: 0.3728
2026-05-12 01:43:23,367 - mmseg - INFO - Iter [26150/40000]	lr: 3.293e-05, eta: 3:27:54, time: 0.906, data_time: 0.008, memory: 22512, loss_decode: 0.3458, decode_ce: 0.0397, decode_dice: 0.0709, decode_lovasz: 0.1084, decode_boundary: 0.3182, decode_scale_reg: 0.0003, decode_lambda_bound: 0.5950, decode_boundary_boost: 0.0950, aux.loss_ce: 0.0251, aux.acc_seg: 98.0337, loss: 0.3709
2026-05-12 01:44:08,588 - mmseg - INFO - Iter [26200/40000]	lr: 3.281e-05, eta: 3:27:09, time: 0.904, data_time: 0.008, memory: 22512, loss_decode: 0.3813, decode_ce: 0.0489, decode_dice: 0.0935, decode_lovasz: 0.1374, decode_boundary: 0.3069, decode_scale_reg: 0.0004, decode_lambda_bound: 0.5950, decode_boundary_boost: 0.0950, aux.loss_ce: 0.0266, aux.acc_seg: 97.9750, loss: 0.4079
2026-05-12 01:44:53,831 - mmseg - INFO - Iter [26250/40000]	lr: 3.270e-05, eta: 3:26:24, time: 0.905, data_time: 0.008, memory: 22512, loss_decode: 0.3605, decode_ce: 0.0382, decode_dice: 0.0802, decode_lovasz: 0.1271, decode_boundary: 0.3140, decode_scale_reg: 0.0004, decode_lambda_bound: 0.5950, decode_boundary_boost: 0.0950, aux.loss_ce: 0.0231, aux.acc_seg: 98.2385, loss: 0.3836
2026-05-12 01:45:39,043 - mmseg - INFO - Iter [26300/40000]	lr: 3.259e-05, eta: 3:25:39, time: 0.904, data_time: 0.008, memory: 22512, loss_decode: 0.3542, decode_ce: 0.0399, decode_dice: 0.0686, decode_lovasz: 0.1139, decode_boundary: 0.3269, decode_scale_reg: 0.0003, decode_lambda_bound: 0.5950, decode_boundary_boost: 0.0950, aux.loss_ce: 0.0243, aux.acc_seg: 98.0697, loss: 0.3785
2026-05-12 01:46:24,341 - mmseg - INFO - Iter [26350/40000]	lr: 3.247e-05, eta: 3:24:55, time: 0.906, data_time: 0.009, memory: 22512, loss_decode: 0.3454, decode_ce: 0.0413, decode_dice: 0.0664, decode_lovasz: 0.1122, decode_boundary: 0.3139, decode_scale_reg: 0.0005, decode_lambda_bound: 0.5950, decode_boundary_boost: 0.0950, aux.loss_ce: 0.0238, aux.acc_seg: 98.1605, loss: 0.3692
2026-05-12 01:47:09,541 - mmseg - INFO - Iter [26400/40000]	lr: 3.236e-05, eta: 3:24:10, time: 0.904, data_time: 0.009, memory: 22512, loss_decode: 0.3586, decode_ce: 0.0403, decode_dice: 0.0778, decode_lovasz: 0.1197, decode_boundary: 0.3188, decode_scale_reg: 0.0005, decode_lambda_bound: 0.5950, decode_boundary_boost: 0.0950, aux.loss_ce: 0.0247, aux.acc_seg: 98.0605, loss: 0.3834
2026-05-12 01:47:54,764 - mmseg - INFO - Iter [26450/40000]	lr: 3.225e-05, eta: 3:23:25, time: 0.904, data_time: 0.009, memory: 22512, loss_decode: 0.3779, decode_ce: 0.0436, decode_dice: 0.0896, decode_lovasz: 0.1309, decode_boundary: 0.3242, decode_scale_reg: 0.0005, decode_lambda_bound: 0.5901, decode_boundary_boost: 0.0900, aux.loss_ce: 0.0258, aux.acc_seg: 98.0326, loss: 0.4037
2026-05-12 01:48:39,958 - mmseg - INFO - Iter [26500/40000]	lr: 3.214e-05, eta: 3:22:40, time: 0.904, data_time: 0.008, memory: 22512, loss_decode: 0.3498, decode_ce: 0.0385, decode_dice: 0.0748, decode_lovasz: 0.1175, decode_boundary: 0.3147, decode_scale_reg: 0.0005, decode_lambda_bound: 0.5900, decode_boundary_boost: 0.0900, aux.loss_ce: 0.0237, aux.acc_seg: 98.1233, loss: 0.3734
2026-05-12 01:49:25,184 - mmseg - INFO - Iter [26550/40000]	lr: 3.202e-05, eta: 3:21:55, time: 0.905, data_time: 0.008, memory: 22512, loss_decode: 0.3627, decode_ce: 0.0418, decode_dice: 0.0845, decode_lovasz: 0.1248, decode_boundary: 0.3136, decode_scale_reg: 0.0005, decode_lambda_bound: 0.5900, decode_boundary_boost: 0.0900, aux.loss_ce: 0.0249, aux.acc_seg: 98.0508, loss: 0.3877
2026-05-12 01:50:10,369 - mmseg - INFO - Iter [26600/40000]	lr: 3.191e-05, eta: 3:21:10, time: 0.904, data_time: 0.008, memory: 22512, loss_decode: 0.3436, decode_ce: 0.0394, decode_dice: 0.0633, decode_lovasz: 0.1086, decode_boundary: 0.3239, decode_scale_reg: 0.0004, decode_lambda_bound: 0.5900, decode_boundary_boost: 0.0900, aux.loss_ce: 0.0246, aux.acc_seg: 98.0582, loss: 0.3682
2026-05-12 01:50:55,609 - mmseg - INFO - Iter [26650/40000]	lr: 3.180e-05, eta: 3:20:25, time: 0.905, data_time: 0.008, memory: 22512, loss_decode: 0.3403, decode_ce: 0.0375, decode_dice: 0.0759, decode_lovasz: 0.1163, decode_boundary: 0.3010, decode_scale_reg: 0.0006, decode_lambda_bound: 0.5900, decode_boundary_boost: 0.0900, aux.loss_ce: 0.0221, aux.acc_seg: 98.2573, loss: 0.3624
2026-05-12 01:51:40,864 - mmseg - INFO - Iter [26700/40000]	lr: 3.169e-05, eta: 3:19:40, time: 0.905, data_time: 0.008, memory: 22512, loss_decode: 0.3666, decode_ce: 0.0499, decode_dice: 0.0774, decode_lovasz: 0.1249, decode_boundary: 0.3124, decode_scale_reg: 0.0004, decode_lambda_bound: 0.5900, decode_boundary_boost: 0.0900, aux.loss_ce: 0.0275, aux.acc_seg: 97.9238, loss: 0.3941
2026-05-12 01:52:26,126 - mmseg - INFO - Iter [26750/40000]	lr: 3.157e-05, eta: 3:18:55, time: 0.905, data_time: 0.009, memory: 22512, loss_decode: 0.3863, decode_ce: 0.0487, decode_dice: 0.0842, decode_lovasz: 0.1277, decode_boundary: 0.3384, decode_scale_reg: 0.0008, decode_lambda_bound: 0.5900, decode_boundary_boost: 0.0900, aux.loss_ce: 0.0291, aux.acc_seg: 97.7736, loss: 0.4153
2026-05-12 01:53:11,387 - mmseg - INFO - Iter [26800/40000]	lr: 3.146e-05, eta: 3:18:10, time: 0.905, data_time: 0.009, memory: 22512, loss_decode: 0.3543, decode_ce: 0.0406, decode_dice: 0.0831, decode_lovasz: 0.1196, decode_boundary: 0.3092, decode_scale_reg: 0.0009, decode_lambda_bound: 0.5900, decode_boundary_boost: 0.0900, aux.loss_ce: 0.0245, aux.acc_seg: 98.1045, loss: 0.3787
2026-05-12 01:53:56,700 - mmseg - INFO - Iter [26850/40000]	lr: 3.135e-05, eta: 3:17:25, time: 0.906, data_time: 0.008, memory: 22512, loss_decode: 0.3800, decode_ce: 0.0463, decode_dice: 0.0886, decode_lovasz: 0.1270, decode_boundary: 0.3237, decode_scale_reg: 0.0005, decode_lambda_bound: 0.5998, decode_boundary_boost: 0.1000, aux.loss_ce: 0.0250, aux.acc_seg: 98.0279, loss: 0.4050
2026-05-12 01:54:41,967 - mmseg - INFO - Iter [26900/40000]	lr: 3.123e-05, eta: 3:16:40, time: 0.905, data_time: 0.008, memory: 22512, loss_decode: 0.3669, decode_ce: 0.0408, decode_dice: 0.0852, decode_lovasz: 0.1288, decode_boundary: 0.3116, decode_scale_reg: 0.0008, decode_lambda_bound: 0.6000, decode_boundary_boost: 0.1000, aux.loss_ce: 0.0246, aux.acc_seg: 98.0966, loss: 0.3916
2026-05-12 01:55:27,165 - mmseg - INFO - Iter [26950/40000]	lr: 3.112e-05, eta: 3:15:55, time: 0.904, data_time: 0.008, memory: 22512, loss_decode: 0.3865, decode_ce: 0.0424, decode_dice: 0.0926, decode_lovasz: 0.1322, decode_boundary: 0.3310, decode_scale_reg: 0.0007, decode_lambda_bound: 0.6000, decode_boundary_boost: 0.1000, aux.loss_ce: 0.0261, aux.acc_seg: 97.9639, loss: 0.4126
2026-05-12 01:56:12,463 - mmseg - INFO - Exp name: uper_cosnet_specwaste_40k.py
2026-05-12 01:56:12,463 - mmseg - INFO - Iter [27000/40000]	lr: 3.101e-05, eta: 3:15:10, time: 0.906, data_time: 0.009, memory: 22512, loss_decode: 0.3432, decode_ce: 0.0366, decode_dice: 0.0707, decode_lovasz: 0.1156, decode_boundary: 0.3075, decode_scale_reg: 0.0008, decode_lambda_bound: 0.6000, decode_boundary_boost: 0.1000, aux.loss_ce: 0.0227, aux.acc_seg: 98.2569, loss: 0.3658
2026-05-12 01:56:57,691 - mmseg - INFO - Iter [27050/40000]	lr: 3.090e-05, eta: 3:14:25, time: 0.905, data_time: 0.009, memory: 22512, loss_decode: 0.3481, decode_ce: 0.0392, decode_dice: 0.0717, decode_lovasz: 0.1151, decode_boundary: 0.3112, decode_scale_reg: 0.0006, decode_lambda_bound: 0.6000, decode_boundary_boost: 0.1000, aux.loss_ce: 0.0232, aux.acc_seg: 98.2009, loss: 0.3713
2026-05-12 01:57:42,923 - mmseg - INFO - Iter [27100/40000]	lr: 3.078e-05, eta: 3:13:40, time: 0.905, data_time: 0.008, memory: 22512, loss_decode: 0.3508, decode_ce: 0.0412, decode_dice: 0.0661, decode_lovasz: 0.1110, decode_boundary: 0.3221, decode_scale_reg: 0.0006, decode_lambda_bound: 0.6000, decode_boundary_boost: 0.1000, aux.loss_ce: 0.0253, aux.acc_seg: 98.0257, loss: 0.3761
2026-05-12 01:58:28,167 - mmseg - INFO - Iter [27150/40000]	lr: 3.067e-05, eta: 3:12:56, time: 0.905, data_time: 0.008, memory: 22512, loss_decode: 0.3617, decode_ce: 0.0438, decode_dice: 0.0752, decode_lovasz: 0.1144, decode_boundary: 0.3242, decode_scale_reg: 0.0005, decode_lambda_bound: 0.6000, decode_boundary_boost: 0.1000, aux.loss_ce: 0.0263, aux.acc_seg: 97.9464, loss: 0.3881
2026-05-12 01:59:13,387 - mmseg - INFO - Iter [27200/40000]	lr: 3.056e-05, eta: 3:12:11, time: 0.904, data_time: 0.008, memory: 22512, loss_decode: 0.4041, decode_ce: 0.0633, decode_dice: 0.0811, decode_lovasz: 0.1354, decode_boundary: 0.3312, decode_scale_reg: 0.0005, decode_lambda_bound: 0.6000, decode_boundary_boost: 0.1000, aux.loss_ce: 0.0371, aux.acc_seg: 97.2225, loss: 0.4412
2026-05-12 01:59:58,620 - mmseg - INFO - Iter [27250/40000]	lr: 3.044e-05, eta: 3:11:26, time: 0.905, data_time: 0.009, memory: 22512, loss_decode: 0.3485, decode_ce: 0.0394, decode_dice: 0.0686, decode_lovasz: 0.1143, decode_boundary: 0.3100, decode_scale_reg: 0.0003, decode_lambda_bound: 0.6098, decode_boundary_boost: 0.1100, aux.loss_ce: 0.0260, aux.acc_seg: 97.9562, loss: 0.3745
2026-05-12 02:00:43,923 - mmseg - INFO - Iter [27300/40000]	lr: 3.033e-05, eta: 3:10:41, time: 0.906, data_time: 0.009, memory: 22512, loss_decode: 0.3856, decode_ce: 0.0501, decode_dice: 0.0889, decode_lovasz: 0.1317, decode_boundary: 0.3151, decode_scale_reg: 0.0003, decode_lambda_bound: 0.6100, decode_boundary_boost: 0.1100, aux.loss_ce: 0.0283, aux.acc_seg: 97.8652, loss: 0.4139
2026-05-12 02:01:29,178 - mmseg - INFO - Iter [27350/40000]	lr: 3.022e-05, eta: 3:09:56, time: 0.905, data_time: 0.008, memory: 22512, loss_decode: 0.3487, decode_ce: 0.0375, decode_dice: 0.0666, decode_lovasz: 0.1108, decode_boundary: 0.3194, decode_scale_reg: 0.0004, decode_lambda_bound: 0.6100, decode_boundary_boost: 0.1100, aux.loss_ce: 0.0236, aux.acc_seg: 98.1216, loss: 0.3723
2026-05-12 02:02:14,459 - mmseg - INFO - Iter [27400/40000]	lr: 3.010e-05, eta: 3:09:11, time: 0.906, data_time: 0.008, memory: 22512, loss_decode: 0.3555, decode_ce: 0.0379, decode_dice: 0.0732, decode_lovasz: 0.1198, decode_boundary: 0.3134, decode_scale_reg: 0.0004, decode_lambda_bound: 0.6100, decode_boundary_boost: 0.1100, aux.loss_ce: 0.0241, aux.acc_seg: 98.0856, loss: 0.3797
2026-05-12 02:02:59,709 - mmseg - INFO - Iter [27450/40000]	lr: 2.999e-05, eta: 3:08:26, time: 0.905, data_time: 0.008, memory: 22512, loss_decode: 0.3654, decode_ce: 0.0409, decode_dice: 0.0798, decode_lovasz: 0.1251, decode_boundary: 0.3128, decode_scale_reg: 0.0004, decode_lambda_bound: 0.6100, decode_boundary_boost: 0.1100, aux.loss_ce: 0.0236, aux.acc_seg: 98.1499, loss: 0.3890
2026-05-12 02:03:44,965 - mmseg - INFO - Iter [27500/40000]	lr: 2.988e-05, eta: 3:07:41, time: 0.905, data_time: 0.008, memory: 22512, loss_decode: 0.3715, decode_ce: 0.0440, decode_dice: 0.0862, decode_lovasz: 0.1224, decode_boundary: 0.3157, decode_scale_reg: 0.0004, decode_lambda_bound: 0.6100, decode_boundary_boost: 0.1100, aux.loss_ce: 0.0257, aux.acc_seg: 97.9913, loss: 0.3972
2026-05-12 02:04:30,210 - mmseg - INFO - Iter [27550/40000]	lr: 2.977e-05, eta: 3:06:56, time: 0.905, data_time: 0.009, memory: 22512, loss_decode: 0.3509, decode_ce: 0.0418, decode_dice: 0.0644, decode_lovasz: 0.1075, decode_boundary: 0.3218, decode_scale_reg: 0.0005, decode_lambda_bound: 0.6100, decode_boundary_boost: 0.1100, aux.loss_ce: 0.0256, aux.acc_seg: 97.9743, loss: 0.3766
2026-05-12 02:05:15,509 - mmseg - INFO - Iter [27600/40000]	lr: 2.965e-05, eta: 3:06:11, time: 0.906, data_time: 0.009, memory: 22512, loss_decode: 0.3519, decode_ce: 0.0385, decode_dice: 0.0730, decode_lovasz: 0.1135, decode_boundary: 0.3143, decode_scale_reg: 0.0005, decode_lambda_bound: 0.6100, decode_boundary_boost: 0.1100, aux.loss_ce: 0.0235, aux.acc_seg: 98.1423, loss: 0.3754
2026-05-12 02:06:00,745 - mmseg - INFO - Iter [27650/40000]	lr: 2.954e-05, eta: 3:05:26, time: 0.905, data_time: 0.008, memory: 22512, loss_decode: 0.3468, decode_ce: 0.0358, decode_dice: 0.0825, decode_lovasz: 0.1169, decode_boundary: 0.3009, decode_scale_reg: 0.0003, decode_lambda_bound: 0.6051, decode_boundary_boost: 0.1050, aux.loss_ce: 0.0220, aux.acc_seg: 98.2644, loss: 0.3688
2026-05-12 02:06:46,048 - mmseg - INFO - Iter [27700/40000]	lr: 2.943e-05, eta: 3:04:41, time: 0.906, data_time: 0.008, memory: 22512, loss_decode: 0.3567, decode_ce: 0.0388, decode_dice: 0.0820, decode_lovasz: 0.1186, decode_boundary: 0.3106, decode_scale_reg: 0.0005, decode_lambda_bound: 0.6050, decode_boundary_boost: 0.1050, aux.loss_ce: 0.0235, aux.acc_seg: 98.1142, loss: 0.3801
2026-05-12 02:07:31,290 - mmseg - INFO - Iter [27750/40000]	lr: 2.931e-05, eta: 3:03:56, time: 0.905, data_time: 0.008, memory: 22512, loss_decode: 0.3557, decode_ce: 0.0411, decode_dice: 0.0810, decode_lovasz: 0.1162, decode_boundary: 0.3089, decode_scale_reg: 0.0005, decode_lambda_bound: 0.6050, decode_boundary_boost: 0.1050, aux.loss_ce: 0.0232, aux.acc_seg: 98.1617, loss: 0.3789
2026-05-12 02:08:16,564 - mmseg - INFO - Iter [27800/40000]	lr: 2.920e-05, eta: 3:03:11, time: 0.905, data_time: 0.008, memory: 22512, loss_decode: 0.3486, decode_ce: 0.0358, decode_dice: 0.0814, decode_lovasz: 0.1170, decode_boundary: 0.3047, decode_scale_reg: 0.0005, decode_lambda_bound: 0.6050, decode_boundary_boost: 0.1050, aux.loss_ce: 0.0232, aux.acc_seg: 98.1895, loss: 0.3718
2026-05-12 02:09:01,797 - mmseg - INFO - Iter [27850/40000]	lr: 2.909e-05, eta: 3:02:26, time: 0.905, data_time: 0.009, memory: 22512, loss_decode: 0.3645, decode_ce: 0.0404, decode_dice: 0.0800, decode_lovasz: 0.1193, decode_boundary: 0.3217, decode_scale_reg: 0.0003, decode_lambda_bound: 0.6050, decode_boundary_boost: 0.1050, aux.loss_ce: 0.0244, aux.acc_seg: 98.0908, loss: 0.3889
2026-05-12 02:09:47,023 - mmseg - INFO - Iter [27900/40000]	lr: 2.897e-05, eta: 3:01:41, time: 0.905, data_time: 0.008, memory: 22512, loss_decode: 0.3629, decode_ce: 0.0430, decode_dice: 0.0800, decode_lovasz: 0.1234, decode_boundary: 0.3097, decode_scale_reg: 0.0004, decode_lambda_bound: 0.6050, decode_boundary_boost: 0.1050, aux.loss_ce: 0.0240, aux.acc_seg: 98.1313, loss: 0.3869
2026-05-12 02:10:32,242 - mmseg - INFO - Iter [27950/40000]	lr: 2.886e-05, eta: 3:00:56, time: 0.904, data_time: 0.008, memory: 22512, loss_decode: 0.3547, decode_ce: 0.0391, decode_dice: 0.0736, decode_lovasz: 0.1087, decode_boundary: 0.3260, decode_scale_reg: 0.0007, decode_lambda_bound: 0.6050, decode_boundary_boost: 0.1050, aux.loss_ce: 0.0241, aux.acc_seg: 98.0909, loss: 0.3788
2026-05-12 02:11:17,527 - mmseg - INFO - Saving checkpoint at 28000 iterations
2026-05-12 02:11:18,309 - mmseg - INFO - Exp name: uper_cosnet_specwaste_40k.py
2026-05-12 02:11:18,310 - mmseg - INFO - Iter [28000/40000]	lr: 2.875e-05, eta: 3:00:12, time: 0.921, data_time: 0.008, memory: 22512, loss_decode: 0.3418, decode_ce: 0.0386, decode_dice: 0.0640, decode_lovasz: 0.1060, decode_boundary: 0.3168, decode_scale_reg: 0.0004, decode_lambda_bound: 0.6050, decode_boundary_boost: 0.1050, aux.loss_ce: 0.0230, aux.acc_seg: 98.1634, loss: 0.3648
2026-05-12 02:11:27,323 - mmseg - INFO - per class results:
2026-05-12 02:11:27,324 - mmseg - INFO - 
+------------+-------+-------+
|   Class    |  IoU  |  Acc  |
+------------+-------+-------+
| background | 93.47 | 97.42 |
|    film    | 73.61 | 80.82 |
|   basket   |  84.4 | 88.07 |
| cardboard  | 81.36 | 83.39 |
| video_tape | 42.09 | 50.78 |
|  filament  | 64.76 | 68.85 |
|    bag     |  67.7 | 80.81 |
+------------+-------+-------+
2026-05-12 02:11:27,324 - mmseg - INFO - Summary:
2026-05-12 02:11:27,324 - mmseg - INFO - 
+-------+-------+-------+
|  aAcc |  mIoU |  mAcc |
+-------+-------+-------+
| 94.09 | 72.49 | 78.59 |
+-------+-------+-------+
2026-05-12 02:11:27,345 - mmseg - INFO - The previous best checkpoint /home/mtech2025/Documents/sdc1/project_CosNet/prog_lab_cosnet/specwaste_logs/40k_mba_best/best_mIoU_iter_4000.pth was removed
2026-05-12 02:11:28,069 - mmseg - INFO - Now best checkpoint is saved as best_mIoU_iter_28000.pth.
2026-05-12 02:11:28,070 - mmseg - INFO - Best mIoU is 0.7249 at 28000 iter.
2026-05-12 02:11:28,070 - mmseg - INFO - Exp name: uper_cosnet_specwaste_40k.py
2026-05-12 02:11:28,070 - mmseg - INFO - Iter(val) [171]	aAcc: 0.9409, mIoU: 0.7249, mAcc: 0.7859, IoU.background: 0.9347, IoU.film: 0.7361, IoU.basket: 0.8440, IoU.cardboard: 0.8136, IoU.video_tape: 0.4209, IoU.filament: 0.6476, IoU.bag: 0.6770, Acc.background: 0.9742, Acc.film: 0.8082, Acc.basket: 0.8807, Acc.cardboard: 0.8339, Acc.video_tape: 0.5078, Acc.filament: 0.6885, Acc.bag: 0.8081
2026-05-12 02:12:13,134 - mmseg - INFO - Iter [28050/40000]	lr: 2.863e-05, eta: 2:59:31, time: 1.096, data_time: 0.204, memory: 22512, loss_decode: 0.3428, decode_ce: 0.0343, decode_dice: 0.0747, decode_lovasz: 0.1188, decode_boundary: 0.3033, decode_scale_reg: 0.0005, decode_lambda_bound: 0.6001, decode_boundary_boost: 0.1000, aux.loss_ce: 0.0215, aux.acc_seg: 98.2990, loss: 0.3643
2026-05-12 02:12:58,506 - mmseg - INFO - Iter [28100/40000]	lr: 2.852e-05, eta: 2:58:46, time: 0.907, data_time: 0.009, memory: 22512, loss_decode: 0.3517, decode_ce: 0.0383, decode_dice: 0.0814, decode_lovasz: 0.1236, decode_boundary: 0.3001, decode_scale_reg: 0.0005, decode_lambda_bound: 0.6000, decode_boundary_boost: 0.1000, aux.loss_ce: 0.0224, aux.acc_seg: 98.2317, loss: 0.3741
2026-05-12 02:13:43,830 - mmseg - INFO - Iter [28150/40000]	lr: 2.841e-05, eta: 2:58:01, time: 0.906, data_time: 0.008, memory: 22512, loss_decode: 0.3522, decode_ce: 0.0411, decode_dice: 0.0726, decode_lovasz: 0.1127, decode_boundary: 0.3170, decode_scale_reg: 0.0008, decode_lambda_bound: 0.6000, decode_boundary_boost: 0.1000, aux.loss_ce: 0.0251, aux.acc_seg: 98.0199, loss: 0.3772
2026-05-12 02:14:29,155 - mmseg - INFO - Iter [28200/40000]	lr: 2.829e-05, eta: 2:57:16, time: 0.906, data_time: 0.009, memory: 22512, loss_decode: 0.3468, decode_ce: 0.0345, decode_dice: 0.0721, decode_lovasz: 0.1180, decode_boundary: 0.3129, decode_scale_reg: 0.0005, decode_lambda_bound: 0.6000, decode_boundary_boost: 0.1000, aux.loss_ce: 0.0222, aux.acc_seg: 98.2251, loss: 0.3690
2026-05-12 02:15:14,484 - mmseg - INFO - Iter [28250/40000]	lr: 2.818e-05, eta: 2:56:31, time: 0.907, data_time: 0.009, memory: 22512, loss_decode: 0.3437, decode_ce: 0.0383, decode_dice: 0.0763, decode_lovasz: 0.1130, decode_boundary: 0.3042, decode_scale_reg: 0.0003, decode_lambda_bound: 0.6000, decode_boundary_boost: 0.1000, aux.loss_ce: 0.0224, aux.acc_seg: 98.2464, loss: 0.3661
2026-05-12 02:15:59,837 - mmseg - INFO - Iter [28300/40000]	lr: 2.806e-05, eta: 2:55:46, time: 0.907, data_time: 0.009, memory: 22512, loss_decode: 0.3477, decode_ce: 0.0415, decode_dice: 0.0654, decode_lovasz: 0.1131, decode_boundary: 0.3143, decode_scale_reg: 0.0004, decode_lambda_bound: 0.6000, decode_boundary_boost: 0.1000, aux.loss_ce: 0.0242, aux.acc_seg: 98.1340, loss: 0.3719
2026-05-12 02:16:45,161 - mmseg - INFO - Iter [28350/40000]	lr: 2.795e-05, eta: 2:55:01, time: 0.906, data_time: 0.008, memory: 22512, loss_decode: 0.3479, decode_ce: 0.0393, decode_dice: 0.0706, decode_lovasz: 0.1118, decode_boundary: 0.3158, decode_scale_reg: 0.0006, decode_lambda_bound: 0.6000, decode_boundary_boost: 0.1000, aux.loss_ce: 0.0245, aux.acc_seg: 98.0389, loss: 0.3725
2026-05-12 02:17:30,464 - mmseg - INFO - Iter [28400/40000]	lr: 2.784e-05, eta: 2:54:16, time: 0.906, data_time: 0.009, memory: 22512, loss_decode: 0.3577, decode_ce: 0.0384, decode_dice: 0.0810, decode_lovasz: 0.1211, decode_boundary: 0.3133, decode_scale_reg: 0.0005, decode_lambda_bound: 0.6000, decode_boundary_boost: 0.1000, aux.loss_ce: 0.0233, aux.acc_seg: 98.1340, loss: 0.3810
2026-05-12 02:18:15,870 - mmseg - INFO - Iter [28450/40000]	lr: 2.772e-05, eta: 2:53:31, time: 0.908, data_time: 0.009, memory: 22512, loss_decode: 0.3469, decode_ce: 0.0399, decode_dice: 0.0705, decode_lovasz: 0.1134, decode_boundary: 0.3136, decode_scale_reg: 0.0004, decode_lambda_bound: 0.5951, decode_boundary_boost: 0.0950, aux.loss_ce: 0.0243, aux.acc_seg: 98.0903, loss: 0.3712
2026-05-12 02:19:01,158 - mmseg - INFO - Iter [28500/40000]	lr: 2.761e-05, eta: 2:52:46, time: 0.906, data_time: 0.008, memory: 22512, loss_decode: 0.3778, decode_ce: 0.0428, decode_dice: 0.0850, decode_lovasz: 0.1320, decode_boundary: 0.3253, decode_scale_reg: 0.0004, decode_lambda_bound: 0.5950, decode_boundary_boost: 0.0950, aux.loss_ce: 0.0260, aux.acc_seg: 97.9350, loss: 0.4038
2026-05-12 02:19:46,452 - mmseg - INFO - Iter [28550/40000]	lr: 2.750e-05, eta: 2:52:01, time: 0.906, data_time: 0.009, memory: 22512, loss_decode: 0.3550, decode_ce: 0.0410, decode_dice: 0.0772, decode_lovasz: 0.1082, decode_boundary: 0.3264, decode_scale_reg: 0.0004, decode_lambda_bound: 0.5950, decode_boundary_boost: 0.0950, aux.loss_ce: 0.0259, aux.acc_seg: 97.9054, loss: 0.3810
2026-05-12 02:20:31,704 - mmseg - INFO - Iter [28600/40000]	lr: 2.738e-05, eta: 2:51:16, time: 0.905, data_time: 0.009, memory: 22512, loss_decode: 0.3702, decode_ce: 0.0483, decode_dice: 0.0781, decode_lovasz: 0.1229, decode_boundary: 0.3203, decode_scale_reg: 0.0007, decode_lambda_bound: 0.5950, decode_boundary_boost: 0.0950, aux.loss_ce: 0.0268, aux.acc_seg: 97.9238, loss: 0.3969
2026-05-12 02:21:16,977 - mmseg - INFO - Iter [28650/40000]	lr: 2.727e-05, eta: 2:50:31, time: 0.905, data_time: 0.008, memory: 22512, loss_decode: 0.3552, decode_ce: 0.0381, decode_dice: 0.0785, decode_lovasz: 0.1209, decode_boundary: 0.3146, decode_scale_reg: 0.0006, decode_lambda_bound: 0.5950, decode_boundary_boost: 0.0950, aux.loss_ce: 0.0227, aux.acc_seg: 98.1904, loss: 0.3780
2026-05-12 02:22:02,280 - mmseg - INFO - Iter [28700/40000]	lr: 2.716e-05, eta: 2:49:46, time: 0.906, data_time: 0.008, memory: 22512, loss_decode: 0.3543, decode_ce: 0.0401, decode_dice: 0.0858, decode_lovasz: 0.1217, decode_boundary: 0.3025, decode_scale_reg: 0.0006, decode_lambda_bound: 0.5950, decode_boundary_boost: 0.0950, aux.loss_ce: 0.0236, aux.acc_seg: 98.1306, loss: 0.3778
2026-05-12 02:22:47,533 - mmseg - INFO - Iter [28750/40000]	lr: 2.704e-05, eta: 2:49:01, time: 0.905, data_time: 0.008, memory: 22512, loss_decode: 0.3334, decode_ce: 0.0367, decode_dice: 0.0690, decode_lovasz: 0.1072, decode_boundary: 0.3056, decode_scale_reg: 0.0007, decode_lambda_bound: 0.5950, decode_boundary_boost: 0.0950, aux.loss_ce: 0.0224, aux.acc_seg: 98.2231, loss: 0.3558
2026-05-12 02:23:32,906 - mmseg - INFO - Iter [28800/40000]	lr: 2.693e-05, eta: 2:48:16, time: 0.907, data_time: 0.008, memory: 22512, loss_decode: 0.3502, decode_ce: 0.0432, decode_dice: 0.0729, decode_lovasz: 0.1115, decode_boundary: 0.3142, decode_scale_reg: 0.0004, decode_lambda_bound: 0.5950, decode_boundary_boost: 0.0950, aux.loss_ce: 0.0257, aux.acc_seg: 98.0296, loss: 0.3760
2026-05-12 02:24:18,177 - mmseg - INFO - Iter [28850/40000]	lr: 2.681e-05, eta: 2:47:31, time: 0.905, data_time: 0.008, memory: 22512, loss_decode: 0.3562, decode_ce: 0.0409, decode_dice: 0.0767, decode_lovasz: 0.1177, decode_boundary: 0.3120, decode_scale_reg: 0.0006, decode_lambda_bound: 0.6048, decode_boundary_boost: 0.1050, aux.loss_ce: 0.0245, aux.acc_seg: 98.0725, loss: 0.3807
2026-05-12 02:25:03,369 - mmseg - INFO - Iter [28900/40000]	lr: 2.670e-05, eta: 2:46:46, time: 0.904, data_time: 0.008, memory: 22512, loss_decode: 0.3621, decode_ce: 0.0432, decode_dice: 0.0703, decode_lovasz: 0.1188, decode_boundary: 0.3217, decode_scale_reg: 0.0004, decode_lambda_bound: 0.6050, decode_boundary_boost: 0.1050, aux.loss_ce: 0.0255, aux.acc_seg: 98.0161, loss: 0.3877
2026-05-12 02:25:50,740 - mmseg - INFO - Iter [28950/40000]	lr: 2.659e-05, eta: 2:46:02, time: 0.947, data_time: 0.054, memory: 22512, loss_decode: 0.3575, decode_ce: 0.0364, decode_dice: 0.0830, decode_lovasz: 0.1221, decode_boundary: 0.3108, decode_scale_reg: 0.0005, decode_lambda_bound: 0.6050, decode_boundary_boost: 0.1050, aux.loss_ce: 0.0230, aux.acc_seg: 98.1652, loss: 0.3804
2026-05-12 02:26:36,118 - mmseg - INFO - Exp name: uper_cosnet_specwaste_40k.py
2026-05-12 02:26:36,118 - mmseg - INFO - Iter [29000/40000]	lr: 2.647e-05, eta: 2:45:17, time: 0.908, data_time: 0.008, memory: 22512, loss_decode: 0.3827, decode_ce: 0.0575, decode_dice: 0.0792, decode_lovasz: 0.1197, decode_boundary: 0.3237, decode_scale_reg: 0.0004, decode_lambda_bound: 0.6050, decode_boundary_boost: 0.1050, aux.loss_ce: 0.0288, aux.acc_seg: 97.8050, loss: 0.4114
2026-05-12 02:27:21,397 - mmseg - INFO - Iter [29050/40000]	lr: 2.636e-05, eta: 2:44:32, time: 0.906, data_time: 0.008, memory: 22512, loss_decode: 0.4061, decode_ce: 0.0539, decode_dice: 0.0899, decode_lovasz: 0.1398, decode_boundary: 0.3345, decode_scale_reg: 0.0005, decode_lambda_bound: 0.6050, decode_boundary_boost: 0.1050, aux.loss_ce: 0.0305, aux.acc_seg: 97.6663, loss: 0.4366
2026-05-12 02:28:06,793 - mmseg - INFO - Iter [29100/40000]	lr: 2.625e-05, eta: 2:43:47, time: 0.908, data_time: 0.009, memory: 22512, loss_decode: 0.3617, decode_ce: 0.0403, decode_dice: 0.0789, decode_lovasz: 0.1166, decode_boundary: 0.3215, decode_scale_reg: 0.0005, decode_lambda_bound: 0.6050, decode_boundary_boost: 0.1050, aux.loss_ce: 0.0251, aux.acc_seg: 98.0369, loss: 0.3868
2026-05-12 02:28:52,104 - mmseg - INFO - Iter [29150/40000]	lr: 2.613e-05, eta: 2:43:02, time: 0.906, data_time: 0.008, memory: 22512, loss_decode: 0.3529, decode_ce: 0.0421, decode_dice: 0.0725, decode_lovasz: 0.1103, decode_boundary: 0.3171, decode_scale_reg: 0.0003, decode_lambda_bound: 0.6050, decode_boundary_boost: 0.1050, aux.loss_ce: 0.0254, aux.acc_seg: 97.9988, loss: 0.3783
2026-05-12 02:29:37,471 - mmseg - INFO - Iter [29200/40000]	lr: 2.602e-05, eta: 2:42:17, time: 0.907, data_time: 0.008, memory: 22512, loss_decode: 0.3642, decode_ce: 0.0391, decode_dice: 0.0855, decode_lovasz: 0.1298, decode_boundary: 0.3058, decode_scale_reg: 0.0004, decode_lambda_bound: 0.6050, decode_boundary_boost: 0.1050, aux.loss_ce: 0.0233, aux.acc_seg: 98.1707, loss: 0.3875
2026-05-12 02:30:22,725 - mmseg - INFO - Iter [29250/40000]	lr: 2.590e-05, eta: 2:41:32, time: 0.905, data_time: 0.008, memory: 22512, loss_decode: 0.3618, decode_ce: 0.0402, decode_dice: 0.0808, decode_lovasz: 0.1159, decode_boundary: 0.3159, decode_scale_reg: 0.0002, decode_lambda_bound: 0.6148, decode_boundary_boost: 0.1150, aux.loss_ce: 0.0246, aux.acc_seg: 98.0522, loss: 0.3865
2026-05-12 02:31:07,975 - mmseg - INFO - Iter [29300/40000]	lr: 2.579e-05, eta: 2:40:47, time: 0.905, data_time: 0.008, memory: 22512, loss_decode: 0.3644, decode_ce: 0.0392, decode_dice: 0.0807, decode_lovasz: 0.1140, decode_boundary: 0.3242, decode_scale_reg: 0.0004, decode_lambda_bound: 0.6150, decode_boundary_boost: 0.1150, aux.loss_ce: 0.0245, aux.acc_seg: 98.0637, loss: 0.3889
2026-05-12 02:31:53,302 - mmseg - INFO - Iter [29350/40000]	lr: 2.568e-05, eta: 2:40:02, time: 0.907, data_time: 0.008, memory: 22512, loss_decode: 0.3552, decode_ce: 0.0394, decode_dice: 0.0708, decode_lovasz: 0.1174, decode_boundary: 0.3127, decode_scale_reg: 0.0005, decode_lambda_bound: 0.6150, decode_boundary_boost: 0.1150, aux.loss_ce: 0.0233, aux.acc_seg: 98.2029, loss: 0.3785
2026-05-12 02:32:38,621 - mmseg - INFO - Iter [29400/40000]	lr: 2.556e-05, eta: 2:39:17, time: 0.906, data_time: 0.008, memory: 22512, loss_decode: 0.3424, decode_ce: 0.0360, decode_dice: 0.0696, decode_lovasz: 0.1114, decode_boundary: 0.3058, decode_scale_reg: 0.0005, decode_lambda_bound: 0.6150, decode_boundary_boost: 0.1150, aux.loss_ce: 0.0216, aux.acc_seg: 98.2919, loss: 0.3641
2026-05-12 02:33:23,917 - mmseg - INFO - Iter [29450/40000]	lr: 2.545e-05, eta: 2:38:32, time: 0.906, data_time: 0.008, memory: 22512, loss_decode: 0.3600, decode_ce: 0.0416, decode_dice: 0.0765, decode_lovasz: 0.1112, decode_boundary: 0.3199, decode_scale_reg: 0.0004, decode_lambda_bound: 0.6150, decode_boundary_boost: 0.1150, aux.loss_ce: 0.0248, aux.acc_seg: 98.0724, loss: 0.3849
2026-05-12 02:34:09,230 - mmseg - INFO - Iter [29500/40000]	lr: 2.533e-05, eta: 2:37:47, time: 0.906, data_time: 0.008, memory: 22512, loss_decode: 0.3394, decode_ce: 0.0359, decode_dice: 0.0716, decode_lovasz: 0.1121, decode_boundary: 0.2985, decode_scale_reg: 0.0004, decode_lambda_bound: 0.6150, decode_boundary_boost: 0.1150, aux.loss_ce: 0.0219, aux.acc_seg: 98.2637, loss: 0.3613
2026-05-12 02:34:54,537 - mmseg - INFO - Iter [29550/40000]	lr: 2.522e-05, eta: 2:37:02, time: 0.906, data_time: 0.008, memory: 22512, loss_decode: 0.3384, decode_ce: 0.0364, decode_dice: 0.0607, decode_lovasz: 0.1061, decode_boundary: 0.3123, decode_scale_reg: 0.0004, decode_lambda_bound: 0.6150, decode_boundary_boost: 0.1150, aux.loss_ce: 0.0228, aux.acc_seg: 98.2052, loss: 0.3612
2026-05-12 02:35:39,864 - mmseg - INFO - Iter [29600/40000]	lr: 2.510e-05, eta: 2:36:17, time: 0.907, data_time: 0.008, memory: 22512, loss_decode: 0.3653, decode_ce: 0.0437, decode_dice: 0.0792, decode_lovasz: 0.1198, decode_boundary: 0.3124, decode_scale_reg: 0.0004, decode_lambda_bound: 0.6150, decode_boundary_boost: 0.1150, aux.loss_ce: 0.0251, aux.acc_seg: 98.0236, loss: 0.3904
2026-05-12 02:36:25,146 - mmseg - INFO - Iter [29650/40000]	lr: 2.499e-05, eta: 2:35:32, time: 0.906, data_time: 0.008, memory: 22512, loss_decode: 0.3586, decode_ce: 0.0400, decode_dice: 0.0809, decode_lovasz: 0.1174, decode_boundary: 0.3116, decode_scale_reg: 0.0004, decode_lambda_bound: 0.6101, decode_boundary_boost: 0.1100, aux.loss_ce: 0.0234, aux.acc_seg: 98.1347, loss: 0.3820
2026-05-12 02:37:10,442 - mmseg - INFO - Iter [29700/40000]	lr: 2.488e-05, eta: 2:34:47, time: 0.906, data_time: 0.008, memory: 22512, loss_decode: 0.3436, decode_ce: 0.0372, decode_dice: 0.0698, decode_lovasz: 0.1101, decode_boundary: 0.3097, decode_scale_reg: 0.0004, decode_lambda_bound: 0.6100, decode_boundary_boost: 0.1100, aux.loss_ce: 0.0225, aux.acc_seg: 98.2186, loss: 0.3661
2026-05-12 02:37:55,754 - mmseg - INFO - Iter [29750/40000]	lr: 2.476e-05, eta: 2:34:02, time: 0.906, data_time: 0.008, memory: 22512, loss_decode: 0.3464, decode_ce: 0.0370, decode_dice: 0.0736, decode_lovasz: 0.1128, decode_boundary: 0.3082, decode_scale_reg: 0.0004, decode_lambda_bound: 0.6100, decode_boundary_boost: 0.1100, aux.loss_ce: 0.0234, aux.acc_seg: 98.1468, loss: 0.3698
2026-05-12 02:38:41,033 - mmseg - INFO - Iter [29800/40000]	lr: 2.465e-05, eta: 2:33:17, time: 0.906, data_time: 0.008, memory: 22512, loss_decode: 0.3767, decode_ce: 0.0474, decode_dice: 0.0884, decode_lovasz: 0.1234, decode_boundary: 0.3156, decode_scale_reg: 0.0004, decode_lambda_bound: 0.6100, decode_boundary_boost: 0.1100, aux.loss_ce: 0.0247, aux.acc_seg: 98.0654, loss: 0.4014
2026-05-12 02:39:26,299 - mmseg - INFO - Iter [29850/40000]	lr: 2.453e-05, eta: 2:32:32, time: 0.905, data_time: 0.008, memory: 22512, loss_decode: 0.3513, decode_ce: 0.0403, decode_dice: 0.0661, decode_lovasz: 0.1063, decode_boundary: 0.3250, decode_scale_reg: 0.0004, decode_lambda_bound: 0.6100, decode_boundary_boost: 0.1100, aux.loss_ce: 0.0243, aux.acc_seg: 98.0779, loss: 0.3757
2026-05-12 02:40:11,569 - mmseg - INFO - Iter [29900/40000]	lr: 2.442e-05, eta: 2:31:47, time: 0.905, data_time: 0.008, memory: 22512, loss_decode: 0.3435, decode_ce: 0.0351, decode_dice: 0.0729, decode_lovasz: 0.1149, decode_boundary: 0.3045, decode_scale_reg: 0.0004, decode_lambda_bound: 0.6100, decode_boundary_boost: 0.1100, aux.loss_ce: 0.0214, aux.acc_seg: 98.2901, loss: 0.3649
2026-05-12 02:40:56,891 - mmseg - INFO - Iter [29950/40000]	lr: 2.430e-05, eta: 2:31:02, time: 0.906, data_time: 0.008, memory: 22512, loss_decode: 0.3423, decode_ce: 0.0384, decode_dice: 0.0671, decode_lovasz: 0.1087, decode_boundary: 0.3095, decode_scale_reg: 0.0006, decode_lambda_bound: 0.6100, decode_boundary_boost: 0.1100, aux.loss_ce: 0.0227, aux.acc_seg: 98.2054, loss: 0.3649
2026-05-12 02:41:42,177 - mmseg - INFO - Exp name: uper_cosnet_specwaste_40k.py
2026-05-12 02:41:42,177 - mmseg - INFO - Iter [30000/40000]	lr: 2.419e-05, eta: 2:30:17, time: 0.906, data_time: 0.008, memory: 22512, loss_decode: 0.3426, decode_ce: 0.0348, decode_dice: 0.0735, decode_lovasz: 0.1144, decode_boundary: 0.3036, decode_scale_reg: 0.0004, decode_lambda_bound: 0.6100, decode_boundary_boost: 0.1100, aux.loss_ce: 0.0221, aux.acc_seg: 98.2460, loss: 0.3647
2026-05-12 02:42:27,520 - mmseg - INFO - Iter [30050/40000]	lr: 2.408e-05, eta: 2:29:32, time: 0.907, data_time: 0.009, memory: 22512, loss_decode: 0.3461, decode_ce: 0.0366, decode_dice: 0.0697, decode_lovasz: 0.1145, decode_boundary: 0.3046, decode_scale_reg: 0.0004, decode_lambda_bound: 0.6198, decode_boundary_boost: 0.1200, aux.loss_ce: 0.0221, aux.acc_seg: 98.2712, loss: 0.3681
2026-05-12 02:43:12,858 - mmseg - INFO - Iter [30100/40000]	lr: 2.396e-05, eta: 2:28:47, time: 0.907, data_time: 0.008, memory: 22512, loss_decode: 0.3536, decode_ce: 0.0382, decode_dice: 0.0733, decode_lovasz: 0.1115, decode_boundary: 0.3147, decode_scale_reg: 0.0004, decode_lambda_bound: 0.6200, decode_boundary_boost: 0.1200, aux.loss_ce: 0.0241, aux.acc_seg: 98.1115, loss: 0.3777
2026-05-12 02:43:58,093 - mmseg - INFO - Iter [30150/40000]	lr: 2.385e-05, eta: 2:28:02, time: 0.905, data_time: 0.008, memory: 22512, loss_decode: 0.3543, decode_ce: 0.0389, decode_dice: 0.0765, decode_lovasz: 0.1118, decode_boundary: 0.3118, decode_scale_reg: 0.0004, decode_lambda_bound: 0.6200, decode_boundary_boost: 0.1200, aux.loss_ce: 0.0235, aux.acc_seg: 98.1740, loss: 0.3778
2026-05-12 02:44:43,419 - mmseg - INFO - Iter [30200/40000]	lr: 2.373e-05, eta: 2:27:17, time: 0.907, data_time: 0.008, memory: 22512, loss_decode: 0.3448, decode_ce: 0.0359, decode_dice: 0.0748, decode_lovasz: 0.1141, decode_boundary: 0.3000, decode_scale_reg: 0.0004, decode_lambda_bound: 0.6200, decode_boundary_boost: 0.1200, aux.loss_ce: 0.0219, aux.acc_seg: 98.2914, loss: 0.3667
2026-05-12 02:45:28,675 - mmseg - INFO - Iter [30250/40000]	lr: 2.362e-05, eta: 2:26:32, time: 0.905, data_time: 0.008, memory: 22512, loss_decode: 0.3672, decode_ce: 0.0415, decode_dice: 0.0829, decode_lovasz: 0.1151, decode_boundary: 0.3193, decode_scale_reg: 0.0006, decode_lambda_bound: 0.6200, decode_boundary_boost: 0.1200, aux.loss_ce: 0.0247, aux.acc_seg: 98.1033, loss: 0.3919
2026-05-12 02:46:13,974 - mmseg - INFO - Iter [30300/40000]	lr: 2.350e-05, eta: 2:25:47, time: 0.906, data_time: 0.008, memory: 22512, loss_decode: 0.3631, decode_ce: 0.0395, decode_dice: 0.0892, decode_lovasz: 0.1170, decode_boundary: 0.3086, decode_scale_reg: 0.0004, decode_lambda_bound: 0.6200, decode_boundary_boost: 0.1200, aux.loss_ce: 0.0236, aux.acc_seg: 98.1611, loss: 0.3867
2026-05-12 02:46:59,273 - mmseg - INFO - Iter [30350/40000]	lr: 2.339e-05, eta: 2:25:02, time: 0.906, data_time: 0.009, memory: 22512, loss_decode: 0.3674, decode_ce: 0.0408, decode_dice: 0.0860, decode_lovasz: 0.1253, decode_boundary: 0.3059, decode_scale_reg: 0.0006, decode_lambda_bound: 0.6200, decode_boundary_boost: 0.1200, aux.loss_ce: 0.0249, aux.acc_seg: 98.0829, loss: 0.3924
2026-05-12 02:47:44,536 - mmseg - INFO - Iter [30400/40000]	lr: 2.327e-05, eta: 2:24:17, time: 0.905, data_time: 0.008, memory: 22512, loss_decode: 0.3446, decode_ce: 0.0387, decode_dice: 0.0791, decode_lovasz: 0.1116, decode_boundary: 0.2945, decode_scale_reg: 0.0009, decode_lambda_bound: 0.6200, decode_boundary_boost: 0.1200, aux.loss_ce: 0.0236, aux.acc_seg: 98.2135, loss: 0.3681
2026-05-12 02:48:29,767 - mmseg - INFO - Iter [30450/40000]	lr: 2.316e-05, eta: 2:23:32, time: 0.905, data_time: 0.008, memory: 22512, loss_decode: 0.3689, decode_ce: 0.0414, decode_dice: 0.0679, decode_lovasz: 0.1139, decode_boundary: 0.3357, decode_scale_reg: 0.0007, decode_lambda_bound: 0.6200, decode_boundary_boost: 0.1200, aux.loss_ce: 0.0251, aux.acc_seg: 98.0133, loss: 0.3940
2026-05-12 02:49:15,127 - mmseg - INFO - Iter [30500/40000]	lr: 2.304e-05, eta: 2:22:47, time: 0.907, data_time: 0.009, memory: 22512, loss_decode: 0.3524, decode_ce: 0.0402, decode_dice: 0.0759, decode_lovasz: 0.1103, decode_boundary: 0.3090, decode_scale_reg: 0.0007, decode_lambda_bound: 0.6200, decode_boundary_boost: 0.1200, aux.loss_ce: 0.0247, aux.acc_seg: 98.0936, loss: 0.3771
2026-05-12 02:50:00,402 - mmseg - INFO - Iter [30550/40000]	lr: 2.293e-05, eta: 2:22:02, time: 0.905, data_time: 0.008, memory: 22512, loss_decode: 0.3384, decode_ce: 0.0365, decode_dice: 0.0638, decode_lovasz: 0.1061, decode_boundary: 0.3071, decode_scale_reg: 0.0004, decode_lambda_bound: 0.6200, decode_boundary_boost: 0.1200, aux.loss_ce: 0.0234, aux.acc_seg: 98.1606, loss: 0.3618
2026-05-12 02:50:45,737 - mmseg - INFO - Iter [30600/40000]	lr: 2.282e-05, eta: 2:21:17, time: 0.907, data_time: 0.009, memory: 22512, loss_decode: 0.3524, decode_ce: 0.0395, decode_dice: 0.0660, decode_lovasz: 0.1083, decode_boundary: 0.3203, decode_scale_reg: 0.0003, decode_lambda_bound: 0.6200, decode_boundary_boost: 0.1200, aux.loss_ce: 0.0236, aux.acc_seg: 98.1078, loss: 0.3760
2026-05-12 02:51:31,013 - mmseg - INFO - Iter [30650/40000]	lr: 2.270e-05, eta: 2:20:32, time: 0.906, data_time: 0.008, memory: 22512, loss_decode: 0.3520, decode_ce: 0.0402, decode_dice: 0.0711, decode_lovasz: 0.1112, decode_boundary: 0.3111, decode_scale_reg: 0.0003, decode_lambda_bound: 0.6200, decode_boundary_boost: 0.1200, aux.loss_ce: 0.0243, aux.acc_seg: 98.1205, loss: 0.3763
2026-05-12 02:52:16,269 - mmseg - INFO - Iter [30700/40000]	lr: 2.259e-05, eta: 2:19:47, time: 0.905, data_time: 0.008, memory: 22512, loss_decode: 0.3555, decode_ce: 0.0405, decode_dice: 0.0647, decode_lovasz: 0.1109, decode_boundary: 0.3217, decode_scale_reg: 0.0004, decode_lambda_bound: 0.6200, decode_boundary_boost: 0.1200, aux.loss_ce: 0.0239, aux.acc_seg: 98.1154, loss: 0.3795
2026-05-12 02:53:01,591 - mmseg - INFO - Iter [30750/40000]	lr: 2.247e-05, eta: 2:19:02, time: 0.906, data_time: 0.008, memory: 22512, loss_decode: 0.3733, decode_ce: 0.0455, decode_dice: 0.0759, decode_lovasz: 0.1239, decode_boundary: 0.3177, decode_scale_reg: 0.0004, decode_lambda_bound: 0.6200, decode_boundary_boost: 0.1200, aux.loss_ce: 0.0288, aux.acc_seg: 97.7719, loss: 0.4021
2026-05-12 02:53:46,915 - mmseg - INFO - Iter [30800/40000]	lr: 2.236e-05, eta: 2:18:17, time: 0.906, data_time: 0.008, memory: 22512, loss_decode: 0.3603, decode_ce: 0.0398, decode_dice: 0.0741, decode_lovasz: 0.1154, decode_boundary: 0.3176, decode_scale_reg: 0.0003, decode_lambda_bound: 0.6200, decode_boundary_boost: 0.1200, aux.loss_ce: 0.0246, aux.acc_seg: 98.0826, loss: 0.3848
2026-05-12 02:54:32,268 - mmseg - INFO - Iter [30850/40000]	lr: 2.224e-05, eta: 2:17:32, time: 0.907, data_time: 0.008, memory: 22512, loss_decode: 0.3390, decode_ce: 0.0361, decode_dice: 0.0680, decode_lovasz: 0.1098, decode_boundary: 0.3009, decode_scale_reg: 0.0004, decode_lambda_bound: 0.6200, decode_boundary_boost: 0.1200, aux.loss_ce: 0.0218, aux.acc_seg: 98.2661, loss: 0.3608
2026-05-12 02:55:17,551 - mmseg - INFO - Iter [30900/40000]	lr: 2.213e-05, eta: 2:16:46, time: 0.906, data_time: 0.009, memory: 22512, loss_decode: 0.3515, decode_ce: 0.0368, decode_dice: 0.0720, decode_lovasz: 0.1192, decode_boundary: 0.3052, decode_scale_reg: 0.0004, decode_lambda_bound: 0.6200, decode_boundary_boost: 0.1200, aux.loss_ce: 0.0220, aux.acc_seg: 98.2585, loss: 0.3735
2026-05-12 02:56:02,859 - mmseg - INFO - Iter [30950/40000]	lr: 2.201e-05, eta: 2:16:01, time: 0.906, data_time: 0.008, memory: 22512, loss_decode: 0.3612, decode_ce: 0.0402, decode_dice: 0.0762, decode_lovasz: 0.1171, decode_boundary: 0.3147, decode_scale_reg: 0.0004, decode_lambda_bound: 0.6200, decode_boundary_boost: 0.1200, aux.loss_ce: 0.0238, aux.acc_seg: 98.1250, loss: 0.3851
2026-05-12 02:56:48,172 - mmseg - INFO - Exp name: uper_cosnet_specwaste_40k.py
2026-05-12 02:56:48,173 - mmseg - INFO - Iter [31000/40000]	lr: 2.190e-05, eta: 2:15:16, time: 0.906, data_time: 0.009, memory: 22512, loss_decode: 0.3299, decode_ce: 0.0359, decode_dice: 0.0626, decode_lovasz: 0.0974, decode_boundary: 0.3058, decode_scale_reg: 0.0005, decode_lambda_bound: 0.6200, decode_boundary_boost: 0.1200, aux.loss_ce: 0.0224, aux.acc_seg: 98.2067, loss: 0.3523
2026-05-12 02:57:33,439 - mmseg - INFO - Iter [31050/40000]	lr: 2.178e-05, eta: 2:14:31, time: 0.905, data_time: 0.008, memory: 22512, loss_decode: 0.3303, decode_ce: 0.0344, decode_dice: 0.0628, decode_lovasz: 0.1016, decode_boundary: 0.3039, decode_scale_reg: 0.0005, decode_lambda_bound: 0.6200, decode_boundary_boost: 0.1200, aux.loss_ce: 0.0219, aux.acc_seg: 98.2548, loss: 0.3522
2026-05-12 02:58:18,749 - mmseg - INFO - Iter [31100/40000]	lr: 2.167e-05, eta: 2:13:46, time: 0.906, data_time: 0.008, memory: 22512, loss_decode: 0.3541, decode_ce: 0.0373, decode_dice: 0.0780, decode_lovasz: 0.1198, decode_boundary: 0.3031, decode_scale_reg: 0.0004, decode_lambda_bound: 0.6200, decode_boundary_boost: 0.1200, aux.loss_ce: 0.0222, aux.acc_seg: 98.2597, loss: 0.3763
2026-05-12 02:59:04,077 - mmseg - INFO - Iter [31150/40000]	lr: 2.155e-05, eta: 2:13:01, time: 0.907, data_time: 0.009, memory: 22512, loss_decode: 0.3345, decode_ce: 0.0344, decode_dice: 0.0644, decode_lovasz: 0.1076, decode_boundary: 0.3019, decode_scale_reg: 0.0003, decode_lambda_bound: 0.6200, decode_boundary_boost: 0.1200, aux.loss_ce: 0.0214, aux.acc_seg: 98.3051, loss: 0.3559
2026-05-12 02:59:49,474 - mmseg - INFO - Iter [31200/40000]	lr: 2.144e-05, eta: 2:12:16, time: 0.908, data_time: 0.008, memory: 22512, loss_decode: 0.3392, decode_ce: 0.0347, decode_dice: 0.0727, decode_lovasz: 0.1071, decode_boundary: 0.3029, decode_scale_reg: 0.0004, decode_lambda_bound: 0.6200, decode_boundary_boost: 0.1200, aux.loss_ce: 0.0218, aux.acc_seg: 98.2668, loss: 0.3610
2026-05-12 03:00:34,826 - mmseg - INFO - Iter [31250/40000]	lr: 2.132e-05, eta: 2:11:31, time: 0.907, data_time: 0.008, memory: 22512, loss_decode: 0.3412, decode_ce: 0.0353, decode_dice: 0.0706, decode_lovasz: 0.1184, decode_boundary: 0.2957, decode_scale_reg: 0.0004, decode_lambda_bound: 0.6151, decode_boundary_boost: 0.1150, aux.loss_ce: 0.0214, aux.acc_seg: 98.3034, loss: 0.3626
2026-05-12 03:01:20,132 - mmseg - INFO - Iter [31300/40000]	lr: 2.121e-05, eta: 2:10:46, time: 0.906, data_time: 0.008, memory: 22512, loss_decode: 0.3586, decode_ce: 0.0385, decode_dice: 0.0717, decode_lovasz: 0.1223, decode_boundary: 0.3130, decode_scale_reg: 0.0004, decode_lambda_bound: 0.6150, decode_boundary_boost: 0.1150, aux.loss_ce: 0.0232, aux.acc_seg: 98.1921, loss: 0.3819
2026-05-12 03:02:05,409 - mmseg - INFO - Iter [31350/40000]	lr: 2.109e-05, eta: 2:10:01, time: 0.906, data_time: 0.008, memory: 22512, loss_decode: 0.3344, decode_ce: 0.0355, decode_dice: 0.0619, decode_lovasz: 0.1080, decode_boundary: 0.3040, decode_scale_reg: 0.0003, decode_lambda_bound: 0.6150, decode_boundary_boost: 0.1150, aux.loss_ce: 0.0215, aux.acc_seg: 98.2978, loss: 0.3559
2026-05-12 03:02:50,660 - mmseg - INFO - Iter [31400/40000]	lr: 2.097e-05, eta: 2:09:16, time: 0.905, data_time: 0.008, memory: 22512, loss_decode: 0.3459, decode_ce: 0.0363, decode_dice: 0.0671, decode_lovasz: 0.1084, decode_boundary: 0.3166, decode_scale_reg: 0.0003, decode_lambda_bound: 0.6150, decode_boundary_boost: 0.1150, aux.loss_ce: 0.0222, aux.acc_seg: 98.2311, loss: 0.3681
2026-05-12 03:03:35,972 - mmseg - INFO - Iter [31450/40000]	lr: 2.086e-05, eta: 2:08:31, time: 0.906, data_time: 0.008, memory: 22512, loss_decode: 0.3402, decode_ce: 0.0326, decode_dice: 0.0715, decode_lovasz: 0.1149, decode_boundary: 0.3020, decode_scale_reg: 0.0005, decode_lambda_bound: 0.6150, decode_boundary_boost: 0.1150, aux.loss_ce: 0.0208, aux.acc_seg: 98.3448, loss: 0.3610
2026-05-12 03:04:21,325 - mmseg - INFO - Iter [31500/40000]	lr: 2.074e-05, eta: 2:07:46, time: 0.907, data_time: 0.008, memory: 22512, loss_decode: 0.3387, decode_ce: 0.0351, decode_dice: 0.0712, decode_lovasz: 0.1128, decode_boundary: 0.2982, decode_scale_reg: 0.0004, decode_lambda_bound: 0.6150, decode_boundary_boost: 0.1150, aux.loss_ce: 0.0217, aux.acc_seg: 98.2920, loss: 0.3604
2026-05-12 03:05:06,673 - mmseg - INFO - Iter [31550/40000]	lr: 2.063e-05, eta: 2:07:01, time: 0.907, data_time: 0.008, memory: 22512, loss_decode: 0.3464, decode_ce: 0.0360, decode_dice: 0.0719, decode_lovasz: 0.1098, decode_boundary: 0.3124, decode_scale_reg: 0.0004, decode_lambda_bound: 0.6150, decode_boundary_boost: 0.1150, aux.loss_ce: 0.0224, aux.acc_seg: 98.2211, loss: 0.3688
2026-05-12 03:05:51,981 - mmseg - INFO - Iter [31600/40000]	lr: 2.051e-05, eta: 2:06:16, time: 0.906, data_time: 0.008, memory: 22512, loss_decode: 0.3465, decode_ce: 0.0366, decode_dice: 0.0697, decode_lovasz: 0.1104, decode_boundary: 0.3127, decode_scale_reg: 0.0004, decode_lambda_bound: 0.6150, decode_boundary_boost: 0.1150, aux.loss_ce: 0.0229, aux.acc_seg: 98.1936, loss: 0.3694
2026-05-12 03:06:37,332 - mmseg - INFO - Iter [31650/40000]	lr: 2.040e-05, eta: 2:05:31, time: 0.907, data_time: 0.008, memory: 22512, loss_decode: 0.3724, decode_ce: 0.0441, decode_dice: 0.0780, decode_lovasz: 0.1222, decode_boundary: 0.3188, decode_scale_reg: 0.0006, decode_lambda_bound: 0.6199, decode_boundary_boost: 0.1200, aux.loss_ce: 0.0273, aux.acc_seg: 97.8898, loss: 0.3996
2026-05-12 03:07:22,622 - mmseg - INFO - Iter [31700/40000]	lr: 2.028e-05, eta: 2:04:46, time: 0.906, data_time: 0.008, memory: 22512, loss_decode: 0.3566, decode_ce: 0.0405, decode_dice: 0.0675, decode_lovasz: 0.1091, decode_boundary: 0.3234, decode_scale_reg: 0.0004, decode_lambda_bound: 0.6200, decode_boundary_boost: 0.1200, aux.loss_ce: 0.0249, aux.acc_seg: 98.0127, loss: 0.3815
2026-05-12 03:08:07,921 - mmseg - INFO - Iter [31750/40000]	lr: 2.017e-05, eta: 2:04:01, time: 0.906, data_time: 0.009, memory: 22512, loss_decode: 0.3612, decode_ce: 0.0381, decode_dice: 0.0750, decode_lovasz: 0.1222, decode_boundary: 0.3127, decode_scale_reg: 0.0005, decode_lambda_bound: 0.6200, decode_boundary_boost: 0.1200, aux.loss_ce: 0.0232, aux.acc_seg: 98.1509, loss: 0.3844
2026-05-12 03:08:53,293 - mmseg - INFO - Iter [31800/40000]	lr: 2.005e-05, eta: 2:03:16, time: 0.907, data_time: 0.008, memory: 22512, loss_decode: 0.3475, decode_ce: 0.0373, decode_dice: 0.0668, decode_lovasz: 0.1105, decode_boundary: 0.3127, decode_scale_reg: 0.0006, decode_lambda_bound: 0.6200, decode_boundary_boost: 0.1200, aux.loss_ce: 0.0237, aux.acc_seg: 98.1542, loss: 0.3712
2026-05-12 03:09:38,609 - mmseg - INFO - Iter [31850/40000]	lr: 1.994e-05, eta: 2:02:31, time: 0.906, data_time: 0.008, memory: 22512, loss_decode: 0.3381, decode_ce: 0.0371, decode_dice: 0.0699, decode_lovasz: 0.1106, decode_boundary: 0.2953, decode_scale_reg: 0.0005, decode_lambda_bound: 0.6200, decode_boundary_boost: 0.1200, aux.loss_ce: 0.0219, aux.acc_seg: 98.3120, loss: 0.3601
2026-05-12 03:10:23,901 - mmseg - INFO - Iter [31900/40000]	lr: 1.982e-05, eta: 2:01:46, time: 0.906, data_time: 0.008, memory: 22512, loss_decode: 0.3466, decode_ce: 0.0371, decode_dice: 0.0695, decode_lovasz: 0.1111, decode_boundary: 0.3088, decode_scale_reg: 0.0004, decode_lambda_bound: 0.6200, decode_boundary_boost: 0.1200, aux.loss_ce: 0.0228, aux.acc_seg: 98.1876, loss: 0.3694
2026-05-12 03:11:09,197 - mmseg - INFO - Iter [31950/40000]	lr: 1.970e-05, eta: 2:01:01, time: 0.906, data_time: 0.009, memory: 22512, loss_decode: 0.3324, decode_ce: 0.0325, decode_dice: 0.0625, decode_lovasz: 0.1068, decode_boundary: 0.3040, decode_scale_reg: 0.0005, decode_lambda_bound: 0.6200, decode_boundary_boost: 0.1200, aux.loss_ce: 0.0207, aux.acc_seg: 98.3533, loss: 0.3531
2026-05-12 03:11:54,581 - mmseg - INFO - Saving checkpoint at 32000 iterations
2026-05-12 03:11:55,283 - mmseg - INFO - Exp name: uper_cosnet_specwaste_40k.py
2026-05-12 03:11:55,283 - mmseg - INFO - Iter [32000/40000]	lr: 1.959e-05, eta: 2:00:16, time: 0.922, data_time: 0.009, memory: 22512, loss_decode: 0.3308, decode_ce: 0.0339, decode_dice: 0.0613, decode_lovasz: 0.1027, decode_boundary: 0.3052, decode_scale_reg: 0.0003, decode_lambda_bound: 0.6200, decode_boundary_boost: 0.1200, aux.loss_ce: 0.0208, aux.acc_seg: 98.3313, loss: 0.3516
2026-05-12 03:12:04,409 - mmseg - INFO - per class results:
2026-05-12 03:12:04,409 - mmseg - INFO - 
+------------+-------+-------+
|   Class    |  IoU  |  Acc  |
+------------+-------+-------+
| background | 93.73 | 97.51 |
|    film    | 78.36 |  85.7 |
|   basket   | 84.42 | 87.77 |
| cardboard  | 82.89 | 84.13 |
| video_tape | 42.53 |  50.8 |
|  filament  | 64.48 | 67.91 |
|    bag     | 69.86 | 81.37 |
+------------+-------+-------+
2026-05-12 03:12:04,409 - mmseg - INFO - Summary:
2026-05-12 03:12:04,410 - mmseg - INFO - 
+-------+-------+-------+
|  aAcc |  mIoU |  mAcc |
+-------+-------+-------+
| 94.53 | 73.75 | 79.31 |
+-------+-------+-------+
2026-05-12 03:12:04,432 - mmseg - INFO - The previous best checkpoint /home/mtech2025/Documents/sdc1/project_CosNet/prog_lab_cosnet/specwaste_logs/40k_mba_best/best_mIoU_iter_28000.pth was removed
2026-05-12 03:12:05,169 - mmseg - INFO - Now best checkpoint is saved as best_mIoU_iter_32000.pth.
2026-05-12 03:12:05,169 - mmseg - INFO - Best mIoU is 0.7375 at 32000 iter.
2026-05-12 03:12:05,170 - mmseg - INFO - Exp name: uper_cosnet_specwaste_40k.py
2026-05-12 03:12:05,170 - mmseg - INFO - Iter(val) [171]	aAcc: 0.9453, mIoU: 0.7375, mAcc: 0.7931, IoU.background: 0.9373, IoU.film: 0.7836, IoU.basket: 0.8442, IoU.cardboard: 0.8289, IoU.video_tape: 0.4253, IoU.filament: 0.6448, IoU.bag: 0.6986, Acc.background: 0.9751, Acc.film: 0.8570, Acc.basket: 0.8777, Acc.cardboard: 0.8413, Acc.video_tape: 0.5080, Acc.filament: 0.6791, Acc.bag: 0.8137
2026-05-12 03:12:50,306 - mmseg - INFO - Iter [32050/40000]	lr: 1.947e-05, eta: 1:59:33, time: 1.100, data_time: 0.206, memory: 22512, loss_decode: 0.3435, decode_ce: 0.0380, decode_dice: 0.0623, decode_lovasz: 0.1041, decode_boundary: 0.3165, decode_scale_reg: 0.0003, decode_lambda_bound: 0.6200, decode_boundary_boost: 0.1200, aux.loss_ce: 0.0240, aux.acc_seg: 98.1134, loss: 0.3675
2026-05-12 03:13:35,750 - mmseg - INFO - Iter [32100/40000]	lr: 1.936e-05, eta: 1:58:48, time: 0.909, data_time: 0.009, memory: 22512, loss_decode: 0.3339, decode_ce: 0.0373, decode_dice: 0.0621, decode_lovasz: 0.1042, decode_boundary: 0.3023, decode_scale_reg: 0.0003, decode_lambda_bound: 0.6200, decode_boundary_boost: 0.1200, aux.loss_ce: 0.0224, aux.acc_seg: 98.2464, loss: 0.3562
2026-05-12 03:14:23,403 - mmseg - INFO - Iter [32150/40000]	lr: 1.924e-05, eta: 1:58:04, time: 0.953, data_time: 0.056, memory: 22512, loss_decode: 0.3478, decode_ce: 0.0343, decode_dice: 0.0752, decode_lovasz: 0.1141, decode_boundary: 0.3069, decode_scale_reg: 0.0004, decode_lambda_bound: 0.6200, decode_boundary_boost: 0.1200, aux.loss_ce: 0.0224, aux.acc_seg: 98.2389, loss: 0.3702
2026-05-12 03:15:08,803 - mmseg - INFO - Iter [32200/40000]	lr: 1.913e-05, eta: 1:57:19, time: 0.908, data_time: 0.009, memory: 22512, loss_decode: 0.3334, decode_ce: 0.0357, decode_dice: 0.0622, decode_lovasz: 0.1058, decode_boundary: 0.3019, decode_scale_reg: 0.0003, decode_lambda_bound: 0.6200, decode_boundary_boost: 0.1200, aux.loss_ce: 0.0214, aux.acc_seg: 98.2688, loss: 0.3548
2026-05-12 03:15:54,247 - mmseg - INFO - Iter [32250/40000]	lr: 1.901e-05, eta: 1:56:34, time: 0.909, data_time: 0.008, memory: 22512, loss_decode: 0.3521, decode_ce: 0.0365, decode_dice: 0.0784, decode_lovasz: 0.1185, decode_boundary: 0.3025, decode_scale_reg: 0.0003, decode_lambda_bound: 0.6200, decode_boundary_boost: 0.1200, aux.loss_ce: 0.0222, aux.acc_seg: 98.2482, loss: 0.3743
2026-05-12 03:16:39,610 - mmseg - INFO - Iter [32300/40000]	lr: 1.889e-05, eta: 1:55:48, time: 0.907, data_time: 0.008, memory: 22512, loss_decode: 0.3390, decode_ce: 0.0388, decode_dice: 0.0676, decode_lovasz: 0.1078, decode_boundary: 0.2992, decode_scale_reg: 0.0006, decode_lambda_bound: 0.6200, decode_boundary_boost: 0.1200, aux.loss_ce: 0.0226, aux.acc_seg: 98.2092, loss: 0.3616
2026-05-12 03:17:25,008 - mmseg - INFO - Iter [32350/40000]	lr: 1.878e-05, eta: 1:55:03, time: 0.908, data_time: 0.008, memory: 22512, loss_decode: 0.3628, decode_ce: 0.0422, decode_dice: 0.0748, decode_lovasz: 0.1204, decode_boundary: 0.3112, decode_scale_reg: 0.0008, decode_lambda_bound: 0.6200, decode_boundary_boost: 0.1200, aux.loss_ce: 0.0253, aux.acc_seg: 98.0118, loss: 0.3881
2026-05-12 03:18:10,362 - mmseg - INFO - Iter [32400/40000]	lr: 1.866e-05, eta: 1:54:18, time: 0.907, data_time: 0.008, memory: 22512, loss_decode: 0.3448, decode_ce: 0.0396, decode_dice: 0.0676, decode_lovasz: 0.1067, decode_boundary: 0.3087, decode_scale_reg: 0.0006, decode_lambda_bound: 0.6200, decode_boundary_boost: 0.1200, aux.loss_ce: 0.0240, aux.acc_seg: 98.0723, loss: 0.3688
2026-05-12 03:18:55,733 - mmseg - INFO - Iter [32450/40000]	lr: 1.855e-05, eta: 1:53:33, time: 0.907, data_time: 0.009, memory: 22512, loss_decode: 0.3621, decode_ce: 0.0415, decode_dice: 0.0759, decode_lovasz: 0.1180, decode_boundary: 0.3131, decode_scale_reg: 0.0007, decode_lambda_bound: 0.6200, decode_boundary_boost: 0.1200, aux.loss_ce: 0.0250, aux.acc_seg: 98.0321, loss: 0.3872
2026-05-12 03:19:41,051 - mmseg - INFO - Iter [32500/40000]	lr: 1.843e-05, eta: 1:52:48, time: 0.906, data_time: 0.009, memory: 22512, loss_decode: 0.3368, decode_ce: 0.0357, decode_dice: 0.0619, decode_lovasz: 0.1076, decode_boundary: 0.3055, decode_scale_reg: 0.0008, decode_lambda_bound: 0.6200, decode_boundary_boost: 0.1200, aux.loss_ce: 0.0228, aux.acc_seg: 98.2142, loss: 0.3596
2026-05-12 03:20:26,428 - mmseg - INFO - Iter [32550/40000]	lr: 1.831e-05, eta: 1:52:03, time: 0.908, data_time: 0.009, memory: 22512, loss_decode: 0.3331, decode_ce: 0.0356, decode_dice: 0.0651, decode_lovasz: 0.1052, decode_boundary: 0.3001, decode_scale_reg: 0.0006, decode_lambda_bound: 0.6200, decode_boundary_boost: 0.1200, aux.loss_ce: 0.0215, aux.acc_seg: 98.2731, loss: 0.3546
2026-05-12 03:21:11,729 - mmseg - INFO - Iter [32600/40000]	lr: 1.820e-05, eta: 1:51:18, time: 0.906, data_time: 0.008, memory: 22512, loss_decode: 0.3323, decode_ce: 0.0336, decode_dice: 0.0616, decode_lovasz: 0.1041, decode_boundary: 0.3060, decode_scale_reg: 0.0003, decode_lambda_bound: 0.6200, decode_boundary_boost: 0.1200, aux.loss_ce: 0.0212, aux.acc_seg: 98.3165, loss: 0.3535
2026-05-12 03:21:57,035 - mmseg - INFO - Iter [32650/40000]	lr: 1.808e-05, eta: 1:50:33, time: 0.906, data_time: 0.009, memory: 22512, loss_decode: 0.3663, decode_ce: 0.0434, decode_dice: 0.0748, decode_lovasz: 0.1176, decode_boundary: 0.3182, decode_scale_reg: 0.0004, decode_lambda_bound: 0.6200, decode_boundary_boost: 0.1200, aux.loss_ce: 0.0245, aux.acc_seg: 98.0864, loss: 0.3908
2026-05-12 03:22:42,378 - mmseg - INFO - Iter [32700/40000]	lr: 1.797e-05, eta: 1:49:48, time: 0.907, data_time: 0.008, memory: 22512, loss_decode: 0.3426, decode_ce: 0.0389, decode_dice: 0.0671, decode_lovasz: 0.1089, decode_boundary: 0.3040, decode_scale_reg: 0.0003, decode_lambda_bound: 0.6200, decode_boundary_boost: 0.1200, aux.loss_ce: 0.0224, aux.acc_seg: 98.2195, loss: 0.3650
2026-05-12 03:23:27,721 - mmseg - INFO - Iter [32750/40000]	lr: 1.785e-05, eta: 1:49:03, time: 0.907, data_time: 0.008, memory: 22512, loss_decode: 0.3382, decode_ce: 0.0340, decode_dice: 0.0735, decode_lovasz: 0.1125, decode_boundary: 0.2952, decode_scale_reg: 0.0004, decode_lambda_bound: 0.6200, decode_boundary_boost: 0.1200, aux.loss_ce: 0.0205, aux.acc_seg: 98.3689, loss: 0.3587
2026-05-12 03:24:13,099 - mmseg - INFO - Iter [32800/40000]	lr: 1.773e-05, eta: 1:48:18, time: 0.908, data_time: 0.008, memory: 22512, loss_decode: 0.3630, decode_ce: 0.0422, decode_dice: 0.0798, decode_lovasz: 0.1212, decode_boundary: 0.3066, decode_scale_reg: 0.0004, decode_lambda_bound: 0.6200, decode_boundary_boost: 0.1200, aux.loss_ce: 0.0248, aux.acc_seg: 98.0592, loss: 0.3879
2026-05-12 03:24:58,489 - mmseg - INFO - Iter [32850/40000]	lr: 1.762e-05, eta: 1:47:33, time: 0.908, data_time: 0.008, memory: 22512, loss_decode: 0.3189, decode_ce: 0.0326, decode_dice: 0.0523, decode_lovasz: 0.0928, decode_boundary: 0.3073, decode_scale_reg: 0.0004, decode_lambda_bound: 0.6200, decode_boundary_boost: 0.1200, aux.loss_ce: 0.0208, aux.acc_seg: 98.3304, loss: 0.3396
2026-05-12 03:25:43,837 - mmseg - INFO - Iter [32900/40000]	lr: 1.750e-05, eta: 1:46:48, time: 0.907, data_time: 0.008, memory: 22512, loss_decode: 0.3411, decode_ce: 0.0328, decode_dice: 0.0759, decode_lovasz: 0.1177, decode_boundary: 0.2936, decode_scale_reg: 0.0003, decode_lambda_bound: 0.6200, decode_boundary_boost: 0.1200, aux.loss_ce: 0.0206, aux.acc_seg: 98.3906, loss: 0.3617
2026-05-12 03:26:29,214 - mmseg - INFO - Iter [32950/40000]	lr: 1.738e-05, eta: 1:46:03, time: 0.908, data_time: 0.008, memory: 22512, loss_decode: 0.3470, decode_ce: 0.0355, decode_dice: 0.0704, decode_lovasz: 0.1098, decode_boundary: 0.3127, decode_scale_reg: 0.0003, decode_lambda_bound: 0.6200, decode_boundary_boost: 0.1200, aux.loss_ce: 0.0224, aux.acc_seg: 98.1768, loss: 0.3694
2026-05-12 03:27:14,558 - mmseg - INFO - Exp name: uper_cosnet_specwaste_40k.py
2026-05-12 03:27:14,559 - mmseg - INFO - Iter [33000/40000]	lr: 1.727e-05, eta: 1:45:17, time: 0.907, data_time: 0.009, memory: 22512, loss_decode: 0.3495, decode_ce: 0.0352, decode_dice: 0.0727, decode_lovasz: 0.1080, decode_boundary: 0.3176, decode_scale_reg: 0.0005, decode_lambda_bound: 0.6200, decode_boundary_boost: 0.1200, aux.loss_ce: 0.0222, aux.acc_seg: 98.2287, loss: 0.3717
2026-05-12 03:27:59,846 - mmseg - INFO - Iter [33050/40000]	lr: 1.715e-05, eta: 1:44:32, time: 0.906, data_time: 0.008, memory: 22512, loss_decode: 0.3378, decode_ce: 0.0355, decode_dice: 0.0621, decode_lovasz: 0.1005, decode_boundary: 0.3160, decode_scale_reg: 0.0004, decode_lambda_bound: 0.6200, decode_boundary_boost: 0.1200, aux.loss_ce: 0.0227, aux.acc_seg: 98.1975, loss: 0.3606
2026-05-12 03:28:45,126 - mmseg - INFO - Iter [33100/40000]	lr: 1.703e-05, eta: 1:43:47, time: 0.906, data_time: 0.008, memory: 22512, loss_decode: 0.3200, decode_ce: 0.0297, decode_dice: 0.0639, decode_lovasz: 0.1011, decode_boundary: 0.2944, decode_scale_reg: 0.0005, decode_lambda_bound: 0.6200, decode_boundary_boost: 0.1200, aux.loss_ce: 0.0194, aux.acc_seg: 98.4373, loss: 0.3394
2026-05-12 03:29:30,498 - mmseg - INFO - Iter [33150/40000]	lr: 1.692e-05, eta: 1:43:02, time: 0.907, data_time: 0.009, memory: 22512, loss_decode: 0.3467, decode_ce: 0.0341, decode_dice: 0.0732, decode_lovasz: 0.1133, decode_boundary: 0.3080, decode_scale_reg: 0.0005, decode_lambda_bound: 0.6200, decode_boundary_boost: 0.1200, aux.loss_ce: 0.0217, aux.acc_seg: 98.2692, loss: 0.3684
2026-05-12 03:30:15,824 - mmseg - INFO - Iter [33200/40000]	lr: 1.680e-05, eta: 1:42:17, time: 0.907, data_time: 0.009, memory: 22512, loss_decode: 0.3559, decode_ce: 0.0361, decode_dice: 0.0819, decode_lovasz: 0.1225, decode_boundary: 0.3014, decode_scale_reg: 0.0005, decode_lambda_bound: 0.6200, decode_boundary_boost: 0.1200, aux.loss_ce: 0.0224, aux.acc_seg: 98.2520, loss: 0.3783
2026-05-12 03:31:01,120 - mmseg - INFO - Iter [33250/40000]	lr: 1.668e-05, eta: 1:41:32, time: 0.906, data_time: 0.009, memory: 22512, loss_decode: 0.3531, decode_ce: 0.0399, decode_dice: 0.0702, decode_lovasz: 0.1081, decode_boundary: 0.3201, decode_scale_reg: 0.0003, decode_lambda_bound: 0.6151, decode_boundary_boost: 0.1150, aux.loss_ce: 0.0239, aux.acc_seg: 98.1069, loss: 0.3769
2026-05-12 03:31:46,404 - mmseg - INFO - Iter [33300/40000]	lr: 1.657e-05, eta: 1:40:47, time: 0.906, data_time: 0.008, memory: 22512, loss_decode: 0.3496, decode_ce: 0.0390, decode_dice: 0.0733, decode_lovasz: 0.1145, decode_boundary: 0.3059, decode_scale_reg: 0.0004, decode_lambda_bound: 0.6150, decode_boundary_boost: 0.1150, aux.loss_ce: 0.0223, aux.acc_seg: 98.2760, loss: 0.3719
2026-05-12 03:32:31,709 - mmseg - INFO - Iter [33350/40000]	lr: 1.645e-05, eta: 1:40:02, time: 0.906, data_time: 0.008, memory: 22512, loss_decode: 0.3356, decode_ce: 0.0340, decode_dice: 0.0733, decode_lovasz: 0.1086, decode_boundary: 0.2984, decode_scale_reg: 0.0004, decode_lambda_bound: 0.6150, decode_boundary_boost: 0.1150, aux.loss_ce: 0.0218, aux.acc_seg: 98.3012, loss: 0.3574
2026-05-12 03:33:17,063 - mmseg - INFO - Iter [33400/40000]	lr: 1.633e-05, eta: 1:39:17, time: 0.907, data_time: 0.008, memory: 22512, loss_decode: 0.3340, decode_ce: 0.0335, decode_dice: 0.0629, decode_lovasz: 0.1087, decode_boundary: 0.3049, decode_scale_reg: 0.0003, decode_lambda_bound: 0.6150, decode_boundary_boost: 0.1150, aux.loss_ce: 0.0212, aux.acc_seg: 98.2765, loss: 0.3552
2026-05-12 03:34:02,374 - mmseg - INFO - Iter [33450/40000]	lr: 1.622e-05, eta: 1:38:32, time: 0.906, data_time: 0.009, memory: 22512, loss_decode: 0.3417, decode_ce: 0.0337, decode_dice: 0.0661, decode_lovasz: 0.1106, decode_boundary: 0.3123, decode_scale_reg: 0.0003, decode_lambda_bound: 0.6150, decode_boundary_boost: 0.1150, aux.loss_ce: 0.0216, aux.acc_seg: 98.2688, loss: 0.3634
2026-05-12 03:34:47,695 - mmseg - INFO - Iter [33500/40000]	lr: 1.610e-05, eta: 1:37:47, time: 0.906, data_time: 0.009, memory: 22512, loss_decode: 0.3391, decode_ce: 0.0351, decode_dice: 0.0646, decode_lovasz: 0.1041, decode_boundary: 0.3148, decode_scale_reg: 0.0004, decode_lambda_bound: 0.6150, decode_boundary_boost: 0.1150, aux.loss_ce: 0.0223, aux.acc_seg: 98.1872, loss: 0.3614
2026-05-12 03:35:33,047 - mmseg - INFO - Iter [33550/40000]	lr: 1.598e-05, eta: 1:37:01, time: 0.907, data_time: 0.008, memory: 22512, loss_decode: 0.3343, decode_ce: 0.0348, decode_dice: 0.0704, decode_lovasz: 0.1064, decode_boundary: 0.2999, decode_scale_reg: 0.0004, decode_lambda_bound: 0.6150, decode_boundary_boost: 0.1150, aux.loss_ce: 0.0214, aux.acc_seg: 98.2856, loss: 0.3556
2026-05-12 03:36:18,448 - mmseg - INFO - Iter [33600/40000]	lr: 1.587e-05, eta: 1:36:16, time: 0.908, data_time: 0.009, memory: 22512, loss_decode: 0.3474, decode_ce: 0.0380, decode_dice: 0.0651, decode_lovasz: 0.1098, decode_boundary: 0.3163, decode_scale_reg: 0.0004, decode_lambda_bound: 0.6150, decode_boundary_boost: 0.1150, aux.loss_ce: 0.0233, aux.acc_seg: 98.1464, loss: 0.3707
2026-05-12 03:37:03,807 - mmseg - INFO - Iter [33650/40000]	lr: 1.575e-05, eta: 1:35:31, time: 0.907, data_time: 0.009, memory: 22512, loss_decode: 0.3296, decode_ce: 0.0348, decode_dice: 0.0627, decode_lovasz: 0.1009, decode_boundary: 0.3029, decode_scale_reg: 0.0003, decode_lambda_bound: 0.6199, decode_boundary_boost: 0.1200, aux.loss_ce: 0.0212, aux.acc_seg: 98.2952, loss: 0.3508
2026-05-12 03:37:49,135 - mmseg - INFO - Iter [33700/40000]	lr: 1.563e-05, eta: 1:34:46, time: 0.907, data_time: 0.008, memory: 22512, loss_decode: 0.3547, decode_ce: 0.0375, decode_dice: 0.0711, decode_lovasz: 0.1194, decode_boundary: 0.3098, decode_scale_reg: 0.0003, decode_lambda_bound: 0.6200, decode_boundary_boost: 0.1200, aux.loss_ce: 0.0226, aux.acc_seg: 98.2212, loss: 0.3773
2026-05-12 03:38:34,405 - mmseg - INFO - Iter [33750/40000]	lr: 1.552e-05, eta: 1:34:01, time: 0.905, data_time: 0.008, memory: 22512, loss_decode: 0.3460, decode_ce: 0.0338, decode_dice: 0.0757, decode_lovasz: 0.1172, decode_boundary: 0.3007, decode_scale_reg: 0.0003, decode_lambda_bound: 0.6200, decode_boundary_boost: 0.1200, aux.loss_ce: 0.0208, aux.acc_seg: 98.3303, loss: 0.3668
2026-05-12 03:39:19,726 - mmseg - INFO - Iter [33800/40000]	lr: 1.540e-05, eta: 1:33:16, time: 0.906, data_time: 0.008, memory: 22512, loss_decode: 0.3350, decode_ce: 0.0377, decode_dice: 0.0628, decode_lovasz: 0.1066, decode_boundary: 0.2999, decode_scale_reg: 0.0003, decode_lambda_bound: 0.6200, decode_boundary_boost: 0.1200, aux.loss_ce: 0.0224, aux.acc_seg: 98.2175, loss: 0.3574
2026-05-12 03:40:05,050 - mmseg - INFO - Iter [33850/40000]	lr: 1.528e-05, eta: 1:32:31, time: 0.906, data_time: 0.008, memory: 22512, loss_decode: 0.3265, decode_ce: 0.0325, decode_dice: 0.0615, decode_lovasz: 0.1019, decode_boundary: 0.3012, decode_scale_reg: 0.0004, decode_lambda_bound: 0.6200, decode_boundary_boost: 0.1200, aux.loss_ce: 0.0201, aux.acc_seg: 98.3693, loss: 0.3466
2026-05-12 03:40:50,373 - mmseg - INFO - Iter [33900/40000]	lr: 1.516e-05, eta: 1:31:46, time: 0.906, data_time: 0.009, memory: 22512, loss_decode: 0.3448, decode_ce: 0.0374, decode_dice: 0.0663, decode_lovasz: 0.1049, decode_boundary: 0.3154, decode_scale_reg: 0.0004, decode_lambda_bound: 0.6200, decode_boundary_boost: 0.1200, aux.loss_ce: 0.0233, aux.acc_seg: 98.1136, loss: 0.3681
2026-05-12 03:41:35,693 - mmseg - INFO - Iter [33950/40000]	lr: 1.505e-05, eta: 1:31:01, time: 0.906, data_time: 0.008, memory: 22512, loss_decode: 0.3282, decode_ce: 0.0339, decode_dice: 0.0610, decode_lovasz: 0.1040, decode_boundary: 0.2996, decode_scale_reg: 0.0004, decode_lambda_bound: 0.6200, decode_boundary_boost: 0.1200, aux.loss_ce: 0.0229, aux.acc_seg: 98.1687, loss: 0.3511
2026-05-12 03:42:20,985 - mmseg - INFO - Exp name: uper_cosnet_specwaste_40k.py
2026-05-12 03:42:20,985 - mmseg - INFO - Iter [34000/40000]	lr: 1.493e-05, eta: 1:30:16, time: 0.906, data_time: 0.008, memory: 22512, loss_decode: 0.3376, decode_ce: 0.0341, decode_dice: 0.0647, decode_lovasz: 0.1096, decode_boundary: 0.3048, decode_scale_reg: 0.0005, decode_lambda_bound: 0.6200, decode_boundary_boost: 0.1200, aux.loss_ce: 0.0211, aux.acc_seg: 98.3043, loss: 0.3587
2026-05-12 03:43:06,320 - mmseg - INFO - Iter [34050/40000]	lr: 1.481e-05, eta: 1:29:30, time: 0.907, data_time: 0.008, memory: 22512, loss_decode: 0.3346, decode_ce: 0.0355, decode_dice: 0.0662, decode_lovasz: 0.1056, decode_boundary: 0.3037, decode_scale_reg: 0.0003, decode_lambda_bound: 0.6151, decode_boundary_boost: 0.1150, aux.loss_ce: 0.0220, aux.acc_seg: 98.2278, loss: 0.3566
2026-05-12 03:43:51,821 - mmseg - INFO - Iter [34100/40000]	lr: 1.469e-05, eta: 1:28:45, time: 0.910, data_time: 0.008, memory: 22512, loss_decode: 0.3339, decode_ce: 0.0344, decode_dice: 0.0615, decode_lovasz: 0.1050, decode_boundary: 0.3089, decode_scale_reg: 0.0003, decode_lambda_bound: 0.6150, decode_boundary_boost: 0.1150, aux.loss_ce: 0.0215, aux.acc_seg: 98.2862, loss: 0.3554
2026-05-12 03:44:37,181 - mmseg - INFO - Iter [34150/40000]	lr: 1.458e-05, eta: 1:28:00, time: 0.907, data_time: 0.008, memory: 22512, loss_decode: 0.3593, decode_ce: 0.0383, decode_dice: 0.0767, decode_lovasz: 0.1140, decode_boundary: 0.3206, decode_scale_reg: 0.0003, decode_lambda_bound: 0.6150, decode_boundary_boost: 0.1150, aux.loss_ce: 0.0235, aux.acc_seg: 98.0950, loss: 0.3828
2026-05-12 03:45:22,481 - mmseg - INFO - Iter [34200/40000]	lr: 1.446e-05, eta: 1:27:15, time: 0.906, data_time: 0.008, memory: 22512, loss_decode: 0.3495, decode_ce: 0.0366, decode_dice: 0.0694, decode_lovasz: 0.1147, decode_boundary: 0.3124, decode_scale_reg: 0.0005, decode_lambda_bound: 0.6150, decode_boundary_boost: 0.1150, aux.loss_ce: 0.0224, aux.acc_seg: 98.2269, loss: 0.3719
2026-05-12 03:46:07,838 - mmseg - INFO - Iter [34250/40000]	lr: 1.434e-05, eta: 1:26:30, time: 0.907, data_time: 0.009, memory: 22512, loss_decode: 0.3251, decode_ce: 0.0314, decode_dice: 0.0668, decode_lovasz: 0.1062, decode_boundary: 0.2937, decode_scale_reg: 0.0003, decode_lambda_bound: 0.6150, decode_boundary_boost: 0.1150, aux.loss_ce: 0.0200, aux.acc_seg: 98.3846, loss: 0.3451
2026-05-12 03:46:53,173 - mmseg - INFO - Iter [34300/40000]	lr: 1.422e-05, eta: 1:25:45, time: 0.907, data_time: 0.008, memory: 22512, loss_decode: 0.3428, decode_ce: 0.0381, decode_dice: 0.0700, decode_lovasz: 0.1075, decode_boundary: 0.3074, decode_scale_reg: 0.0005, decode_lambda_bound: 0.6150, decode_boundary_boost: 0.1150, aux.loss_ce: 0.0223, aux.acc_seg: 98.2406, loss: 0.3652
2026-05-12 03:47:38,546 - mmseg - INFO - Iter [34350/40000]	lr: 1.411e-05, eta: 1:25:00, time: 0.907, data_time: 0.008, memory: 22512, loss_decode: 0.3464, decode_ce: 0.0351, decode_dice: 0.0669, decode_lovasz: 0.1107, decode_boundary: 0.3169, decode_scale_reg: 0.0002, decode_lambda_bound: 0.6150, decode_boundary_boost: 0.1150, aux.loss_ce: 0.0221, aux.acc_seg: 98.2010, loss: 0.3685
2026-05-12 03:48:23,947 - mmseg - INFO - Iter [34400/40000]	lr: 1.399e-05, eta: 1:24:15, time: 0.908, data_time: 0.009, memory: 22512, loss_decode: 0.3381, decode_ce: 0.0346, decode_dice: 0.0699, decode_lovasz: 0.1112, decode_boundary: 0.3011, decode_scale_reg: 0.0004, decode_lambda_bound: 0.6150, decode_boundary_boost: 0.1150, aux.loss_ce: 0.0211, aux.acc_seg: 98.3330, loss: 0.3593
2026-05-12 03:49:09,315 - mmseg - INFO - Iter [34450/40000]	lr: 1.387e-05, eta: 1:23:30, time: 0.907, data_time: 0.009, memory: 22512, loss_decode: 0.3393, decode_ce: 0.0345, decode_dice: 0.0727, decode_lovasz: 0.1125, decode_boundary: 0.2971, decode_scale_reg: 0.0003, decode_lambda_bound: 0.6199, decode_boundary_boost: 0.1200, aux.loss_ce: 0.0215, aux.acc_seg: 98.3088, loss: 0.3608
2026-05-12 03:49:54,687 - mmseg - INFO - Iter [34500/40000]	lr: 1.375e-05, eta: 1:22:45, time: 0.907, data_time: 0.009, memory: 22512, loss_decode: 0.3379, decode_ce: 0.0391, decode_dice: 0.0625, decode_lovasz: 0.0987, decode_boundary: 0.3123, decode_scale_reg: 0.0003, decode_lambda_bound: 0.6200, decode_boundary_boost: 0.1200, aux.loss_ce: 0.0233, aux.acc_seg: 98.1491, loss: 0.3612
2026-05-12 03:50:40,036 - mmseg - INFO - Iter [34550/40000]	lr: 1.363e-05, eta: 1:21:59, time: 0.907, data_time: 0.008, memory: 22512, loss_decode: 0.3340, decode_ce: 0.0367, decode_dice: 0.0618, decode_lovasz: 0.1037, decode_boundary: 0.3043, decode_scale_reg: 0.0004, decode_lambda_bound: 0.6200, decode_boundary_boost: 0.1200, aux.loss_ce: 0.0222, aux.acc_seg: 98.2516, loss: 0.3562
2026-05-12 03:51:25,373 - mmseg - INFO - Iter [34600/40000]	lr: 1.352e-05, eta: 1:21:14, time: 0.907, data_time: 0.008, memory: 22512, loss_decode: 0.3434, decode_ce: 0.0384, decode_dice: 0.0582, decode_lovasz: 0.1044, decode_boundary: 0.3187, decode_scale_reg: 0.0003, decode_lambda_bound: 0.6200, decode_boundary_boost: 0.1200, aux.loss_ce: 0.0237, aux.acc_seg: 98.1073, loss: 0.3671
2026-05-12 03:52:10,724 - mmseg - INFO - Iter [34650/40000]	lr: 1.340e-05, eta: 1:20:29, time: 0.907, data_time: 0.009, memory: 22512, loss_decode: 0.3455, decode_ce: 0.0349, decode_dice: 0.0741, decode_lovasz: 0.1101, decode_boundary: 0.3081, decode_scale_reg: 0.0005, decode_lambda_bound: 0.6200, decode_boundary_boost: 0.1200, aux.loss_ce: 0.0225, aux.acc_seg: 98.1821, loss: 0.3680
2026-05-12 03:52:56,073 - mmseg - INFO - Iter [34700/40000]	lr: 1.328e-05, eta: 1:19:44, time: 0.907, data_time: 0.008, memory: 22512, loss_decode: 0.3375, decode_ce: 0.0357, decode_dice: 0.0604, decode_lovasz: 0.1031, decode_boundary: 0.3133, decode_scale_reg: 0.0003, decode_lambda_bound: 0.6200, decode_boundary_boost: 0.1200, aux.loss_ce: 0.0216, aux.acc_seg: 98.2683, loss: 0.3591
2026-05-12 03:53:41,378 - mmseg - INFO - Iter [34750/40000]	lr: 1.316e-05, eta: 1:18:59, time: 0.906, data_time: 0.009, memory: 22512, loss_decode: 0.3506, decode_ce: 0.0353, decode_dice: 0.0647, decode_lovasz: 0.1093, decode_boundary: 0.3240, decode_scale_reg: 0.0005, decode_lambda_bound: 0.6200, decode_boundary_boost: 0.1200, aux.loss_ce: 0.0231, aux.acc_seg: 98.1426, loss: 0.3737
2026-05-12 03:54:26,735 - mmseg - INFO - Iter [34800/40000]	lr: 1.304e-05, eta: 1:18:14, time: 0.907, data_time: 0.009, memory: 22512, loss_decode: 0.3421, decode_ce: 0.0359, decode_dice: 0.0733, decode_lovasz: 0.1127, decode_boundary: 0.2985, decode_scale_reg: 0.0005, decode_lambda_bound: 0.6200, decode_boundary_boost: 0.1200, aux.loss_ce: 0.0210, aux.acc_seg: 98.3642, loss: 0.3631
2026-05-12 03:55:12,086 - mmseg - INFO - Iter [34850/40000]	lr: 1.293e-05, eta: 1:17:29, time: 0.907, data_time: 0.008, memory: 22512, loss_decode: 0.3420, decode_ce: 0.0354, decode_dice: 0.0681, decode_lovasz: 0.1138, decode_boundary: 0.3021, decode_scale_reg: 0.0003, decode_lambda_bound: 0.6200, decode_boundary_boost: 0.1200, aux.loss_ce: 0.0207, aux.acc_seg: 98.3504, loss: 0.3628
2026-05-12 03:55:57,531 - mmseg - INFO - Iter [34900/40000]	lr: 1.281e-05, eta: 1:16:44, time: 0.909, data_time: 0.008, memory: 22512, loss_decode: 0.3508, decode_ce: 0.0354, decode_dice: 0.0768, decode_lovasz: 0.1201, decode_boundary: 0.3015, decode_scale_reg: 0.0004, decode_lambda_bound: 0.6200, decode_boundary_boost: 0.1200, aux.loss_ce: 0.0215, aux.acc_seg: 98.3085, loss: 0.3722
2026-05-12 03:56:42,917 - mmseg - INFO - Iter [34950/40000]	lr: 1.269e-05, eta: 1:15:59, time: 0.908, data_time: 0.008, memory: 22512, loss_decode: 0.3356, decode_ce: 0.0353, decode_dice: 0.0630, decode_lovasz: 0.1012, decode_boundary: 0.3112, decode_scale_reg: 0.0003, decode_lambda_bound: 0.6200, decode_boundary_boost: 0.1200, aux.loss_ce: 0.0221, aux.acc_seg: 98.2203, loss: 0.3577
2026-05-12 03:57:28,252 - mmseg - INFO - Exp name: uper_cosnet_specwaste_40k.py
2026-05-12 03:57:28,252 - mmseg - INFO - Iter [35000/40000]	lr: 1.257e-05, eta: 1:15:14, time: 0.907, data_time: 0.009, memory: 22512, loss_decode: 0.3362, decode_ce: 0.0377, decode_dice: 0.0533, decode_lovasz: 0.0986, decode_boundary: 0.3192, decode_scale_reg: 0.0004, decode_lambda_bound: 0.6200, decode_boundary_boost: 0.1200, aux.loss_ce: 0.0230, aux.acc_seg: 98.1467, loss: 0.3593
2026-05-12 03:58:13,648 - mmseg - INFO - Iter [35050/40000]	lr: 1.245e-05, eta: 1:14:28, time: 0.908, data_time: 0.008, memory: 22512, loss_decode: 0.3502, decode_ce: 0.0356, decode_dice: 0.0784, decode_lovasz: 0.1175, decode_boundary: 0.3020, decode_scale_reg: 0.0003, decode_lambda_bound: 0.6200, decode_boundary_boost: 0.1200, aux.loss_ce: 0.0216, aux.acc_seg: 98.3045, loss: 0.3719
2026-05-12 03:58:58,991 - mmseg - INFO - Iter [35100/40000]	lr: 1.233e-05, eta: 1:13:43, time: 0.907, data_time: 0.008, memory: 22512, loss_decode: 0.3309, decode_ce: 0.0348, decode_dice: 0.0606, decode_lovasz: 0.1048, decode_boundary: 0.3020, decode_scale_reg: 0.0004, decode_lambda_bound: 0.6200, decode_boundary_boost: 0.1200, aux.loss_ce: 0.0213, aux.acc_seg: 98.3276, loss: 0.3522
2026-05-12 03:59:44,311 - mmseg - INFO - Iter [35150/40000]	lr: 1.222e-05, eta: 1:12:58, time: 0.906, data_time: 0.009, memory: 22512, loss_decode: 0.3405, decode_ce: 0.0338, decode_dice: 0.0718, decode_lovasz: 0.1136, decode_boundary: 0.2992, decode_scale_reg: 0.0003, decode_lambda_bound: 0.6200, decode_boundary_boost: 0.1200, aux.loss_ce: 0.0202, aux.acc_seg: 98.4031, loss: 0.3607
2026-05-12 04:00:29,724 - mmseg - INFO - Iter [35200/40000]	lr: 1.210e-05, eta: 1:12:13, time: 0.908, data_time: 0.009, memory: 22512, loss_decode: 0.3220, decode_ce: 0.0314, decode_dice: 0.0621, decode_lovasz: 0.1021, decode_boundary: 0.2953, decode_scale_reg: 0.0005, decode_lambda_bound: 0.6200, decode_boundary_boost: 0.1200, aux.loss_ce: 0.0197, aux.acc_seg: 98.4166, loss: 0.3418
2026-05-12 04:01:15,088 - mmseg - INFO - Iter [35250/40000]	lr: 1.198e-05, eta: 1:11:28, time: 0.907, data_time: 0.009, memory: 22512, loss_decode: 0.3233, decode_ce: 0.0341, decode_dice: 0.0542, decode_lovasz: 0.0951, decode_boundary: 0.3101, decode_scale_reg: 0.0004, decode_lambda_bound: 0.6151, decode_boundary_boost: 0.1150, aux.loss_ce: 0.0213, aux.acc_seg: 98.2578, loss: 0.3446
2026-05-12 04:02:00,448 - mmseg - INFO - Iter [35300/40000]	lr: 1.186e-05, eta: 1:10:43, time: 0.907, data_time: 0.009, memory: 22512, loss_decode: 0.3326, decode_ce: 0.0361, decode_dice: 0.0661, decode_lovasz: 0.1005, decode_boundary: 0.3058, decode_scale_reg: 0.0005, decode_lambda_bound: 0.6150, decode_boundary_boost: 0.1150, aux.loss_ce: 0.0228, aux.acc_seg: 98.2043, loss: 0.3554
2026-05-12 04:02:47,889 - mmseg - INFO - Iter [35350/40000]	lr: 1.174e-05, eta: 1:09:58, time: 0.949, data_time: 0.055, memory: 22512, loss_decode: 0.3442, decode_ce: 0.0354, decode_dice: 0.0697, decode_lovasz: 0.1132, decode_boundary: 0.3074, decode_scale_reg: 0.0004, decode_lambda_bound: 0.6150, decode_boundary_boost: 0.1150, aux.loss_ce: 0.0215, aux.acc_seg: 98.2812, loss: 0.3657
2026-05-12 04:03:33,243 - mmseg - INFO - Iter [35400/40000]	lr: 1.162e-05, eta: 1:09:13, time: 0.907, data_time: 0.009, memory: 22512, loss_decode: 0.3267, decode_ce: 0.0337, decode_dice: 0.0629, decode_lovasz: 0.0989, decode_boundary: 0.3046, decode_scale_reg: 0.0004, decode_lambda_bound: 0.6150, decode_boundary_boost: 0.1150, aux.loss_ce: 0.0220, aux.acc_seg: 98.2562, loss: 0.3487
2026-05-12 04:04:18,630 - mmseg - INFO - Iter [35450/40000]	lr: 1.150e-05, eta: 1:08:28, time: 0.908, data_time: 0.008, memory: 22512, loss_decode: 0.3280, decode_ce: 0.0345, decode_dice: 0.0640, decode_lovasz: 0.1036, decode_boundary: 0.2988, decode_scale_reg: 0.0005, decode_lambda_bound: 0.6150, decode_boundary_boost: 0.1150, aux.loss_ce: 0.0215, aux.acc_seg: 98.3146, loss: 0.3495
2026-05-12 04:05:03,985 - mmseg - INFO - Iter [35500/40000]	lr: 1.138e-05, eta: 1:07:43, time: 0.907, data_time: 0.008, memory: 22512, loss_decode: 0.3334, decode_ce: 0.0347, decode_dice: 0.0701, decode_lovasz: 0.1073, decode_boundary: 0.2977, decode_scale_reg: 0.0006, decode_lambda_bound: 0.6150, decode_boundary_boost: 0.1150, aux.loss_ce: 0.0209, aux.acc_seg: 98.3528, loss: 0.3543
2026-05-12 04:05:49,411 - mmseg - INFO - Iter [35550/40000]	lr: 1.126e-05, eta: 1:06:58, time: 0.909, data_time: 0.009, memory: 22512, loss_decode: 0.3450, decode_ce: 0.0352, decode_dice: 0.0678, decode_lovasz: 0.1118, decode_boundary: 0.3122, decode_scale_reg: 0.0004, decode_lambda_bound: 0.6150, decode_boundary_boost: 0.1150, aux.loss_ce: 0.0219, aux.acc_seg: 98.2284, loss: 0.3669
2026-05-12 04:06:34,805 - mmseg - INFO - Iter [35600/40000]	lr: 1.115e-05, eta: 1:06:12, time: 0.908, data_time: 0.009, memory: 22512, loss_decode: 0.3590, decode_ce: 0.0376, decode_dice: 0.0738, decode_lovasz: 0.1181, decode_boundary: 0.3184, decode_scale_reg: 0.0004, decode_lambda_bound: 0.6150, decode_boundary_boost: 0.1150, aux.loss_ce: 0.0226, aux.acc_seg: 98.1896, loss: 0.3816
2026-05-12 04:07:20,236 - mmseg - INFO - Iter [35650/40000]	lr: 1.103e-05, eta: 1:05:27, time: 0.909, data_time: 0.009, memory: 22512, loss_decode: 0.3357, decode_ce: 0.0341, decode_dice: 0.0621, decode_lovasz: 0.1074, decode_boundary: 0.3066, decode_scale_reg: 0.0003, decode_lambda_bound: 0.6199, decode_boundary_boost: 0.1200, aux.loss_ce: 0.0212, aux.acc_seg: 98.2744, loss: 0.3570
2026-05-12 04:08:05,578 - mmseg - INFO - Iter [35700/40000]	lr: 1.091e-05, eta: 1:04:42, time: 0.907, data_time: 0.008, memory: 22512, loss_decode: 0.3694, decode_ce: 0.0391, decode_dice: 0.0857, decode_lovasz: 0.1250, decode_boundary: 0.3125, decode_scale_reg: 0.0005, decode_lambda_bound: 0.6200, decode_boundary_boost: 0.1200, aux.loss_ce: 0.0226, aux.acc_seg: 98.2015, loss: 0.3920
2026-05-12 04:08:50,968 - mmseg - INFO - Iter [35750/40000]	lr: 1.079e-05, eta: 1:03:57, time: 0.908, data_time: 0.008, memory: 22512, loss_decode: 0.3248, decode_ce: 0.0352, decode_dice: 0.0579, decode_lovasz: 0.1024, decode_boundary: 0.2965, decode_scale_reg: 0.0004, decode_lambda_bound: 0.6200, decode_boundary_boost: 0.1200, aux.loss_ce: 0.0214, aux.acc_seg: 98.3013, loss: 0.3463
2026-05-12 04:09:36,380 - mmseg - INFO - Iter [35800/40000]	lr: 1.067e-05, eta: 1:03:12, time: 0.908, data_time: 0.009, memory: 22512, loss_decode: 0.3305, decode_ce: 0.0336, decode_dice: 0.0577, decode_lovasz: 0.1015, decode_boundary: 0.3095, decode_scale_reg: 0.0003, decode_lambda_bound: 0.6200, decode_boundary_boost: 0.1200, aux.loss_ce: 0.0218, aux.acc_seg: 98.2493, loss: 0.3523
2026-05-12 04:10:21,729 - mmseg - INFO - Iter [35850/40000]	lr: 1.055e-05, eta: 1:02:27, time: 0.907, data_time: 0.008, memory: 22512, loss_decode: 0.3375, decode_ce: 0.0340, decode_dice: 0.0640, decode_lovasz: 0.1103, decode_boundary: 0.3046, decode_scale_reg: 0.0004, decode_lambda_bound: 0.6200, decode_boundary_boost: 0.1200, aux.loss_ce: 0.0205, aux.acc_seg: 98.3719, loss: 0.3580
2026-05-12 04:11:07,079 - mmseg - INFO - Iter [35900/40000]	lr: 1.043e-05, eta: 1:01:42, time: 0.907, data_time: 0.008, memory: 22512, loss_decode: 0.3375, decode_ce: 0.0358, decode_dice: 0.0626, decode_lovasz: 0.1057, decode_boundary: 0.3084, decode_scale_reg: 0.0004, decode_lambda_bound: 0.6200, decode_boundary_boost: 0.1200, aux.loss_ce: 0.0217, aux.acc_seg: 98.2752, loss: 0.3593
2026-05-12 04:11:52,442 - mmseg - INFO - Iter [35950/40000]	lr: 1.031e-05, eta: 1:00:57, time: 0.907, data_time: 0.009, memory: 22512, loss_decode: 0.3230, decode_ce: 0.0308, decode_dice: 0.0642, decode_lovasz: 0.1013, decode_boundary: 0.2969, decode_scale_reg: 0.0005, decode_lambda_bound: 0.6200, decode_boundary_boost: 0.1200, aux.loss_ce: 0.0196, aux.acc_seg: 98.4162, loss: 0.3426
2026-05-12 04:12:37,791 - mmseg - INFO - Saving checkpoint at 36000 iterations
2026-05-12 04:12:38,497 - mmseg - INFO - Exp name: uper_cosnet_specwaste_40k.py
2026-05-12 04:12:38,497 - mmseg - INFO - Iter [36000/40000]	lr: 1.019e-05, eta: 1:00:12, time: 0.921, data_time: 0.009, memory: 22512, loss_decode: 0.3427, decode_ce: 0.0353, decode_dice: 0.0662, decode_lovasz: 0.1103, decode_boundary: 0.3091, decode_scale_reg: 0.0005, decode_lambda_bound: 0.6200, decode_boundary_boost: 0.1200, aux.loss_ce: 0.0228, aux.acc_seg: 98.1708, loss: 0.3656
2026-05-12 04:12:47,617 - mmseg - INFO - per class results:
2026-05-12 04:12:47,618 - mmseg - INFO - 
+------------+-------+-------+
|   Class    |  IoU  |  Acc  |
+------------+-------+-------+
| background | 93.69 |  97.8 |
|    film    | 77.56 | 84.16 |
|   basket   |  84.2 | 87.98 |
| cardboard  |  81.6 | 83.01 |
| video_tape | 42.47 | 50.24 |
|  filament  | 65.55 | 69.63 |
|    bag     | 69.06 | 78.91 |
+------------+-------+-------+
2026-05-12 04:12:47,618 - mmseg - INFO - Summary:
2026-05-12 04:12:47,619 - mmseg - INFO - 
+-------+-------+-------+
|  aAcc |  mIoU |  mAcc |
+-------+-------+-------+
| 94.47 | 73.45 | 78.82 |
+-------+-------+-------+
2026-05-12 04:12:47,619 - mmseg - INFO - Exp name: uper_cosnet_specwaste_40k.py
2026-05-12 04:12:47,619 - mmseg - INFO - Iter(val) [171]	aAcc: 0.9447, mIoU: 0.7345, mAcc: 0.7882, IoU.background: 0.9369, IoU.film: 0.7756, IoU.basket: 0.8420, IoU.cardboard: 0.8160, IoU.video_tape: 0.4247, IoU.filament: 0.6555, IoU.bag: 0.6906, Acc.background: 0.9780, Acc.film: 0.8416, Acc.basket: 0.8798, Acc.cardboard: 0.8301, Acc.video_tape: 0.5024, Acc.filament: 0.6963, Acc.bag: 0.7891
2026-05-12 04:13:32,769 - mmseg - INFO - Iter [36050/40000]	lr: 1.007e-05, eta: 0:59:27, time: 1.085, data_time: 0.191, memory: 22512, loss_decode: 0.3300, decode_ce: 0.0326, decode_dice: 0.0592, decode_lovasz: 0.1037, decode_boundary: 0.3065, decode_scale_reg: 0.0004, decode_lambda_bound: 0.6200, decode_boundary_boost: 0.1200, aux.loss_ce: 0.0207, aux.acc_seg: 98.3316, loss: 0.3507
2026-05-12 04:14:18,188 - mmseg - INFO - Iter [36100/40000]	lr: 9.950e-06, eta: 0:58:42, time: 0.908, data_time: 0.008, memory: 22512, loss_decode: 0.3436, decode_ce: 0.0350, decode_dice: 0.0690, decode_lovasz: 0.1201, decode_boundary: 0.2968, decode_scale_reg: 0.0004, decode_lambda_bound: 0.6200, decode_boundary_boost: 0.1200, aux.loss_ce: 0.0215, aux.acc_seg: 98.3108, loss: 0.3651
2026-05-12 04:15:03,591 - mmseg - INFO - Iter [36150/40000]	lr: 9.830e-06, eta: 0:57:57, time: 0.908, data_time: 0.008, memory: 22512, loss_decode: 0.3404, decode_ce: 0.0347, decode_dice: 0.0702, decode_lovasz: 0.1109, decode_boundary: 0.3022, decode_scale_reg: 0.0003, decode_lambda_bound: 0.6200, decode_boundary_boost: 0.1200, aux.loss_ce: 0.0219, aux.acc_seg: 98.2406, loss: 0.3623
2026-05-12 04:15:48,998 - mmseg - INFO - Iter [36200/40000]	lr: 9.710e-06, eta: 0:57:12, time: 0.908, data_time: 0.009, memory: 22512, loss_decode: 0.3433, decode_ce: 0.0382, decode_dice: 0.0618, decode_lovasz: 0.1042, decode_boundary: 0.3163, decode_scale_reg: 0.0004, decode_lambda_bound: 0.6200, decode_boundary_boost: 0.1200, aux.loss_ce: 0.0240, aux.acc_seg: 98.0972, loss: 0.3673
2026-05-12 04:16:34,408 - mmseg - INFO - Iter [36250/40000]	lr: 9.589e-06, eta: 0:56:27, time: 0.908, data_time: 0.009, memory: 22512, loss_decode: 0.3271, decode_ce: 0.0345, decode_dice: 0.0591, decode_lovasz: 0.1047, decode_boundary: 0.2976, decode_scale_reg: 0.0006, decode_lambda_bound: 0.6200, decode_boundary_boost: 0.1200, aux.loss_ce: 0.0210, aux.acc_seg: 98.3452, loss: 0.3481
2026-05-12 04:17:19,850 - mmseg - INFO - Iter [36300/40000]	lr: 9.469e-06, eta: 0:55:42, time: 0.909, data_time: 0.008, memory: 22512, loss_decode: 0.3267, decode_ce: 0.0320, decode_dice: 0.0633, decode_lovasz: 0.1036, decode_boundary: 0.2990, decode_scale_reg: 0.0004, decode_lambda_bound: 0.6200, decode_boundary_boost: 0.1200, aux.loss_ce: 0.0202, aux.acc_seg: 98.3711, loss: 0.3469
2026-05-12 04:18:05,285 - mmseg - INFO - Iter [36350/40000]	lr: 9.349e-06, eta: 0:54:57, time: 0.909, data_time: 0.009, memory: 22512, loss_decode: 0.3284, decode_ce: 0.0325, decode_dice: 0.0642, decode_lovasz: 0.1049, decode_boundary: 0.2985, decode_scale_reg: 0.0003, decode_lambda_bound: 0.6200, decode_boundary_boost: 0.1200, aux.loss_ce: 0.0203, aux.acc_seg: 98.3504, loss: 0.3487
2026-05-12 04:18:50,713 - mmseg - INFO - Iter [36400/40000]	lr: 9.229e-06, eta: 0:54:11, time: 0.909, data_time: 0.009, memory: 22512, loss_decode: 0.3501, decode_ce: 0.0409, decode_dice: 0.0716, decode_lovasz: 0.1125, decode_boundary: 0.3049, decode_scale_reg: 0.0006, decode_lambda_bound: 0.6200, decode_boundary_boost: 0.1200, aux.loss_ce: 0.0221, aux.acc_seg: 98.2985, loss: 0.3722
2026-05-12 04:19:36,087 - mmseg - INFO - Iter [36450/40000]	lr: 9.108e-06, eta: 0:53:26, time: 0.907, data_time: 0.009, memory: 22512, loss_decode: 0.3274, decode_ce: 0.0335, decode_dice: 0.0599, decode_lovasz: 0.0997, decode_boundary: 0.3052, decode_scale_reg: 0.0004, decode_lambda_bound: 0.6200, decode_boundary_boost: 0.1200, aux.loss_ce: 0.0211, aux.acc_seg: 98.3049, loss: 0.3486
2026-05-12 04:20:21,437 - mmseg - INFO - Iter [36500/40000]	lr: 8.988e-06, eta: 0:52:41, time: 0.907, data_time: 0.008, memory: 22512, loss_decode: 0.3358, decode_ce: 0.0382, decode_dice: 0.0538, decode_lovasz: 0.0957, decode_boundary: 0.3208, decode_scale_reg: 0.0003, decode_lambda_bound: 0.6200, decode_boundary_boost: 0.1200, aux.loss_ce: 0.0235, aux.acc_seg: 98.1541, loss: 0.3593
2026-05-12 04:21:06,812 - mmseg - INFO - Iter [36550/40000]	lr: 8.867e-06, eta: 0:51:56, time: 0.907, data_time: 0.008, memory: 22512, loss_decode: 0.3386, decode_ce: 0.0365, decode_dice: 0.0598, decode_lovasz: 0.1048, decode_boundary: 0.3122, decode_scale_reg: 0.0004, decode_lambda_bound: 0.6200, decode_boundary_boost: 0.1200, aux.loss_ce: 0.0233, aux.acc_seg: 98.1585, loss: 0.3619
2026-05-12 04:21:52,189 - mmseg - INFO - Iter [36600/40000]	lr: 8.746e-06, eta: 0:51:11, time: 0.908, data_time: 0.009, memory: 22512, loss_decode: 0.3416, decode_ce: 0.0347, decode_dice: 0.0681, decode_lovasz: 0.1110, decode_boundary: 0.3057, decode_scale_reg: 0.0004, decode_lambda_bound: 0.6200, decode_boundary_boost: 0.1200, aux.loss_ce: 0.0217, aux.acc_seg: 98.2474, loss: 0.3633
2026-05-12 04:22:37,581 - mmseg - INFO - Iter [36650/40000]	lr: 8.625e-06, eta: 0:50:26, time: 0.908, data_time: 0.008, memory: 22512, loss_decode: 0.3430, decode_ce: 0.0339, decode_dice: 0.0755, decode_lovasz: 0.1143, decode_boundary: 0.2994, decode_scale_reg: 0.0005, decode_lambda_bound: 0.6200, decode_boundary_boost: 0.1200, aux.loss_ce: 0.0205, aux.acc_seg: 98.3892, loss: 0.3635
2026-05-12 04:23:22,922 - mmseg - INFO - Iter [36700/40000]	lr: 8.505e-06, eta: 0:49:41, time: 0.907, data_time: 0.008, memory: 22512, loss_decode: 0.3344, decode_ce: 0.0349, decode_dice: 0.0667, decode_lovasz: 0.1057, decode_boundary: 0.3014, decode_scale_reg: 0.0003, decode_lambda_bound: 0.6200, decode_boundary_boost: 0.1200, aux.loss_ce: 0.0214, aux.acc_seg: 98.2876, loss: 0.3559
2026-05-12 04:24:08,396 - mmseg - INFO - Iter [36750/40000]	lr: 8.384e-06, eta: 0:48:55, time: 0.909, data_time: 0.009, memory: 22512, loss_decode: 0.3258, decode_ce: 0.0340, decode_dice: 0.0670, decode_lovasz: 0.1021, decode_boundary: 0.2932, decode_scale_reg: 0.0004, decode_lambda_bound: 0.6200, decode_boundary_boost: 0.1200, aux.loss_ce: 0.0207, aux.acc_seg: 98.3758, loss: 0.3465
2026-05-12 04:24:53,777 - mmseg - INFO - Iter [36800/40000]	lr: 8.263e-06, eta: 0:48:10, time: 0.908, data_time: 0.008, memory: 22512, loss_decode: 0.3336, decode_ce: 0.0346, decode_dice: 0.0650, decode_lovasz: 0.1109, decode_boundary: 0.2958, decode_scale_reg: 0.0006, decode_lambda_bound: 0.6200, decode_boundary_boost: 0.1200, aux.loss_ce: 0.0215, aux.acc_seg: 98.3002, loss: 0.3551
2026-05-12 04:25:39,137 - mmseg - INFO - Iter [36850/40000]	lr: 8.141e-06, eta: 0:47:25, time: 0.907, data_time: 0.009, memory: 22512, loss_decode: 0.3377, decode_ce: 0.0364, decode_dice: 0.0570, decode_lovasz: 0.1030, decode_boundary: 0.3155, decode_scale_reg: 0.0005, decode_lambda_bound: 0.6200, decode_boundary_boost: 0.1200, aux.loss_ce: 0.0229, aux.acc_seg: 98.1664, loss: 0.3606
2026-05-12 04:26:24,496 - mmseg - INFO - Iter [36900/40000]	lr: 8.020e-06, eta: 0:46:40, time: 0.907, data_time: 0.008, memory: 22512, loss_decode: 0.3459, decode_ce: 0.0355, decode_dice: 0.0641, decode_lovasz: 0.1119, decode_boundary: 0.3137, decode_scale_reg: 0.0005, decode_lambda_bound: 0.6200, decode_boundary_boost: 0.1200, aux.loss_ce: 0.0226, aux.acc_seg: 98.1808, loss: 0.3686
2026-05-12 04:27:09,913 - mmseg - INFO - Iter [36950/40000]	lr: 7.899e-06, eta: 0:45:55, time: 0.908, data_time: 0.009, memory: 22512, loss_decode: 0.3404, decode_ce: 0.0350, decode_dice: 0.0676, decode_lovasz: 0.1064, decode_boundary: 0.3095, decode_scale_reg: 0.0004, decode_lambda_bound: 0.6200, decode_boundary_boost: 0.1200, aux.loss_ce: 0.0218, aux.acc_seg: 98.2546, loss: 0.3623
2026-05-12 04:27:55,329 - mmseg - INFO - Exp name: uper_cosnet_specwaste_40k.py
2026-05-12 04:27:55,329 - mmseg - INFO - Iter [37000/40000]	lr: 7.777e-06, eta: 0:45:10, time: 0.908, data_time: 0.008, memory: 22512, loss_decode: 0.3287, decode_ce: 0.0307, decode_dice: 0.0716, decode_lovasz: 0.1077, decode_boundary: 0.2927, decode_scale_reg: 0.0004, decode_lambda_bound: 0.6200, decode_boundary_boost: 0.1200, aux.loss_ce: 0.0199, aux.acc_seg: 98.3855, loss: 0.3486
2026-05-12 04:28:40,722 - mmseg - INFO - Iter [37050/40000]	lr: 7.656e-06, eta: 0:44:25, time: 0.908, data_time: 0.009, memory: 22512, loss_decode: 0.3310, decode_ce: 0.0301, decode_dice: 0.0693, decode_lovasz: 0.1124, decode_boundary: 0.2934, decode_scale_reg: 0.0005, decode_lambda_bound: 0.6200, decode_boundary_boost: 0.1200, aux.loss_ce: 0.0189, aux.acc_seg: 98.4666, loss: 0.3499
2026-05-12 04:29:26,167 - mmseg - INFO - Iter [37100/40000]	lr: 7.534e-06, eta: 0:43:39, time: 0.909, data_time: 0.009, memory: 22512, loss_decode: 0.3368, decode_ce: 0.0356, decode_dice: 0.0609, decode_lovasz: 0.1077, decode_boundary: 0.3062, decode_scale_reg: 0.0004, decode_lambda_bound: 0.6200, decode_boundary_boost: 0.1200, aux.loss_ce: 0.0216, aux.acc_seg: 98.2880, loss: 0.3583
2026-05-12 04:30:11,491 - mmseg - INFO - Iter [37150/40000]	lr: 7.412e-06, eta: 0:42:54, time: 0.906, data_time: 0.009, memory: 22512, loss_decode: 0.3151, decode_ce: 0.0318, decode_dice: 0.0570, decode_lovasz: 0.0994, decode_boundary: 0.2908, decode_scale_reg: 0.0005, decode_lambda_bound: 0.6200, decode_boundary_boost: 0.1200, aux.loss_ce: 0.0193, aux.acc_seg: 98.4769, loss: 0.3344
2026-05-12 04:30:56,856 - mmseg - INFO - Iter [37200/40000]	lr: 7.290e-06, eta: 0:42:09, time: 0.907, data_time: 0.009, memory: 22512, loss_decode: 0.3459, decode_ce: 0.0506, decode_dice: 0.0668, decode_lovasz: 0.1105, decode_boundary: 0.2888, decode_scale_reg: 0.0006, decode_lambda_bound: 0.6200, decode_boundary_boost: 0.1200, aux.loss_ce: 0.0211, aux.acc_seg: 98.3952, loss: 0.3670
2026-05-12 04:31:42,227 - mmseg - INFO - Iter [37250/40000]	lr: 7.168e-06, eta: 0:41:24, time: 0.907, data_time: 0.008, memory: 22512, loss_decode: 0.3195, decode_ce: 0.0305, decode_dice: 0.0604, decode_lovasz: 0.1048, decode_boundary: 0.2907, decode_scale_reg: 0.0004, decode_lambda_bound: 0.6200, decode_boundary_boost: 0.1200, aux.loss_ce: 0.0196, aux.acc_seg: 98.4284, loss: 0.3391
2026-05-12 04:32:27,608 - mmseg - INFO - Iter [37300/40000]	lr: 7.046e-06, eta: 0:40:39, time: 0.908, data_time: 0.008, memory: 22512, loss_decode: 0.3262, decode_ce: 0.0340, decode_dice: 0.0574, decode_lovasz: 0.1009, decode_boundary: 0.3028, decode_scale_reg: 0.0003, decode_lambda_bound: 0.6200, decode_boundary_boost: 0.1200, aux.loss_ce: 0.0217, aux.acc_seg: 98.2633, loss: 0.3479
2026-05-12 04:33:12,917 - mmseg - INFO - Iter [37350/40000]	lr: 6.924e-06, eta: 0:39:54, time: 0.906, data_time: 0.009, memory: 22512, loss_decode: 0.3286, decode_ce: 0.0345, decode_dice: 0.0551, decode_lovasz: 0.1009, decode_boundary: 0.3079, decode_scale_reg: 0.0006, decode_lambda_bound: 0.6200, decode_boundary_boost: 0.1200, aux.loss_ce: 0.0219, aux.acc_seg: 98.2543, loss: 0.3505
2026-05-12 04:33:58,330 - mmseg - INFO - Iter [37400/40000]	lr: 6.802e-06, eta: 0:39:08, time: 0.908, data_time: 0.009, memory: 22512, loss_decode: 0.3408, decode_ce: 0.0344, decode_dice: 0.0659, decode_lovasz: 0.1087, decode_boundary: 0.3095, decode_scale_reg: 0.0004, decode_lambda_bound: 0.6200, decode_boundary_boost: 0.1200, aux.loss_ce: 0.0219, aux.acc_seg: 98.2436, loss: 0.3627
2026-05-12 04:34:43,685 - mmseg - INFO - Iter [37450/40000]	lr: 6.679e-06, eta: 0:38:23, time: 0.907, data_time: 0.008, memory: 22512, loss_decode: 0.3396, decode_ce: 0.0372, decode_dice: 0.0572, decode_lovasz: 0.1011, decode_boundary: 0.3193, decode_scale_reg: 0.0003, decode_lambda_bound: 0.6200, decode_boundary_boost: 0.1200, aux.loss_ce: 0.0234, aux.acc_seg: 98.1456, loss: 0.3630
2026-05-12 04:35:29,087 - mmseg - INFO - Iter [37500/40000]	lr: 6.557e-06, eta: 0:37:38, time: 0.908, data_time: 0.008, memory: 22512, loss_decode: 0.3615, decode_ce: 0.0404, decode_dice: 0.0726, decode_lovasz: 0.1155, decode_boundary: 0.3196, decode_scale_reg: 0.0004, decode_lambda_bound: 0.6200, decode_boundary_boost: 0.1200, aux.loss_ce: 0.0241, aux.acc_seg: 98.1043, loss: 0.3856
2026-05-12 04:36:14,530 - mmseg - INFO - Iter [37550/40000]	lr: 6.434e-06, eta: 0:36:53, time: 0.909, data_time: 0.008, memory: 22512, loss_decode: 0.3288, decode_ce: 0.0352, decode_dice: 0.0583, decode_lovasz: 0.0974, decode_boundary: 0.3086, decode_scale_reg: 0.0003, decode_lambda_bound: 0.6200, decode_boundary_boost: 0.1200, aux.loss_ce: 0.0220, aux.acc_seg: 98.1791, loss: 0.3508
2026-05-12 04:36:59,933 - mmseg - INFO - Iter [37600/40000]	lr: 6.311e-06, eta: 0:36:08, time: 0.908, data_time: 0.009, memory: 22512, loss_decode: 0.3330, decode_ce: 0.0311, decode_dice: 0.0663, decode_lovasz: 0.1126, decode_boundary: 0.2972, decode_scale_reg: 0.0005, decode_lambda_bound: 0.6200, decode_boundary_boost: 0.1200, aux.loss_ce: 0.0205, aux.acc_seg: 98.3613, loss: 0.3535
2026-05-12 04:37:45,257 - mmseg - INFO - Iter [37650/40000]	lr: 6.188e-06, eta: 0:35:23, time: 0.906, data_time: 0.008, memory: 22512, loss_decode: 0.3293, decode_ce: 0.0318, decode_dice: 0.0626, decode_lovasz: 0.1096, decode_boundary: 0.2992, decode_scale_reg: 0.0003, decode_lambda_bound: 0.6151, decode_boundary_boost: 0.1150, aux.loss_ce: 0.0206, aux.acc_seg: 98.3646, loss: 0.3500
2026-05-12 04:38:30,670 - mmseg - INFO - Iter [37700/40000]	lr: 6.065e-06, eta: 0:34:37, time: 0.908, data_time: 0.008, memory: 22512, loss_decode: 0.3330, decode_ce: 0.0342, decode_dice: 0.0658, decode_lovasz: 0.1020, decode_boundary: 0.3080, decode_scale_reg: 0.0003, decode_lambda_bound: 0.6150, decode_boundary_boost: 0.1150, aux.loss_ce: 0.0219, aux.acc_seg: 98.2610, loss: 0.3550
2026-05-12 04:39:16,049 - mmseg - INFO - Iter [37750/40000]	lr: 5.942e-06, eta: 0:33:52, time: 0.908, data_time: 0.008, memory: 22512, loss_decode: 0.3412, decode_ce: 0.0361, decode_dice: 0.0711, decode_lovasz: 0.1132, decode_boundary: 0.3002, decode_scale_reg: 0.0004, decode_lambda_bound: 0.6150, decode_boundary_boost: 0.1150, aux.loss_ce: 0.0222, aux.acc_seg: 98.2635, loss: 0.3634
2026-05-12 04:40:01,503 - mmseg - INFO - Iter [37800/40000]	lr: 5.819e-06, eta: 0:33:07, time: 0.909, data_time: 0.009, memory: 22512, loss_decode: 0.3405, decode_ce: 0.0370, decode_dice: 0.0697, decode_lovasz: 0.1047, decode_boundary: 0.3091, decode_scale_reg: 0.0004, decode_lambda_bound: 0.6150, decode_boundary_boost: 0.1150, aux.loss_ce: 0.0216, aux.acc_seg: 98.3001, loss: 0.3621
2026-05-12 04:40:46,877 - mmseg - INFO - Iter [37850/40000]	lr: 5.695e-06, eta: 0:32:22, time: 0.907, data_time: 0.009, memory: 22512, loss_decode: 0.3267, decode_ce: 0.0323, decode_dice: 0.0606, decode_lovasz: 0.1041, decode_boundary: 0.3025, decode_scale_reg: 0.0002, decode_lambda_bound: 0.6150, decode_boundary_boost: 0.1150, aux.loss_ce: 0.0201, aux.acc_seg: 98.4023, loss: 0.3468
2026-05-12 04:41:32,209 - mmseg - INFO - Iter [37900/40000]	lr: 5.572e-06, eta: 0:31:37, time: 0.907, data_time: 0.009, memory: 22512, loss_decode: 0.3306, decode_ce: 0.0334, decode_dice: 0.0684, decode_lovasz: 0.1074, decode_boundary: 0.2968, decode_scale_reg: 0.0003, decode_lambda_bound: 0.6150, decode_boundary_boost: 0.1150, aux.loss_ce: 0.0210, aux.acc_seg: 98.3391, loss: 0.3516
2026-05-12 04:42:17,609 - mmseg - INFO - Iter [37950/40000]	lr: 5.448e-06, eta: 0:30:52, time: 0.908, data_time: 0.008, memory: 22512, loss_decode: 0.3167, decode_ce: 0.0302, decode_dice: 0.0598, decode_lovasz: 0.1037, decode_boundary: 0.2908, decode_scale_reg: 0.0004, decode_lambda_bound: 0.6150, decode_boundary_boost: 0.1150, aux.loss_ce: 0.0189, aux.acc_seg: 98.4832, loss: 0.3357
2026-05-12 04:43:02,962 - mmseg - INFO - Exp name: uper_cosnet_specwaste_40k.py
2026-05-12 04:43:02,963 - mmseg - INFO - Iter [38000/40000]	lr: 5.324e-06, eta: 0:30:06, time: 0.907, data_time: 0.009, memory: 22512, loss_decode: 0.3310, decode_ce: 0.0364, decode_dice: 0.0582, decode_lovasz: 0.1023, decode_boundary: 0.3069, decode_scale_reg: 0.0003, decode_lambda_bound: 0.6150, decode_boundary_boost: 0.1150, aux.loss_ce: 0.0222, aux.acc_seg: 98.2383, loss: 0.3532
2026-05-12 04:43:48,403 - mmseg - INFO - Iter [38050/40000]	lr: 5.200e-06, eta: 0:29:21, time: 0.909, data_time: 0.009, memory: 22512, loss_decode: 0.3216, decode_ce: 0.0306, decode_dice: 0.0623, decode_lovasz: 0.1069, decode_boundary: 0.2945, decode_scale_reg: 0.0003, decode_lambda_bound: 0.6101, decode_boundary_boost: 0.1100, aux.loss_ce: 0.0195, aux.acc_seg: 98.3994, loss: 0.3411
2026-05-12 04:44:33,790 - mmseg - INFO - Iter [38100/40000]	lr: 5.075e-06, eta: 0:28:36, time: 0.908, data_time: 0.008, memory: 22512, loss_decode: 0.3336, decode_ce: 0.0370, decode_dice: 0.0565, decode_lovasz: 0.0997, decode_boundary: 0.3173, decode_scale_reg: 0.0003, decode_lambda_bound: 0.6100, decode_boundary_boost: 0.1100, aux.loss_ce: 0.0231, aux.acc_seg: 98.1571, loss: 0.3567
2026-05-12 04:45:19,170 - mmseg - INFO - Iter [38150/40000]	lr: 4.951e-06, eta: 0:27:51, time: 0.908, data_time: 0.008, memory: 22512, loss_decode: 0.3321, decode_ce: 0.0329, decode_dice: 0.0630, decode_lovasz: 0.1036, decode_boundary: 0.3113, decode_scale_reg: 0.0004, decode_lambda_bound: 0.6100, decode_boundary_boost: 0.1100, aux.loss_ce: 0.0219, aux.acc_seg: 98.2310, loss: 0.3540
2026-05-12 04:46:04,553 - mmseg - INFO - Iter [38200/40000]	lr: 4.827e-06, eta: 0:27:06, time: 0.908, data_time: 0.008, memory: 22512, loss_decode: 0.3350, decode_ce: 0.0389, decode_dice: 0.0632, decode_lovasz: 0.1010, decode_boundary: 0.3094, decode_scale_reg: 0.0004, decode_lambda_bound: 0.6100, decode_boundary_boost: 0.1100, aux.loss_ce: 0.0234, aux.acc_seg: 98.1251, loss: 0.3584
2026-05-12 04:46:49,903 - mmseg - INFO - Iter [38250/40000]	lr: 4.702e-06, eta: 0:26:21, time: 0.907, data_time: 0.008, memory: 22512, loss_decode: 0.3097, decode_ce: 0.0301, decode_dice: 0.0511, decode_lovasz: 0.0935, decode_boundary: 0.3016, decode_scale_reg: 0.0003, decode_lambda_bound: 0.6100, decode_boundary_boost: 0.1100, aux.loss_ce: 0.0198, aux.acc_seg: 98.3958, loss: 0.3295
2026-05-12 04:47:35,440 - mmseg - INFO - Iter [38300/40000]	lr: 4.577e-06, eta: 0:25:36, time: 0.911, data_time: 0.009, memory: 22512, loss_decode: 0.3448, decode_ce: 0.0349, decode_dice: 0.0741, decode_lovasz: 0.1137, decode_boundary: 0.3075, decode_scale_reg: 0.0007, decode_lambda_bound: 0.6100, decode_boundary_boost: 0.1100, aux.loss_ce: 0.0220, aux.acc_seg: 98.1898, loss: 0.3669
2026-05-12 04:48:20,845 - mmseg - INFO - Iter [38350/40000]	lr: 4.452e-06, eta: 0:24:50, time: 0.908, data_time: 0.008, memory: 22512, loss_decode: 0.3493, decode_ce: 0.0390, decode_dice: 0.0755, decode_lovasz: 0.1114, decode_boundary: 0.3099, decode_scale_reg: 0.0005, decode_lambda_bound: 0.6100, decode_boundary_boost: 0.1100, aux.loss_ce: 0.0235, aux.acc_seg: 98.1650, loss: 0.3728
2026-05-12 04:49:06,206 - mmseg - INFO - Iter [38400/40000]	lr: 4.326e-06, eta: 0:24:05, time: 0.907, data_time: 0.008, memory: 22512, loss_decode: 0.3149, decode_ce: 0.0318, decode_dice: 0.0598, decode_lovasz: 0.0995, decode_boundary: 0.2926, decode_scale_reg: 0.0005, decode_lambda_bound: 0.6100, decode_boundary_boost: 0.1100, aux.loss_ce: 0.0195, aux.acc_seg: 98.4463, loss: 0.3344
2026-05-12 04:49:51,582 - mmseg - INFO - Iter [38450/40000]	lr: 4.201e-06, eta: 0:23:20, time: 0.908, data_time: 0.009, memory: 22512, loss_decode: 0.3450, decode_ce: 0.0373, decode_dice: 0.0630, decode_lovasz: 0.1092, decode_boundary: 0.3135, decode_scale_reg: 0.0004, decode_lambda_bound: 0.6198, decode_boundary_boost: 0.1200, aux.loss_ce: 0.0230, aux.acc_seg: 98.1714, loss: 0.3680
2026-05-12 04:50:37,001 - mmseg - INFO - Iter [38500/40000]	lr: 4.075e-06, eta: 0:22:35, time: 0.908, data_time: 0.008, memory: 22512, loss_decode: 0.3407, decode_ce: 0.0361, decode_dice: 0.0684, decode_lovasz: 0.1109, decode_boundary: 0.3020, decode_scale_reg: 0.0004, decode_lambda_bound: 0.6200, decode_boundary_boost: 0.1200, aux.loss_ce: 0.0223, aux.acc_seg: 98.2360, loss: 0.3630
2026-05-12 04:51:24,668 - mmseg - INFO - Iter [38550/40000]	lr: 3.949e-06, eta: 0:21:50, time: 0.953, data_time: 0.056, memory: 22512, loss_decode: 0.3218, decode_ce: 0.0294, decode_dice: 0.0598, decode_lovasz: 0.1056, decode_boundary: 0.2956, decode_scale_reg: 0.0004, decode_lambda_bound: 0.6200, decode_boundary_boost: 0.1200, aux.loss_ce: 0.0191, aux.acc_seg: 98.4424, loss: 0.3409
2026-05-12 04:52:09,984 - mmseg - INFO - Iter [38600/40000]	lr: 3.823e-06, eta: 0:21:05, time: 0.906, data_time: 0.008, memory: 22512, loss_decode: 0.3156, decode_ce: 0.0310, decode_dice: 0.0561, decode_lovasz: 0.0944, decode_boundary: 0.2996, decode_scale_reg: 0.0004, decode_lambda_bound: 0.6200, decode_boundary_boost: 0.1200, aux.loss_ce: 0.0208, aux.acc_seg: 98.3176, loss: 0.3363
2026-05-12 04:52:55,394 - mmseg - INFO - Iter [38650/40000]	lr: 3.697e-06, eta: 0:20:19, time: 0.908, data_time: 0.008, memory: 22512, loss_decode: 0.3264, decode_ce: 0.0328, decode_dice: 0.0587, decode_lovasz: 0.1008, decode_boundary: 0.3043, decode_scale_reg: 0.0004, decode_lambda_bound: 0.6200, decode_boundary_boost: 0.1200, aux.loss_ce: 0.0217, aux.acc_seg: 98.2556, loss: 0.3481
2026-05-12 04:53:40,807 - mmseg - INFO - Iter [38700/40000]	lr: 3.570e-06, eta: 0:19:34, time: 0.908, data_time: 0.008, memory: 22512, loss_decode: 0.3231, decode_ce: 0.0328, decode_dice: 0.0582, decode_lovasz: 0.0955, decode_boundary: 0.3057, decode_scale_reg: 0.0005, decode_lambda_bound: 0.6200, decode_boundary_boost: 0.1200, aux.loss_ce: 0.0205, aux.acc_seg: 98.3594, loss: 0.3435
2026-05-12 04:54:26,249 - mmseg - INFO - Iter [38750/40000]	lr: 3.443e-06, eta: 0:18:49, time: 0.909, data_time: 0.008, memory: 22512, loss_decode: 0.3242, decode_ce: 0.0313, decode_dice: 0.0652, decode_lovasz: 0.1017, decode_boundary: 0.2967, decode_scale_reg: 0.0005, decode_lambda_bound: 0.6200, decode_boundary_boost: 0.1200, aux.loss_ce: 0.0194, aux.acc_seg: 98.4656, loss: 0.3436
2026-05-12 04:55:11,559 - mmseg - INFO - Iter [38800/40000]	lr: 3.316e-06, eta: 0:18:04, time: 0.906, data_time: 0.008, memory: 22512, loss_decode: 0.3187, decode_ce: 0.0309, decode_dice: 0.0582, decode_lovasz: 0.0996, decode_boundary: 0.2968, decode_scale_reg: 0.0005, decode_lambda_bound: 0.6200, decode_boundary_boost: 0.1200, aux.loss_ce: 0.0197, aux.acc_seg: 98.4215, loss: 0.3384
2026-05-12 04:55:56,902 - mmseg - INFO - Iter [38850/40000]	lr: 3.189e-06, eta: 0:17:19, time: 0.907, data_time: 0.008, memory: 22512, loss_decode: 0.3332, decode_ce: 0.0345, decode_dice: 0.0615, decode_lovasz: 0.1036, decode_boundary: 0.3092, decode_scale_reg: 0.0005, decode_lambda_bound: 0.6151, decode_boundary_boost: 0.1150, aux.loss_ce: 0.0224, aux.acc_seg: 98.1784, loss: 0.3557
2026-05-12 04:56:42,270 - mmseg - INFO - Iter [38900/40000]	lr: 3.061e-06, eta: 0:16:34, time: 0.907, data_time: 0.009, memory: 22512, loss_decode: 0.3294, decode_ce: 0.0339, decode_dice: 0.0641, decode_lovasz: 0.1025, decode_boundary: 0.3035, decode_scale_reg: 0.0003, decode_lambda_bound: 0.6150, decode_boundary_boost: 0.1150, aux.loss_ce: 0.0210, aux.acc_seg: 98.3345, loss: 0.3505
2026-05-12 04:57:27,720 - mmseg - INFO - Iter [38950/40000]	lr: 2.934e-06, eta: 0:15:48, time: 0.909, data_time: 0.008, memory: 22512, loss_decode: 0.3531, decode_ce: 0.0371, decode_dice: 0.0758, decode_lovasz: 0.1180, decode_boundary: 0.3084, decode_scale_reg: 0.0004, decode_lambda_bound: 0.6150, decode_boundary_boost: 0.1150, aux.loss_ce: 0.0223, aux.acc_seg: 98.2167, loss: 0.3755
2026-05-12 04:58:13,094 - mmseg - INFO - Exp name: uper_cosnet_specwaste_40k.py
2026-05-12 04:58:13,094 - mmseg - INFO - Iter [39000/40000]	lr: 2.805e-06, eta: 0:15:03, time: 0.907, data_time: 0.008, memory: 22512, loss_decode: 0.3442, decode_ce: 0.0362, decode_dice: 0.0653, decode_lovasz: 0.1120, decode_boundary: 0.3110, decode_scale_reg: 0.0006, decode_lambda_bound: 0.6150, decode_boundary_boost: 0.1150, aux.loss_ce: 0.0228, aux.acc_seg: 98.1840, loss: 0.3670
2026-05-12 04:58:58,463 - mmseg - INFO - Iter [39050/40000]	lr: 2.677e-06, eta: 0:14:18, time: 0.907, data_time: 0.009, memory: 22512, loss_decode: 0.3318, decode_ce: 0.0310, decode_dice: 0.0700, decode_lovasz: 0.1136, decode_boundary: 0.2937, decode_scale_reg: 0.0004, decode_lambda_bound: 0.6150, decode_boundary_boost: 0.1150, aux.loss_ce: 0.0196, aux.acc_seg: 98.4206, loss: 0.3515
2026-05-12 04:59:43,941 - mmseg - INFO - Iter [39100/40000]	lr: 2.548e-06, eta: 0:13:33, time: 0.910, data_time: 0.008, memory: 22512, loss_decode: 0.3449, decode_ce: 0.0372, decode_dice: 0.0600, decode_lovasz: 0.1031, decode_boundary: 0.3258, decode_scale_reg: 0.0005, decode_lambda_bound: 0.6150, decode_boundary_boost: 0.1150, aux.loss_ce: 0.0236, aux.acc_seg: 98.1058, loss: 0.3685
2026-05-12 05:00:29,309 - mmseg - INFO - Iter [39150/40000]	lr: 2.419e-06, eta: 0:12:48, time: 0.907, data_time: 0.008, memory: 22512, loss_decode: 0.3451, decode_ce: 0.0363, decode_dice: 0.0569, decode_lovasz: 0.1024, decode_boundary: 0.3311, decode_scale_reg: 0.0005, decode_lambda_bound: 0.6150, decode_boundary_boost: 0.1150, aux.loss_ce: 0.0236, aux.acc_seg: 98.0851, loss: 0.3687
2026-05-12 05:01:14,690 - mmseg - INFO - Iter [39200/40000]	lr: 2.289e-06, eta: 0:12:02, time: 0.908, data_time: 0.008, memory: 22512, loss_decode: 0.3078, decode_ce: 0.0299, decode_dice: 0.0533, decode_lovasz: 0.0972, decode_boundary: 0.2900, decode_scale_reg: 0.0004, decode_lambda_bound: 0.6150, decode_boundary_boost: 0.1150, aux.loss_ce: 0.0194, aux.acc_seg: 98.4309, loss: 0.3271
2026-05-12 05:02:00,097 - mmseg - INFO - Iter [39250/40000]	lr: 2.159e-06, eta: 0:11:17, time: 0.908, data_time: 0.009, memory: 22512, loss_decode: 0.3215, decode_ce: 0.0320, decode_dice: 0.0586, decode_lovasz: 0.0984, decode_boundary: 0.3006, decode_scale_reg: 0.0005, decode_lambda_bound: 0.6199, decode_boundary_boost: 0.1200, aux.loss_ce: 0.0209, aux.acc_seg: 98.3076, loss: 0.3425
2026-05-12 05:02:45,499 - mmseg - INFO - Iter [39300/40000]	lr: 2.029e-06, eta: 0:10:32, time: 0.908, data_time: 0.009, memory: 22512, loss_decode: 0.3299, decode_ce: 0.0332, decode_dice: 0.0666, decode_lovasz: 0.1055, decode_boundary: 0.2972, decode_scale_reg: 0.0005, decode_lambda_bound: 0.6200, decode_boundary_boost: 0.1200, aux.loss_ce: 0.0218, aux.acc_seg: 98.2675, loss: 0.3517
2026-05-12 05:03:30,917 - mmseg - INFO - Iter [39350/40000]	lr: 1.898e-06, eta: 0:09:47, time: 0.908, data_time: 0.009, memory: 22512, loss_decode: 0.3592, decode_ce: 0.0413, decode_dice: 0.0721, decode_lovasz: 0.1191, decode_boundary: 0.3106, decode_scale_reg: 0.0006, decode_lambda_bound: 0.6200, decode_boundary_boost: 0.1200, aux.loss_ce: 0.0238, aux.acc_seg: 98.1373, loss: 0.3830
2026-05-12 05:04:16,294 - mmseg - INFO - Iter [39400/40000]	lr: 1.766e-06, eta: 0:09:02, time: 0.908, data_time: 0.009, memory: 22512, loss_decode: 0.3179, decode_ce: 0.0329, decode_dice: 0.0515, decode_lovasz: 0.0935, decode_boundary: 0.3050, decode_scale_reg: 0.0005, decode_lambda_bound: 0.6200, decode_boundary_boost: 0.1200, aux.loss_ce: 0.0210, aux.acc_seg: 98.3098, loss: 0.3390
2026-05-12 05:05:01,717 - mmseg - INFO - Iter [39450/40000]	lr: 1.634e-06, eta: 0:08:17, time: 0.908, data_time: 0.009, memory: 22512, loss_decode: 0.3205, decode_ce: 0.0306, decode_dice: 0.0593, decode_lovasz: 0.1007, decode_boundary: 0.2980, decode_scale_reg: 0.0003, decode_lambda_bound: 0.6200, decode_boundary_boost: 0.1200, aux.loss_ce: 0.0200, aux.acc_seg: 98.3915, loss: 0.3405
2026-05-12 05:05:47,152 - mmseg - INFO - Iter [39500/40000]	lr: 1.502e-06, eta: 0:07:31, time: 0.909, data_time: 0.009, memory: 22512, loss_decode: 0.3350, decode_ce: 0.0329, decode_dice: 0.0693, decode_lovasz: 0.1096, decode_boundary: 0.2987, decode_scale_reg: 0.0005, decode_lambda_bound: 0.6200, decode_boundary_boost: 0.1200, aux.loss_ce: 0.0205, aux.acc_seg: 98.3777, loss: 0.3555
2026-05-12 05:06:32,520 - mmseg - INFO - Iter [39550/40000]	lr: 1.368e-06, eta: 0:06:46, time: 0.907, data_time: 0.008, memory: 22512, loss_decode: 0.3421, decode_ce: 0.0401, decode_dice: 0.0622, decode_lovasz: 0.0996, decode_boundary: 0.3164, decode_scale_reg: 0.0007, decode_lambda_bound: 0.6200, decode_boundary_boost: 0.1200, aux.loss_ce: 0.0238, aux.acc_seg: 98.1345, loss: 0.3659
2026-05-12 05:07:17,946 - mmseg - INFO - Iter [39600/40000]	lr: 1.234e-06, eta: 0:06:01, time: 0.909, data_time: 0.008, memory: 22512, loss_decode: 0.3203, decode_ce: 0.0306, decode_dice: 0.0596, decode_lovasz: 0.1002, decode_boundary: 0.2980, decode_scale_reg: 0.0002, decode_lambda_bound: 0.6200, decode_boundary_boost: 0.1200, aux.loss_ce: 0.0200, aux.acc_seg: 98.3941, loss: 0.3404
2026-05-12 05:08:03,403 - mmseg - INFO - Iter [39650/40000]	lr: 1.100e-06, eta: 0:05:16, time: 0.909, data_time: 0.009, memory: 22512, loss_decode: 0.3385, decode_ce: 0.0347, decode_dice: 0.0598, decode_lovasz: 0.1059, decode_boundary: 0.3136, decode_scale_reg: 0.0005, decode_lambda_bound: 0.6200, decode_boundary_boost: 0.1200, aux.loss_ce: 0.0217, aux.acc_seg: 98.2577, loss: 0.3601
2026-05-12 05:08:48,824 - mmseg - INFO - Iter [39700/40000]	lr: 9.639e-07, eta: 0:04:31, time: 0.908, data_time: 0.008, memory: 22512, loss_decode: 0.3223, decode_ce: 0.0334, decode_dice: 0.0559, decode_lovasz: 0.0981, decode_boundary: 0.3021, decode_scale_reg: 0.0004, decode_lambda_bound: 0.6200, decode_boundary_boost: 0.1200, aux.loss_ce: 0.0214, aux.acc_seg: 98.3100, loss: 0.3437
2026-05-12 05:09:34,187 - mmseg - INFO - Iter [39750/40000]	lr: 8.269e-07, eta: 0:03:45, time: 0.907, data_time: 0.009, memory: 22512, loss_decode: 0.3360, decode_ce: 0.0333, decode_dice: 0.0697, decode_lovasz: 0.1095, decode_boundary: 0.2997, decode_scale_reg: 0.0004, decode_lambda_bound: 0.6200, decode_boundary_boost: 0.1200, aux.loss_ce: 0.0209, aux.acc_seg: 98.3239, loss: 0.3569
2026-05-12 05:10:19,592 - mmseg - INFO - Iter [39800/40000]	lr: 6.886e-07, eta: 0:03:00, time: 0.908, data_time: 0.008, memory: 22512, loss_decode: 0.3295, decode_ce: 0.0323, decode_dice: 0.0609, decode_lovasz: 0.1026, decode_boundary: 0.3061, decode_scale_reg: 0.0005, decode_lambda_bound: 0.6200, decode_boundary_boost: 0.1200, aux.loss_ce: 0.0211, aux.acc_seg: 98.3017, loss: 0.3506
2026-05-12 05:11:05,087 - mmseg - INFO - Iter [39850/40000]	lr: 5.486e-07, eta: 0:02:15, time: 0.910, data_time: 0.008, memory: 22512, loss_decode: 0.3384, decode_ce: 0.0357, decode_dice: 0.0641, decode_lovasz: 0.1083, decode_boundary: 0.3054, decode_scale_reg: 0.0005, decode_lambda_bound: 0.6200, decode_boundary_boost: 0.1200, aux.loss_ce: 0.0222, aux.acc_seg: 98.2397, loss: 0.3605
2026-05-12 05:11:50,460 - mmseg - INFO - Iter [39900/40000]	lr: 4.061e-07, eta: 0:01:30, time: 0.907, data_time: 0.008, memory: 22512, loss_decode: 0.3302, decode_ce: 0.0350, decode_dice: 0.0622, decode_lovasz: 0.1021, decode_boundary: 0.3023, decode_scale_reg: 0.0004, decode_lambda_bound: 0.6200, decode_boundary_boost: 0.1200, aux.loss_ce: 0.0216, aux.acc_seg: 98.2842, loss: 0.3518
2026-05-12 05:12:35,903 - mmseg - INFO - Iter [39950/40000]	lr: 2.600e-07, eta: 0:00:45, time: 0.909, data_time: 0.009, memory: 22512, loss_decode: 0.3286, decode_ce: 0.0334, decode_dice: 0.0605, decode_lovasz: 0.1070, decode_boundary: 0.2978, decode_scale_reg: 0.0004, decode_lambda_bound: 0.6200, decode_boundary_boost: 0.1200, aux.loss_ce: 0.0208, aux.acc_seg: 98.3473, loss: 0.3494
2026-05-12 05:13:21,332 - mmseg - INFO - Saving checkpoint at 40000 iterations
2026-05-12 05:13:22,056 - mmseg - INFO - Exp name: uper_cosnet_specwaste_40k.py
2026-05-12 05:13:22,056 - mmseg - INFO - Iter [40000/40000]	lr: 1.038e-07, eta: 0:00:00, time: 0.923, data_time: 0.008, memory: 22512, loss_decode: 0.3427, decode_ce: 0.0356, decode_dice: 0.0666, decode_lovasz: 0.1089, decode_boundary: 0.3099, decode_scale_reg: 0.0003, decode_lambda_bound: 0.6200, decode_boundary_boost: 0.1200, aux.loss_ce: 0.0217, aux.acc_seg: 98.2830, loss: 0.3644
2026-05-12 05:13:31,104 - mmseg - INFO - per class results:
2026-05-12 05:13:31,104 - mmseg - INFO - 
+------------+-------+-------+
|   Class    |  IoU  |  Acc  |
+------------+-------+-------+
| background | 93.74 | 97.75 |
|    film    | 75.77 | 81.76 |
|   basket   | 84.64 | 88.17 |
| cardboard  | 82.01 | 83.87 |
| video_tape | 43.37 | 51.85 |
|  filament  | 66.24 | 70.12 |
|    bag     | 67.62 | 79.48 |
+------------+-------+-------+
2026-05-12 05:13:31,104 - mmseg - INFO - Summary:
2026-05-12 05:13:31,104 - mmseg - INFO - 
+-------+-------+------+
|  aAcc |  mIoU | mAcc |
+-------+-------+------+
| 94.33 | 73.34 | 79.0 |
+-------+-------+------+
2026-05-12 05:13:31,105 - mmseg - INFO - Exp name: uper_cosnet_specwaste_40k.py
2026-05-12 05:13:31,105 - mmseg - INFO - Iter(val) [171]	aAcc: 0.9433, mIoU: 0.7334, mAcc: 0.7900, IoU.background: 0.9374, IoU.film: 0.7577, IoU.basket: 0.8464, IoU.cardboard: 0.8201, IoU.video_tape: 0.4337, IoU.filament: 0.6624, IoU.bag: 0.6762, Acc.background: 0.9775, Acc.film: 0.8176, Acc.basket: 0.8817, Acc.cardboard: 0.8387, Acc.video_tape: 0.5185, Acc.filament: 0.7012, Acc.bag: 0.7948
