2026-05-11 07:18:00,607 - mmseg - INFO - Environment info:
------------------------------------------------------------
sys.platform: linux
Python: 3.8.20 (default, Sep  7 2024, 18:35:07) [GCC 13.2.0]
CUDA available: True
GPU 0: Quadro RTX 6000
CUDA_HOME: /usr/local/cuda
NVCC: Cuda compilation tools, release 12.1, V12.1.66
GCC: x86_64-linux-gnu-gcc (Ubuntu 13.3.0-6ubuntu2~24.04.1) 13.3.0
PyTorch: 1.13.1+cu117
PyTorch compiling details: PyTorch built with:
  - GCC 9.3
  - C++ Version: 201402
  - Intel(R) Math Kernel Library Version 2020.0.0 Product Build 20191122 for Intel(R) 64 architecture applications
  - Intel(R) MKL-DNN v2.6.0 (Git Hash 52b5f107dd9cf10910aaa19cb47f3abf9b349815)
  - OpenMP 201511 (a.k.a. OpenMP 4.5)
  - LAPACK is enabled (usually provided by MKL)
  - NNPACK is enabled
  - CPU capability usage: AVX2
  - CUDA Runtime 11.7
  - NVCC architecture flags: -gencode;arch=compute_37,code=sm_37;-gencode;arch=compute_50,code=sm_50;-gencode;arch=compute_60,code=sm_60;-gencode;arch=compute_70,code=sm_70;-gencode;arch=compute_75,code=sm_75;-gencode;arch=compute_80,code=sm_80;-gencode;arch=compute_86,code=sm_86
  - CuDNN 8.5
  - Magma 2.6.1
  - Build settings: BLAS_INFO=mkl, BUILD_TYPE=Release, CUDA_VERSION=11.7, CUDNN_VERSION=8.5.0, CXX_COMPILER=/opt/rh/devtoolset-9/root/usr/bin/c++, CXX_FLAGS= -fabi-version=11 -Wno-deprecated -fvisibility-inlines-hidden -DUSE_PTHREADPOOL -fopenmp -DNDEBUG -DUSE_KINETO -DUSE_FBGEMM -DUSE_QNNPACK -DUSE_PYTORCH_QNNPACK -DUSE_XNNPACK -DSYMBOLICATE_MOBILE_DEBUG_HANDLE -DEDGE_PROFILER_USE_KINETO -O2 -fPIC -Wno-narrowing -Wall -Wextra -Werror=return-type -Werror=non-virtual-dtor -Wno-missing-field-initializers -Wno-type-limits -Wno-array-bounds -Wno-unknown-pragmas -Wunused-local-typedefs -Wno-unused-parameter -Wno-unused-function -Wno-unused-result -Wno-strict-overflow -Wno-strict-aliasing -Wno-error=deprecated-declarations -Wno-stringop-overflow -Wno-psabi -Wno-error=pedantic -Wno-error=redundant-decls -Wno-error=old-style-cast -fdiagnostics-color=always -faligned-new -Wno-unused-but-set-variable -Wno-maybe-uninitialized -fno-math-errno -fno-trapping-math -Werror=format -Werror=cast-function-type -Wno-stringop-overflow, LAPACK_INFO=mkl, PERF_WITH_AVX=1, PERF_WITH_AVX2=1, PERF_WITH_AVX512=1, TORCH_VERSION=1.13.1, USE_CUDA=ON, USE_CUDNN=ON, USE_EXCEPTION_PTR=1, USE_GFLAGS=OFF, USE_GLOG=OFF, USE_MKL=ON, USE_MKLDNN=ON, USE_MPI=OFF, USE_NCCL=ON, USE_NNPACK=ON, USE_OPENMP=ON, USE_ROCM=OFF, 

TorchVision: 0.14.1+cu117
OpenCV: 4.13.0
MMCV: 1.7.1
MMCV Compiler: GCC 9.3
MMCV CUDA Compiler: 11.7
MMSegmentation: 0.30.0+8a3d312
------------------------------------------------------------

2026-05-11 07:18:00,607 - mmseg - INFO - Distributed training: False
2026-05-11 07:18:01,520 - mmseg - INFO - Config:
checkpoint_config = dict(by_epoch=False, interval=4000)
crop_size = (
    512,
    512,
)
cudnn_benchmark = True
data = dict(
    samples_per_gpu=8,
    test=dict(
        ann_dir='test/sem_seg',
        data_root=
        '/home/mtech2025/Documents/sdc1/zerowaste-f-final/splits_final_deblurred',
        img_dir='test/data',
        pipeline=[
            dict(type='LoadImageFromFile'),
            dict(
                flip=False,
                img_scale=(
                    2048,
                    512,
                ),
                transforms=[
                    dict(keep_ratio=True, size_divisor=32, type='AlignResize'),
                    dict(type='RandomFlip'),
                    dict(
                        mean=[
                            123.675,
                            116.28,
                            103.53,
                        ],
                        std=[
                            58.395,
                            57.12,
                            57.375,
                        ],
                        to_rgb=True,
                        type='Normalize'),
                    dict(keys=[
                        'img',
                    ], type='ImageToTensor'),
                    dict(keys=[
                        'img',
                    ], type='Collect'),
                ],
                type='MultiScaleFlipAug'),
        ],
        type='ZeroWasteDataset'),
    train=dict(
        dataset=dict(
            ann_dir='train/sem_seg',
            data_root=
            '/home/mtech2025/Documents/sdc1/zerowaste-f-final/splits_final_deblurred',
            img_dir='train/data',
            pipeline=[
                dict(type='LoadImageFromFile'),
                dict(reduce_zero_label=False, type='LoadAnnotations'),
                dict(
                    img_scale=(
                        2048,
                        512,
                    ),
                    ratio_range=(
                        0.5,
                        2.0,
                    ),
                    type='Resize'),
                dict(
                    cat_max_ratio=0.75,
                    crop_size=(
                        512,
                        512,
                    ),
                    type='RandomCrop'),
                dict(prob=0.5, type='RandomFlip'),
                dict(type='PhotoMetricDistortion'),
                dict(
                    mean=[
                        123.675,
                        116.28,
                        103.53,
                    ],
                    std=[
                        58.395,
                        57.12,
                        57.375,
                    ],
                    to_rgb=True,
                    type='Normalize'),
                dict(
                    pad_val=0, seg_pad_val=255, size=(
                        512,
                        512,
                    ), type='Pad'),
                dict(type='DefaultFormatBundle'),
                dict(keys=[
                    'img',
                    'gt_semantic_seg',
                ], type='Collect'),
            ],
            type='ZeroWasteDataset'),
        times=50,
        type='RepeatDataset'),
    val=dict(
        ann_dir='val/sem_seg',
        data_root=
        '/home/mtech2025/Documents/sdc1/zerowaste-f-final/splits_final_deblurred',
        img_dir='val/data',
        pipeline=[
            dict(type='LoadImageFromFile'),
            dict(
                flip=False,
                img_scale=(
                    2048,
                    512,
                ),
                transforms=[
                    dict(keep_ratio=True, size_divisor=32, type='AlignResize'),
                    dict(type='RandomFlip'),
                    dict(
                        mean=[
                            123.675,
                            116.28,
                            103.53,
                        ],
                        std=[
                            58.395,
                            57.12,
                            57.375,
                        ],
                        to_rgb=True,
                        type='Normalize'),
                    dict(keys=[
                        'img',
                    ], type='ImageToTensor'),
                    dict(keys=[
                        'img',
                    ], type='Collect'),
                ],
                type='MultiScaleFlipAug'),
        ],
        type='ZeroWasteDataset'),
    workers_per_gpu=2)
data_root = '/home/mtech2025/Documents/sdc1/zerowaste-f-final/splits_final_deblurred'
dataset_type = 'ZeroWasteDataset'
device = 'cuda'
dist_params = dict(backend='nccl')
evaluation = dict(interval=4000, metric='mIoU', save_best='mIoU')
gpu_ids = range(0, 1)
gpu_multiples = 1
img_norm_cfg = dict(
    mean=[
        123.675,
        116.28,
        103.53,
    ],
    std=[
        58.395,
        57.12,
        57.375,
    ],
    to_rgb=True)
load_from = 'pretrain/cosnet_spectral_waste_iter_40000.pth'
log_config = dict(
    hooks=[
        dict(by_epoch=False, type='TextLoggerHook'),
    ], interval=50)
log_level = 'INFO'
lr_config = dict(
    by_epoch=False,
    min_lr=1e-07,
    policy='poly',
    power=0.95,
    warmup='linear',
    warmup_iters=1500,
    warmup_ratio=1e-06)
model = dict(
    adaptive_boundary_cfg=dict(
        decay_on_improve=0.5,
        enabled=True,
        max_lambda_bound=0.5,
        max_plateau_boost=0.12,
        min_lambda_bound=0.2,
        plateau_boost=0.01,
        plateau_delta=0.0005,
        plateau_window=400,
        warmup_iters=12000),
    auxiliary_head=dict(
        align_corners=False,
        channels=256,
        concat_input=False,
        dropout_ratio=0.1,
        in_channels=288,
        in_index=2,
        loss_decode=dict(
            avg_non_ignore=True,
            loss_weight=0.5,
            type='CrossEntropyLoss',
            use_sigmoid=False),
        norm_cfg=dict(requires_grad=True, type='BN'),
        num_classes=5,
        num_convs=1,
        type='FCNHead'),
    backbone=dict(
        contract_dilation=True,
        depth=50,
        depths=[
            3,
            3,
            12,
            3,
        ],
        dilations=(
            1,
            1,
            1,
            1,
        ),
        mba_pool_scales=(
            1,
            2,
            4,
        ),
        mba_reduction=4,
        norm_cfg=dict(requires_grad=True, type='SyncBN'),
        norm_eval=False,
        num_stages=4,
        out_indices=(
            0,
            1,
            2,
            3,
            4,
        ),
        strides=(
            1,
            2,
            2,
            2,
        ),
        style='pytorch',
        type='COSNet'),
    combined_loss_cfg=dict(
        dilation_r=3,
        ignore_index=255,
        lambda_bound=0.4,
        lambda_dice=0.5,
        lambda_lovasz=0.75,
        lambda_scale=0.02,
        pos_weight=3.0),
    decode_head=dict(
        align_corners=False,
        channels=256,
        dropout_ratio=0.1,
        in_channels=[
            72,
            144,
            288,
            576,
        ],
        in_index=[
            0,
            1,
            2,
            3,
        ],
        loss_decode=dict(
            avg_non_ignore=True,
            loss_weight=1.0,
            type='CrossEntropyLoss',
            use_sigmoid=False),
        norm_cfg=dict(requires_grad=True, type='BN'),
        num_classes=5,
        pool_scales=(
            1,
            2,
            3,
            6,
        ),
        type='UPerHead'),
    pretrained='',
    test_cfg=dict(mode='whole'),
    train_cfg=dict(),
    type='COSNetEncoderDecoder')
norm_cfg = dict(requires_grad=True, type='BN')
optimizer = dict(
    betas=(
        0.9,
        0.999,
    ), lr=9e-05, type='AdamW', weight_decay=0.001)
optimizer_config = dict()
resume_from = None
runner = dict(max_iters=40000, type='IterBasedRunner')
test_pipeline = [
    dict(type='LoadImageFromFile'),
    dict(
        flip=False,
        img_scale=(
            2048,
            512,
        ),
        transforms=[
            dict(keep_ratio=True, size_divisor=32, type='AlignResize'),
            dict(type='RandomFlip'),
            dict(
                mean=[
                    123.675,
                    116.28,
                    103.53,
                ],
                std=[
                    58.395,
                    57.12,
                    57.375,
                ],
                to_rgb=True,
                type='Normalize'),
            dict(keys=[
                'img',
            ], type='ImageToTensor'),
            dict(keys=[
                'img',
            ], type='Collect'),
        ],
        type='MultiScaleFlipAug'),
]
train_pipeline = [
    dict(type='LoadImageFromFile'),
    dict(reduce_zero_label=False, type='LoadAnnotations'),
    dict(img_scale=(
        2048,
        512,
    ), ratio_range=(
        0.5,
        2.0,
    ), type='Resize'),
    dict(cat_max_ratio=0.75, crop_size=(
        512,
        512,
    ), type='RandomCrop'),
    dict(prob=0.5, type='RandomFlip'),
    dict(type='PhotoMetricDistortion'),
    dict(
        mean=[
            123.675,
            116.28,
            103.53,
        ],
        std=[
            58.395,
            57.12,
            57.375,
        ],
        to_rgb=True,
        type='Normalize'),
    dict(pad_val=0, seg_pad_val=255, size=(
        512,
        512,
    ), type='Pad'),
    dict(type='DefaultFormatBundle'),
    dict(keys=[
        'img',
        'gt_semantic_seg',
    ], type='Collect'),
]
work_dir = 'zerowaste_logs/40k_mba_test_sc/'
workflow = [
    (
        'train',
        1,
    ),
]

2026-05-11 07:18:01,520 - mmseg - INFO - Set random seed to 48, deterministic: False
2026-05-11 07:18:02,082 - mmseg - INFO - Model architecture printing disabled by --no-print-model
2026-05-11 07:18:02,087 - mmseg - INFO - Checkpoint loaded from pretrain/cosnet_spectral_waste_iter_40000.pth (697/742 target layers matched).
2026-05-11 07:18:02,087 - mmseg - WARNING - Found 4 shape-mismatched layers while loading pretrain/cosnet_spectral_waste_iter_40000.pth.
2026-05-11 07:18:02,088 - mmseg - WARNING - Shape mismatch: decode_head.conv_seg.weight checkpoint(7, 256, 1, 1) vs model(5, 256, 1, 1)
2026-05-11 07:18:02,088 - mmseg - WARNING - Shape mismatch: decode_head.conv_seg.bias checkpoint(7,) vs model(5,)
2026-05-11 07:18:02,088 - mmseg - WARNING - Shape mismatch: auxiliary_head.conv_seg.weight checkpoint(7, 256, 1, 1) vs model(5, 256, 1, 1)
2026-05-11 07:18:02,088 - mmseg - WARNING - Shape mismatch: auxiliary_head.conv_seg.bias checkpoint(7,) vs model(5,)
2026-05-11 07:18:02,088 - mmseg - WARNING - Found 45 model layers not loaded from pretrain/cosnet_spectral_waste_iter_40000.pth.
2026-05-11 07:18:02,088 - mmseg - WARNING - Not loaded: auxiliary_head.conv_seg.bias
2026-05-11 07:18:02,088 - mmseg - WARNING - Not loaded: auxiliary_head.conv_seg.weight
2026-05-11 07:18:02,088 - mmseg - WARNING - Not loaded: backbone.hdr_layer.boundary_head.bias
2026-05-11 07:18:02,088 - mmseg - WARNING - Not loaded: backbone.hdr_layer.boundary_head.weight
2026-05-11 07:18:02,088 - mmseg - WARNING - Not loaded: backbone.hdr_layer.ctx_conv.0.weight
2026-05-11 07:18:02,088 - mmseg - WARNING - Not loaded: backbone.hdr_layer.ctx_conv.1.weight
2026-05-11 07:18:02,088 - mmseg - WARNING - Not loaded: backbone.hdr_layer.ctx_conv.2.bias
2026-05-11 07:18:02,088 - mmseg - WARNING - Not loaded: backbone.hdr_layer.ctx_conv.2.num_batches_tracked
2026-05-11 07:18:02,088 - mmseg - WARNING - Not loaded: backbone.hdr_layer.ctx_conv.2.running_mean
2026-05-11 07:18:02,088 - mmseg - WARNING - Not loaded: backbone.hdr_layer.ctx_conv.2.running_var
2026-05-11 07:18:02,088 - mmseg - WARNING - Not loaded: backbone.hdr_layer.ctx_conv.2.weight
2026-05-11 07:18:02,088 - mmseg - WARNING - Not loaded: backbone.hdr_layer.edge_convs.0.0.weight
2026-05-11 07:18:02,088 - mmseg - WARNING - Not loaded: backbone.hdr_layer.edge_convs.0.1.weight
2026-05-11 07:18:02,088 - mmseg - WARNING - Not loaded: backbone.hdr_layer.edge_convs.0.2.bias
2026-05-11 07:18:02,088 - mmseg - WARNING - Not loaded: backbone.hdr_layer.edge_convs.0.2.num_batches_tracked
2026-05-11 07:18:02,088 - mmseg - WARNING - Not loaded: backbone.hdr_layer.edge_convs.0.2.running_mean
2026-05-11 07:18:02,088 - mmseg - WARNING - Not loaded: backbone.hdr_layer.edge_convs.0.2.running_var
2026-05-11 07:18:02,088 - mmseg - WARNING - Not loaded: backbone.hdr_layer.edge_convs.0.2.weight
2026-05-11 07:18:02,088 - mmseg - WARNING - Not loaded: backbone.hdr_layer.edge_convs.1.0.weight
2026-05-11 07:18:02,089 - mmseg - WARNING - Not loaded: backbone.hdr_layer.edge_convs.1.1.weight
2026-05-11 07:18:02,089 - mmseg - WARNING - ... and 25 more missing layers.
2026-05-11 07:18:02,128 - mmseg - INFO - Loaded 3002 images
2026-05-11 07:18:04,008 - mmseg - INFO - Loaded 572 images
2026-05-11 07:18:04,009 - mmseg - INFO - load checkpoint from local path: pretrain/cosnet_spectral_waste_iter_40000.pth
2026-05-11 07:18:04,375 - mmseg - WARNING - The model and loaded state dict do not match exactly

size mismatch for decode_head.conv_seg.weight: copying a param with shape torch.Size([7, 256, 1, 1]) from checkpoint, the shape in current model is torch.Size([5, 256, 1, 1]).
size mismatch for decode_head.conv_seg.bias: copying a param with shape torch.Size([7]) from checkpoint, the shape in current model is torch.Size([5]).
size mismatch for auxiliary_head.conv_seg.weight: copying a param with shape torch.Size([7, 256, 1, 1]) from checkpoint, the shape in current model is torch.Size([5, 256, 1, 1]).
size mismatch for auxiliary_head.conv_seg.bias: copying a param with shape torch.Size([7]) from checkpoint, the shape in current model is torch.Size([5]).
unexpected key in source state_dict: backbone.hdr_layer.conv.weight, backbone.hdr_layer.conv.bias

missing keys in source state_dict: backbone.hdr_layer.edge_convs.0.0.weight, backbone.hdr_layer.edge_convs.0.1.weight, backbone.hdr_layer.edge_convs.0.2.weight, backbone.hdr_layer.edge_convs.0.2.bias, backbone.hdr_layer.edge_convs.0.2.running_mean, backbone.hdr_layer.edge_convs.0.2.running_var, backbone.hdr_layer.edge_convs.1.0.weight, backbone.hdr_layer.edge_convs.1.1.weight, backbone.hdr_layer.edge_convs.1.2.weight, backbone.hdr_layer.edge_convs.1.2.bias, backbone.hdr_layer.edge_convs.1.2.running_mean, backbone.hdr_layer.edge_convs.1.2.running_var, backbone.hdr_layer.edge_convs.2.0.weight, backbone.hdr_layer.edge_convs.2.1.weight, backbone.hdr_layer.edge_convs.2.2.weight, backbone.hdr_layer.edge_convs.2.2.bias, backbone.hdr_layer.edge_convs.2.2.running_mean, backbone.hdr_layer.edge_convs.2.2.running_var, backbone.hdr_layer.scale_attn.0.weight, backbone.hdr_layer.scale_attn.2.weight, backbone.hdr_layer.scale_attn.2.bias, backbone.hdr_layer.ctx_conv.0.weight, backbone.hdr_layer.ctx_conv.1.weight, backbone.hdr_layer.ctx_conv.2.weight, backbone.hdr_layer.ctx_conv.2.bias, backbone.hdr_layer.ctx_conv.2.running_mean, backbone.hdr_layer.ctx_conv.2.running_var, backbone.hdr_layer.edge_gate.weight, backbone.hdr_layer.edge_gate.bias, backbone.hdr_layer.boundary_head.weight, backbone.hdr_layer.boundary_head.bias, backbone.hdr_layer.fuse.0.weight, backbone.hdr_layer.fuse.1.weight, backbone.hdr_layer.fuse.1.bias, backbone.hdr_layer.fuse.1.running_mean, backbone.hdr_layer.fuse.1.running_var

2026-05-11 07:18:04,377 - mmseg - INFO - Start running, host: mtech2025@mnit-prashant, work_dir: /home/mtech2025/Documents/sdc1/project_CosNet/prog_lab_cosnet/zerowaste_logs/40k_mba_test_sc
2026-05-11 07:18:04,377 - mmseg - INFO - Hooks will be executed in the following order:
before_run:
(VERY_HIGH   ) PolyLrUpdaterHook                  
(NORMAL      ) CheckpointHook                     
(LOW         ) EvalHook                           
(VERY_LOW    ) TextLoggerHook                     
 -------------------- 
before_train_epoch:
(VERY_HIGH   ) PolyLrUpdaterHook                  
(LOW         ) IterTimerHook                      
(LOW         ) EvalHook                           
(VERY_LOW    ) TextLoggerHook                     
 -------------------- 
before_train_iter:
(VERY_HIGH   ) PolyLrUpdaterHook                  
(LOW         ) IterTimerHook                      
(LOW         ) EvalHook                           
 -------------------- 
after_train_iter:
(ABOVE_NORMAL) OptimizerHook                      
(NORMAL      ) CheckpointHook                     
(LOW         ) IterTimerHook                      
(LOW         ) EvalHook                           
(VERY_LOW    ) TextLoggerHook                     
 -------------------- 
after_train_epoch:
(NORMAL      ) CheckpointHook                     
(LOW         ) EvalHook                           
(VERY_LOW    ) TextLoggerHook                     
 -------------------- 
before_val_epoch:
(LOW         ) IterTimerHook                      
(VERY_LOW    ) TextLoggerHook                     
 -------------------- 
before_val_iter:
(LOW         ) IterTimerHook                      
 -------------------- 
after_val_iter:
(LOW         ) IterTimerHook                      
 -------------------- 
after_val_epoch:
(VERY_LOW    ) TextLoggerHook                     
 -------------------- 
after_run:
(VERY_LOW    ) TextLoggerHook                     
 -------------------- 
2026-05-11 07:18:04,377 - mmseg - INFO - workflow: [('train', 1)], max: 40000 iters
2026-05-11 07:18:04,377 - mmseg - INFO - Checkpoints will be saved to /home/mtech2025/Documents/sdc1/project_CosNet/prog_lab_cosnet/zerowaste_logs/40k_mba_test_sc by HardDiskBackend.
2026-05-11 07:18:59,133 - mmseg - INFO - Iter [50/40000]	lr: 2.937e-06, eta: 12:07:25, time: 1.092, data_time: 0.025, memory: 21505, loss_decode: 2.8958, decode_ce: 1.6783, decode_dice: 0.9287, decode_lovasz: 0.7907, decode_boundary: 0.7682, decode_scale_reg: 0.3011, decode_lambda_bound: 0.2006, decode_boundary_boost: 0.0000, aux.loss_ce: 0.7000, aux.acc_seg: 52.4451, loss: 3.5959
2026-05-11 07:19:47,764 - mmseg - INFO - Iter [100/40000]	lr: 5.926e-06, eta: 11:26:38, time: 0.973, data_time: 0.008, memory: 21505, loss_decode: 2.7494, decode_ce: 1.5505, decode_dice: 0.9178, decode_lovasz: 0.7736, decode_boundary: 0.7615, decode_scale_reg: 0.3011, decode_lambda_bound: 0.2019, decode_boundary_boost: 0.0000, aux.loss_ce: 0.6587, aux.acc_seg: 59.2958, loss: 3.4080
2026-05-11 07:20:35,880 - mmseg - INFO - Iter [150/40000]	lr: 8.908e-06, eta: 11:10:14, time: 0.962, data_time: 0.008, memory: 21505, loss_decode: 2.5293, decode_ce: 1.3555, decode_dice: 0.9023, decode_lovasz: 0.7511, decode_boundary: 0.7546, decode_scale_reg: 0.3012, decode_lambda_bound: 0.2031, decode_boundary_boost: 0.0000, aux.loss_ce: 0.5882, aux.acc_seg: 67.8587, loss: 3.1175
2026-05-11 07:21:23,926 - mmseg - INFO - Iter [200/40000]	lr: 1.188e-05, eta: 11:01:23, time: 0.961, data_time: 0.008, memory: 21505, loss_decode: 2.2428, decode_ce: 1.1269, decode_dice: 0.8683, decode_lovasz: 0.6990, decode_boundary: 0.7411, decode_scale_reg: 0.3012, decode_lambda_bound: 0.2044, decode_boundary_boost: 0.0000, aux.loss_ce: 0.5103, aux.acc_seg: 74.9727, loss: 2.7532
2026-05-11 07:22:11,698 - mmseg - INFO - Iter [250/40000]	lr: 1.485e-05, eta: 10:55:03, time: 0.955, data_time: 0.008, memory: 21505, loss_decode: 1.9759, decode_ce: 0.9116, decode_dice: 0.8362, decode_lovasz: 0.6546, decode_boundary: 0.7257, decode_scale_reg: 0.3011, decode_lambda_bound: 0.2056, decode_boundary_boost: 0.0000, aux.loss_ce: 0.4388, aux.acc_seg: 80.1331, loss: 2.4147
2026-05-11 07:22:59,397 - mmseg - INFO - Iter [300/40000]	lr: 1.781e-05, eta: 10:50:23, time: 0.954, data_time: 0.008, memory: 21505, loss_decode: 1.7464, decode_ce: 0.7124, decode_dice: 0.8171, decode_lovasz: 0.6302, decode_boundary: 0.7098, decode_scale_reg: 0.3009, decode_lambda_bound: 0.2069, decode_boundary_boost: 0.0000, aux.loss_ce: 0.3674, aux.acc_seg: 83.1455, loss: 2.1138
2026-05-11 07:23:47,181 - mmseg - INFO - Iter [350/40000]	lr: 2.077e-05, eta: 10:46:59, time: 0.956, data_time: 0.008, memory: 21505, loss_decode: 1.6698, decode_ce: 0.6756, decode_dice: 0.7851, decode_lovasz: 0.6009, decode_boundary: 0.6965, decode_scale_reg: 0.3007, decode_lambda_bound: 0.2081, decode_boundary_boost: 0.0000, aux.loss_ce: 0.3468, aux.acc_seg: 82.7082, loss: 2.0166
2026-05-11 07:24:34,936 - mmseg - INFO - Iter [400/40000]	lr: 2.371e-05, eta: 10:44:12, time: 0.955, data_time: 0.008, memory: 21505, loss_decode: 1.5551, decode_ce: 0.5874, decode_dice: 0.7759, decode_lovasz: 0.5772, decode_boundary: 0.6727, decode_scale_reg: 0.3004, decode_lambda_bound: 0.2094, decode_boundary_boost: 0.0000, aux.loss_ce: 0.3012, aux.acc_seg: 84.8414, loss: 1.8563
2026-05-11 07:25:22,548 - mmseg - INFO - Iter [450/40000]	lr: 2.665e-05, eta: 10:41:38, time: 0.952, data_time: 0.008, memory: 21505, loss_decode: 1.5215, decode_ce: 0.5657, decode_dice: 0.7649, decode_lovasz: 0.5729, decode_boundary: 0.6539, decode_scale_reg: 0.2996, decode_lambda_bound: 0.2106, decode_boundary_boost: 0.0000, aux.loss_ce: 0.2856, aux.acc_seg: 84.7066, loss: 1.8071
2026-05-11 07:26:11,085 - mmseg - INFO - Iter [500/40000]	lr: 2.959e-05, eta: 10:40:39, time: 0.971, data_time: 0.011, memory: 21505, loss_decode: 1.4922, decode_ce: 0.5446, decode_dice: 0.7635, decode_lovasz: 0.5673, decode_boundary: 0.6344, decode_scale_reg: 0.2984, decode_lambda_bound: 0.2119, decode_boundary_boost: 0.0000, aux.loss_ce: 0.2717, aux.acc_seg: 85.2235, loss: 1.7639
2026-05-11 07:26:58,769 - mmseg - INFO - Iter [550/40000]	lr: 3.251e-05, eta: 10:38:40, time: 0.954, data_time: 0.008, memory: 21505, loss_decode: 1.4021, decode_ce: 0.4754, decode_dice: 0.7455, decode_lovasz: 0.5549, decode_boundary: 0.6187, decode_scale_reg: 0.2940, decode_lambda_bound: 0.2131, decode_boundary_boost: 0.0000, aux.loss_ce: 0.2457, aux.acc_seg: 85.7608, loss: 1.6478
2026-05-11 07:27:46,407 - mmseg - INFO - Iter [600/40000]	lr: 3.543e-05, eta: 10:36:51, time: 0.953, data_time: 0.008, memory: 21505, loss_decode: 1.4366, decode_ce: 0.5026, decode_dice: 0.7496, decode_lovasz: 0.5645, decode_boundary: 0.6073, decode_scale_reg: 0.2813, decode_lambda_bound: 0.2144, decode_boundary_boost: 0.0000, aux.loss_ce: 0.2578, aux.acc_seg: 83.9953, loss: 1.6945
2026-05-11 07:28:34,073 - mmseg - INFO - Iter [650/40000]	lr: 3.834e-05, eta: 10:35:12, time: 0.953, data_time: 0.007, memory: 21505, loss_decode: 1.3690, decode_ce: 0.4623, decode_dice: 0.7337, decode_lovasz: 0.5420, decode_boundary: 0.5980, decode_scale_reg: 0.2209, decode_lambda_bound: 0.2156, decode_boundary_boost: 0.0000, aux.loss_ce: 0.2387, aux.acc_seg: 85.0976, loss: 1.6077
2026-05-11 07:29:21,750 - mmseg - INFO - Iter [700/40000]	lr: 4.124e-05, eta: 10:33:42, time: 0.954, data_time: 0.008, memory: 21505, loss_decode: 1.3040, decode_ce: 0.4322, decode_dice: 0.7225, decode_lovasz: 0.5120, decode_boundary: 0.5764, decode_scale_reg: 0.0760, decode_lambda_bound: 0.2169, decode_boundary_boost: 0.0000, aux.loss_ce: 0.2229, aux.acc_seg: 86.4620, loss: 1.5269
2026-05-11 07:30:10,049 - mmseg - INFO - Iter [750/40000]	lr: 4.414e-05, eta: 10:32:49, time: 0.966, data_time: 0.010, memory: 21505, loss_decode: 1.3483, decode_ce: 0.4649, decode_dice: 0.7135, decode_lovasz: 0.5321, decode_boundary: 0.5836, decode_scale_reg: 0.0142, decode_lambda_bound: 0.2181, decode_boundary_boost: 0.0000, aux.loss_ce: 0.2369, aux.acc_seg: 84.6565, loss: 1.5852
2026-05-11 07:30:57,949 - mmseg - INFO - Iter [800/40000]	lr: 4.703e-05, eta: 10:31:38, time: 0.958, data_time: 0.008, memory: 21505, loss_decode: 1.2756, decode_ce: 0.4103, decode_dice: 0.7060, decode_lovasz: 0.5161, decode_boundary: 0.5708, decode_scale_reg: 0.0050, decode_lambda_bound: 0.2194, decode_boundary_boost: 0.0000, aux.loss_ce: 0.2127, aux.acc_seg: 86.2633, loss: 1.4883
2026-05-11 07:31:45,814 - mmseg - INFO - Iter [850/40000]	lr: 4.991e-05, eta: 10:30:28, time: 0.957, data_time: 0.008, memory: 21505, loss_decode: 1.2840, decode_ce: 0.4190, decode_dice: 0.7055, decode_lovasz: 0.5144, decode_boundary: 0.5732, decode_scale_reg: 0.0035, decode_lambda_bound: 0.2206, decode_boundary_boost: 0.0000, aux.loss_ce: 0.2145, aux.acc_seg: 85.6362, loss: 1.4986
2026-05-11 07:32:33,443 - mmseg - INFO - Iter [900/40000]	lr: 5.279e-05, eta: 10:29:10, time: 0.953, data_time: 0.008, memory: 21505, loss_decode: 1.2256, decode_ce: 0.3827, decode_dice: 0.6982, decode_lovasz: 0.4912, decode_boundary: 0.5648, decode_scale_reg: 0.0022, decode_lambda_bound: 0.2219, decode_boundary_boost: 0.0000, aux.loss_ce: 0.1997, aux.acc_seg: 86.8829, loss: 1.4253
2026-05-11 07:33:21,909 - mmseg - INFO - Iter [950/40000]	lr: 5.566e-05, eta: 10:28:29, time: 0.969, data_time: 0.011, memory: 21505, loss_decode: 1.2577, decode_ce: 0.4039, decode_dice: 0.6974, decode_lovasz: 0.5058, decode_boundary: 0.5635, decode_scale_reg: 0.0035, decode_lambda_bound: 0.2231, decode_boundary_boost: 0.0000, aux.loss_ce: 0.2050, aux.acc_seg: 86.0237, loss: 1.4628
2026-05-11 07:34:09,633 - mmseg - INFO - Exp name: uper_cosnet_zerowaste_40k.py
2026-05-11 07:34:09,633 - mmseg - INFO - Iter [1000/40000]	lr: 5.852e-05, eta: 10:27:19, time: 0.954, data_time: 0.009, memory: 21505, loss_decode: 1.1968, decode_ce: 0.3692, decode_dice: 0.6723, decode_lovasz: 0.4893, decode_boundary: 0.5550, decode_scale_reg: 0.0015, decode_lambda_bound: 0.2244, decode_boundary_boost: 0.0000, aux.loss_ce: 0.1921, aux.acc_seg: 87.1423, loss: 1.3889
2026-05-11 07:34:57,276 - mmseg - INFO - Iter [1050/40000]	lr: 6.137e-05, eta: 10:26:08, time: 0.953, data_time: 0.008, memory: 21505, loss_decode: 1.1711, decode_ce: 0.3610, decode_dice: 0.6644, decode_lovasz: 0.4670, decode_boundary: 0.5656, decode_scale_reg: 0.0025, decode_lambda_bound: 0.2256, decode_boundary_boost: 0.0000, aux.loss_ce: 0.1884, aux.acc_seg: 87.1660, loss: 1.3595
2026-05-11 07:35:44,857 - mmseg - INFO - Iter [1100/40000]	lr: 6.422e-05, eta: 10:24:57, time: 0.952, data_time: 0.008, memory: 21505, loss_decode: 1.2069, decode_ce: 0.3746, decode_dice: 0.6792, decode_lovasz: 0.4924, decode_boundary: 0.5439, decode_scale_reg: 0.0018, decode_lambda_bound: 0.2269, decode_boundary_boost: 0.0000, aux.loss_ce: 0.1926, aux.acc_seg: 86.7530, loss: 1.3996
2026-05-11 07:36:32,431 - mmseg - INFO - Iter [1150/40000]	lr: 6.706e-05, eta: 10:23:48, time: 0.951, data_time: 0.008, memory: 21505, loss_decode: 1.1737, decode_ce: 0.3474, decode_dice: 0.6765, decode_lovasz: 0.4808, decode_boundary: 0.5584, decode_scale_reg: 0.0017, decode_lambda_bound: 0.2281, decode_boundary_boost: 0.0000, aux.loss_ce: 0.1807, aux.acc_seg: 87.5892, loss: 1.3544
2026-05-11 07:37:19,997 - mmseg - INFO - Iter [1200/40000]	lr: 6.989e-05, eta: 10:22:40, time: 0.951, data_time: 0.008, memory: 21505, loss_decode: 1.2025, decode_ce: 0.3797, decode_dice: 0.6632, decode_lovasz: 0.4839, decode_boundary: 0.5588, decode_scale_reg: 0.0022, decode_lambda_bound: 0.2294, decode_boundary_boost: 0.0000, aux.loss_ce: 0.1927, aux.acc_seg: 86.7607, loss: 1.3952
2026-05-11 07:38:07,528 - mmseg - INFO - Iter [1250/40000]	lr: 7.272e-05, eta: 10:21:33, time: 0.951, data_time: 0.008, memory: 21505, loss_decode: 1.1566, decode_ce: 0.3544, decode_dice: 0.6528, decode_lovasz: 0.4622, decode_boundary: 0.5595, decode_scale_reg: 0.0018, decode_lambda_bound: 0.2306, decode_boundary_boost: 0.0000, aux.loss_ce: 0.1843, aux.acc_seg: 87.2609, loss: 1.3409
2026-05-11 07:38:55,054 - mmseg - INFO - Iter [1300/40000]	lr: 7.554e-05, eta: 10:20:27, time: 0.951, data_time: 0.008, memory: 21505, loss_decode: 1.1431, decode_ce: 0.3491, decode_dice: 0.6442, decode_lovasz: 0.4581, decode_boundary: 0.5531, decode_scale_reg: 0.0022, decode_lambda_bound: 0.2319, decode_boundary_boost: 0.0000, aux.loss_ce: 0.1802, aux.acc_seg: 87.2591, loss: 1.3232
2026-05-11 07:39:42,610 - mmseg - INFO - Iter [1350/40000]	lr: 7.835e-05, eta: 10:19:23, time: 0.951, data_time: 0.008, memory: 21505, loss_decode: 1.1763, decode_ce: 0.3596, decode_dice: 0.6635, decode_lovasz: 0.4778, decode_boundary: 0.5429, decode_scale_reg: 0.0012, decode_lambda_bound: 0.2331, decode_boundary_boost: 0.0000, aux.loss_ce: 0.1797, aux.acc_seg: 87.6323, loss: 1.3559
2026-05-11 07:40:30,135 - mmseg - INFO - Iter [1400/40000]	lr: 8.115e-05, eta: 10:18:20, time: 0.951, data_time: 0.008, memory: 21505, loss_decode: 1.0940, decode_ce: 0.3272, decode_dice: 0.6354, decode_lovasz: 0.4298, decode_boundary: 0.5406, decode_scale_reg: 0.0027, decode_lambda_bound: 0.2344, decode_boundary_boost: 0.0000, aux.loss_ce: 0.1704, aux.acc_seg: 87.7588, loss: 1.2644
2026-05-11 07:41:17,730 - mmseg - INFO - Iter [1450/40000]	lr: 8.395e-05, eta: 10:17:20, time: 0.952, data_time: 0.008, memory: 21505, loss_decode: 1.0822, decode_ce: 0.3216, decode_dice: 0.6253, decode_lovasz: 0.4251, decode_boundary: 0.5479, decode_scale_reg: 0.0025, decode_lambda_bound: 0.2356, decode_boundary_boost: 0.0000, aux.loss_ce: 0.1749, aux.acc_seg: 87.3662, loss: 1.2571
2026-05-11 07:42:05,334 - mmseg - INFO - Iter [1500/40000]	lr: 8.674e-05, eta: 10:16:20, time: 0.952, data_time: 0.008, memory: 21505, loss_decode: 1.1330, decode_ce: 0.3455, decode_dice: 0.6338, decode_lovasz: 0.4553, decode_boundary: 0.5453, decode_scale_reg: 0.0022, decode_lambda_bound: 0.2369, decode_boundary_boost: 0.0000, aux.loss_ce: 0.1808, aux.acc_seg: 87.2124, loss: 1.3138
2026-05-11 07:42:52,915 - mmseg - INFO - Iter [1550/40000]	lr: 8.669e-05, eta: 10:15:21, time: 0.952, data_time: 0.008, memory: 21505, loss_decode: 1.1032, decode_ce: 0.3291, decode_dice: 0.6247, decode_lovasz: 0.4443, decode_boundary: 0.5397, decode_scale_reg: 0.0023, decode_lambda_bound: 0.2381, decode_boundary_boost: 0.0000, aux.loss_ce: 0.1707, aux.acc_seg: 87.6427, loss: 1.2739
2026-05-11 07:43:40,504 - mmseg - INFO - Iter [1600/40000]	lr: 8.658e-05, eta: 10:14:23, time: 0.952, data_time: 0.008, memory: 21505, loss_decode: 1.1118, decode_ce: 0.3387, decode_dice: 0.6243, decode_lovasz: 0.4422, decode_boundary: 0.5401, decode_scale_reg: 0.0019, decode_lambda_bound: 0.2394, decode_boundary_boost: 0.0000, aux.loss_ce: 0.1763, aux.acc_seg: 87.5144, loss: 1.2881
2026-05-11 07:44:28,148 - mmseg - INFO - Iter [1650/40000]	lr: 8.648e-05, eta: 10:13:27, time: 0.953, data_time: 0.009, memory: 21505, loss_decode: 1.0363, decode_ce: 0.3127, decode_dice: 0.5902, decode_lovasz: 0.3996, decode_boundary: 0.5347, decode_scale_reg: 0.0023, decode_lambda_bound: 0.2406, decode_boundary_boost: 0.0000, aux.loss_ce: 0.1651, aux.acc_seg: 88.4345, loss: 1.2014
2026-05-11 07:45:15,736 - mmseg - INFO - Iter [1700/40000]	lr: 8.637e-05, eta: 10:12:30, time: 0.952, data_time: 0.009, memory: 21505, loss_decode: 1.0726, decode_ce: 0.3186, decode_dice: 0.6008, decode_lovasz: 0.4350, decode_boundary: 0.5263, decode_scale_reg: 0.0020, decode_lambda_bound: 0.2419, decode_boundary_boost: 0.0000, aux.loss_ce: 0.1674, aux.acc_seg: 88.2586, loss: 1.2400
2026-05-11 07:46:03,310 - mmseg - INFO - Iter [1750/40000]	lr: 8.626e-05, eta: 10:11:33, time: 0.951, data_time: 0.009, memory: 21505, loss_decode: 1.0694, decode_ce: 0.3258, decode_dice: 0.5886, decode_lovasz: 0.4311, decode_boundary: 0.5180, decode_scale_reg: 0.0025, decode_lambda_bound: 0.2431, decode_boundary_boost: 0.0000, aux.loss_ce: 0.1673, aux.acc_seg: 88.0591, loss: 1.2367
2026-05-11 07:46:50,951 - mmseg - INFO - Iter [1800/40000]	lr: 8.615e-05, eta: 10:10:38, time: 0.953, data_time: 0.009, memory: 21505, loss_decode: 1.0607, decode_ce: 0.3249, decode_dice: 0.5784, decode_lovasz: 0.4238, decode_boundary: 0.5269, decode_scale_reg: 0.0015, decode_lambda_bound: 0.2444, decode_boundary_boost: 0.0000, aux.loss_ce: 0.1702, aux.acc_seg: 87.5637, loss: 1.2308
2026-05-11 07:47:38,489 - mmseg - INFO - Iter [1850/40000]	lr: 8.605e-05, eta: 10:09:42, time: 0.951, data_time: 0.009, memory: 21505, loss_decode: 1.0457, decode_ce: 0.3161, decode_dice: 0.5780, decode_lovasz: 0.4124, decode_boundary: 0.5343, decode_scale_reg: 0.0013, decode_lambda_bound: 0.2456, decode_boundary_boost: 0.0000, aux.loss_ce: 0.1637, aux.acc_seg: 88.5397, loss: 1.2094
2026-05-11 07:48:26,063 - mmseg - INFO - Iter [1900/40000]	lr: 8.594e-05, eta: 10:08:46, time: 0.951, data_time: 0.009, memory: 21505, loss_decode: 1.0669, decode_ce: 0.3130, decode_dice: 0.5925, decode_lovasz: 0.4353, decode_boundary: 0.5313, decode_scale_reg: 0.0029, decode_lambda_bound: 0.2469, decode_boundary_boost: 0.0000, aux.loss_ce: 0.1617, aux.acc_seg: 88.3155, loss: 1.2286
2026-05-11 07:49:13,698 - mmseg - INFO - Iter [1950/40000]	lr: 8.583e-05, eta: 10:07:52, time: 0.953, data_time: 0.009, memory: 21505, loss_decode: 1.0689, decode_ce: 0.3113, decode_dice: 0.6110, decode_lovasz: 0.4345, decode_boundary: 0.5091, decode_scale_reg: 0.0022, decode_lambda_bound: 0.2481, decode_boundary_boost: 0.0000, aux.loss_ce: 0.1641, aux.acc_seg: 88.2067, loss: 1.2330
2026-05-11 07:50:01,313 - mmseg - INFO - Exp name: uper_cosnet_zerowaste_40k.py
2026-05-11 07:50:01,313 - mmseg - INFO - Iter [2000/40000]	lr: 8.573e-05, eta: 10:06:59, time: 0.952, data_time: 0.009, memory: 21505, loss_decode: 1.0328, decode_ce: 0.2825, decode_dice: 0.5982, decode_lovasz: 0.4316, decode_boundary: 0.5115, decode_scale_reg: 0.0014, decode_lambda_bound: 0.2494, decode_boundary_boost: 0.0000, aux.loss_ce: 0.1482, aux.acc_seg: 89.5678, loss: 1.1810
2026-05-11 07:50:48,920 - mmseg - INFO - Iter [2050/40000]	lr: 8.562e-05, eta: 10:06:05, time: 0.952, data_time: 0.009, memory: 21505, loss_decode: 1.0052, decode_ce: 0.2895, decode_dice: 0.5719, decode_lovasz: 0.4007, decode_boundary: 0.5156, decode_scale_reg: 0.0017, decode_lambda_bound: 0.2506, decode_boundary_boost: 0.0000, aux.loss_ce: 0.1524, aux.acc_seg: 89.3131, loss: 1.1576
2026-05-11 07:51:36,480 - mmseg - INFO - Iter [2100/40000]	lr: 8.551e-05, eta: 10:05:11, time: 0.951, data_time: 0.009, memory: 21505, loss_decode: 1.0591, decode_ce: 0.3011, decode_dice: 0.6044, decode_lovasz: 0.4412, decode_boundary: 0.4957, decode_scale_reg: 0.0014, decode_lambda_bound: 0.2519, decode_boundary_boost: 0.0000, aux.loss_ce: 0.1590, aux.acc_seg: 88.5796, loss: 1.2181
2026-05-11 07:52:24,050 - mmseg - INFO - Iter [2150/40000]	lr: 8.541e-05, eta: 10:04:17, time: 0.951, data_time: 0.009, memory: 21505, loss_decode: 1.0308, decode_ce: 0.3083, decode_dice: 0.5700, decode_lovasz: 0.4114, decode_boundary: 0.5093, decode_scale_reg: 0.0016, decode_lambda_bound: 0.2531, decode_boundary_boost: 0.0000, aux.loss_ce: 0.1627, aux.acc_seg: 88.5333, loss: 1.1935
2026-05-11 07:53:11,629 - mmseg - INFO - Iter [2200/40000]	lr: 8.530e-05, eta: 10:03:23, time: 0.952, data_time: 0.009, memory: 21505, loss_decode: 0.9878, decode_ce: 0.2779, decode_dice: 0.5815, decode_lovasz: 0.3895, decode_boundary: 0.4994, decode_scale_reg: 0.0020, decode_lambda_bound: 0.2544, decode_boundary_boost: 0.0000, aux.loss_ce: 0.1489, aux.acc_seg: 89.0508, loss: 1.1367
2026-05-11 07:53:59,218 - mmseg - INFO - Iter [2250/40000]	lr: 8.519e-05, eta: 10:02:31, time: 0.952, data_time: 0.009, memory: 21505, loss_decode: 1.0249, decode_ce: 0.3039, decode_dice: 0.5683, decode_lovasz: 0.4098, decode_boundary: 0.5067, decode_scale_reg: 0.0010, decode_lambda_bound: 0.2556, decode_boundary_boost: 0.0000, aux.loss_ce: 0.1594, aux.acc_seg: 88.3554, loss: 1.1844
2026-05-11 07:54:46,793 - mmseg - INFO - Iter [2300/40000]	lr: 8.508e-05, eta: 10:01:38, time: 0.952, data_time: 0.009, memory: 21505, loss_decode: 1.0106, decode_ce: 0.2872, decode_dice: 0.5721, decode_lovasz: 0.4117, decode_boundary: 0.5003, decode_scale_reg: 0.0014, decode_lambda_bound: 0.2569, decode_boundary_boost: 0.0000, aux.loss_ce: 0.1552, aux.acc_seg: 88.9648, loss: 1.1658
2026-05-11 07:55:34,361 - mmseg - INFO - Iter [2350/40000]	lr: 8.498e-05, eta: 10:00:45, time: 0.951, data_time: 0.009, memory: 21505, loss_decode: 0.9490, decode_ce: 0.2626, decode_dice: 0.5467, decode_lovasz: 0.3791, decode_boundary: 0.4987, decode_scale_reg: 0.0017, decode_lambda_bound: 0.2581, decode_boundary_boost: 0.0000, aux.loss_ce: 0.1387, aux.acc_seg: 89.9492, loss: 1.0877
2026-05-11 07:56:22,012 - mmseg - INFO - Iter [2400/40000]	lr: 8.487e-05, eta: 9:59:53, time: 0.953, data_time: 0.009, memory: 21505, loss_decode: 1.0284, decode_ce: 0.3070, decode_dice: 0.5704, decode_lovasz: 0.4076, decode_boundary: 0.5031, decode_scale_reg: 0.0017, decode_lambda_bound: 0.2594, decode_boundary_boost: 0.0000, aux.loss_ce: 0.1621, aux.acc_seg: 88.5598, loss: 1.1906
2026-05-11 07:57:09,701 - mmseg - INFO - Iter [2450/40000]	lr: 8.476e-05, eta: 9:59:03, time: 0.954, data_time: 0.009, memory: 21505, loss_decode: 0.9747, decode_ce: 0.2568, decode_dice: 0.5807, decode_lovasz: 0.4027, decode_boundary: 0.4818, decode_scale_reg: 0.0011, decode_lambda_bound: 0.2606, decode_boundary_boost: 0.0000, aux.loss_ce: 0.1377, aux.acc_seg: 90.2462, loss: 1.1124
2026-05-11 07:57:57,301 - mmseg - INFO - Iter [2500/40000]	lr: 8.466e-05, eta: 9:58:11, time: 0.952, data_time: 0.009, memory: 21505, loss_decode: 1.0309, decode_ce: 0.3037, decode_dice: 0.5717, decode_lovasz: 0.4190, decode_boundary: 0.4852, decode_scale_reg: 0.0009, decode_lambda_bound: 0.2619, decode_boundary_boost: 0.0000, aux.loss_ce: 0.1545, aux.acc_seg: 88.8874, loss: 1.1854
2026-05-11 07:58:44,894 - mmseg - INFO - Iter [2550/40000]	lr: 8.455e-05, eta: 9:57:19, time: 0.952, data_time: 0.009, memory: 21505, loss_decode: 0.9897, decode_ce: 0.2821, decode_dice: 0.5717, decode_lovasz: 0.3938, decode_boundary: 0.4806, decode_scale_reg: 0.0013, decode_lambda_bound: 0.2631, decode_boundary_boost: 0.0000, aux.loss_ce: 0.1516, aux.acc_seg: 89.3158, loss: 1.1414
2026-05-11 07:59:32,497 - mmseg - INFO - Iter [2600/40000]	lr: 8.444e-05, eta: 9:56:28, time: 0.952, data_time: 0.009, memory: 21505, loss_decode: 0.9636, decode_ce: 0.2668, decode_dice: 0.5499, decode_lovasz: 0.3898, decode_boundary: 0.4898, decode_scale_reg: 0.0012, decode_lambda_bound: 0.2644, decode_boundary_boost: 0.0000, aux.loss_ce: 0.1420, aux.acc_seg: 90.0577, loss: 1.1057
2026-05-11 08:00:20,121 - mmseg - INFO - Iter [2650/40000]	lr: 8.433e-05, eta: 9:55:37, time: 0.952, data_time: 0.009, memory: 21505, loss_decode: 0.9232, decode_ce: 0.2578, decode_dice: 0.5165, decode_lovasz: 0.3721, decode_boundary: 0.4820, decode_scale_reg: 0.0023, decode_lambda_bound: 0.2656, decode_boundary_boost: 0.0000, aux.loss_ce: 0.1380, aux.acc_seg: 90.2870, loss: 1.0611
2026-05-11 08:01:07,760 - mmseg - INFO - Iter [2700/40000]	lr: 8.423e-05, eta: 9:54:46, time: 0.953, data_time: 0.009, memory: 21505, loss_decode: 0.9076, decode_ce: 0.2557, decode_dice: 0.5138, decode_lovasz: 0.3577, decode_boundary: 0.4746, decode_scale_reg: 0.0016, decode_lambda_bound: 0.2669, decode_boundary_boost: 0.0000, aux.loss_ce: 0.1386, aux.acc_seg: 90.2243, loss: 1.0462
2026-05-11 08:01:55,349 - mmseg - INFO - Iter [2750/40000]	lr: 8.412e-05, eta: 9:53:55, time: 0.952, data_time: 0.009, memory: 21505, loss_decode: 0.9185, decode_ce: 0.2640, decode_dice: 0.5221, decode_lovasz: 0.3550, decode_boundary: 0.4746, decode_scale_reg: 0.0016, decode_lambda_bound: 0.2681, decode_boundary_boost: 0.0000, aux.loss_ce: 0.1381, aux.acc_seg: 90.2453, loss: 1.0566
2026-05-11 08:02:42,979 - mmseg - INFO - Iter [2800/40000]	lr: 8.401e-05, eta: 9:53:05, time: 0.953, data_time: 0.009, memory: 21505, loss_decode: 1.0138, decode_ce: 0.3064, decode_dice: 0.5564, decode_lovasz: 0.4027, decode_boundary: 0.4720, decode_scale_reg: 0.0014, decode_lambda_bound: 0.2694, decode_boundary_boost: 0.0000, aux.loss_ce: 0.1572, aux.acc_seg: 88.9927, loss: 1.1710
2026-05-11 08:03:30,608 - mmseg - INFO - Iter [2850/40000]	lr: 8.391e-05, eta: 9:52:14, time: 0.953, data_time: 0.009, memory: 21505, loss_decode: 0.9226, decode_ce: 0.2696, decode_dice: 0.5117, decode_lovasz: 0.3596, decode_boundary: 0.4710, decode_scale_reg: 0.0012, decode_lambda_bound: 0.2706, decode_boundary_boost: 0.0000, aux.loss_ce: 0.1439, aux.acc_seg: 89.9032, loss: 1.0666
2026-05-11 08:04:18,241 - mmseg - INFO - Iter [2900/40000]	lr: 8.380e-05, eta: 9:51:24, time: 0.953, data_time: 0.008, memory: 21505, loss_decode: 0.9132, decode_ce: 0.2523, decode_dice: 0.5220, decode_lovasz: 0.3658, decode_boundary: 0.4614, decode_scale_reg: 0.0017, decode_lambda_bound: 0.2719, decode_boundary_boost: 0.0000, aux.loss_ce: 0.1363, aux.acc_seg: 90.4644, loss: 1.0494
2026-05-11 08:05:05,871 - mmseg - INFO - Iter [2950/40000]	lr: 8.369e-05, eta: 9:50:34, time: 0.953, data_time: 0.009, memory: 21505, loss_decode: 0.9578, decode_ce: 0.2730, decode_dice: 0.5350, decode_lovasz: 0.3870, decode_boundary: 0.4650, decode_scale_reg: 0.0013, decode_lambda_bound: 0.2731, decode_boundary_boost: 0.0000, aux.loss_ce: 0.1462, aux.acc_seg: 89.5006, loss: 1.1039
2026-05-11 08:05:53,465 - mmseg - INFO - Exp name: uper_cosnet_zerowaste_40k.py
2026-05-11 08:05:53,465 - mmseg - INFO - Iter [3000/40000]	lr: 8.358e-05, eta: 9:49:43, time: 0.952, data_time: 0.009, memory: 21505, loss_decode: 0.9154, decode_ce: 0.2448, decode_dice: 0.5287, decode_lovasz: 0.3722, decode_boundary: 0.4632, decode_scale_reg: 0.0009, decode_lambda_bound: 0.2744, decode_boundary_boost: 0.0000, aux.loss_ce: 0.1287, aux.acc_seg: 90.8288, loss: 1.0441
2026-05-11 08:06:41,084 - mmseg - INFO - Iter [3050/40000]	lr: 8.348e-05, eta: 9:48:53, time: 0.952, data_time: 0.009, memory: 21505, loss_decode: 0.9913, decode_ce: 0.2860, decode_dice: 0.5512, decode_lovasz: 0.4038, decode_boundary: 0.4601, decode_scale_reg: 0.0015, decode_lambda_bound: 0.2756, decode_boundary_boost: 0.0000, aux.loss_ce: 0.1467, aux.acc_seg: 89.4447, loss: 1.1380
2026-05-11 08:07:28,693 - mmseg - INFO - Iter [3100/40000]	lr: 8.337e-05, eta: 9:48:03, time: 0.952, data_time: 0.009, memory: 21505, loss_decode: 0.9865, decode_ce: 0.2690, decode_dice: 0.5760, decode_lovasz: 0.4041, decode_boundary: 0.4563, decode_scale_reg: 0.0022, decode_lambda_bound: 0.2769, decode_boundary_boost: 0.0000, aux.loss_ce: 0.1446, aux.acc_seg: 89.8022, loss: 1.1311
2026-05-11 08:08:16,338 - mmseg - INFO - Iter [3150/40000]	lr: 8.326e-05, eta: 9:47:13, time: 0.953, data_time: 0.009, memory: 21505, loss_decode: 0.9020, decode_ce: 0.2479, decode_dice: 0.5126, decode_lovasz: 0.3616, decode_boundary: 0.4550, decode_scale_reg: 0.0016, decode_lambda_bound: 0.2781, decode_boundary_boost: 0.0000, aux.loss_ce: 0.1328, aux.acc_seg: 90.5852, loss: 1.0347
2026-05-11 08:09:03,965 - mmseg - INFO - Iter [3200/40000]	lr: 8.316e-05, eta: 9:46:23, time: 0.953, data_time: 0.009, memory: 21505, loss_decode: 0.9366, decode_ce: 0.2574, decode_dice: 0.5353, decode_lovasz: 0.3756, decode_boundary: 0.4649, decode_scale_reg: 0.0017, decode_lambda_bound: 0.2794, decode_boundary_boost: 0.0000, aux.loss_ce: 0.1354, aux.acc_seg: 90.3873, loss: 1.0720
2026-05-11 08:09:51,670 - mmseg - INFO - Iter [3250/40000]	lr: 8.305e-05, eta: 9:45:34, time: 0.954, data_time: 0.009, memory: 21505, loss_decode: 0.9236, decode_ce: 0.2613, decode_dice: 0.5098, decode_lovasz: 0.3686, decode_boundary: 0.4667, decode_scale_reg: 0.0019, decode_lambda_bound: 0.2806, decode_boundary_boost: 0.0000, aux.loss_ce: 0.1403, aux.acc_seg: 89.8768, loss: 1.0639
2026-05-11 08:10:39,290 - mmseg - INFO - Iter [3300/40000]	lr: 8.294e-05, eta: 9:44:44, time: 0.952, data_time: 0.009, memory: 21505, loss_decode: 0.9207, decode_ce: 0.2528, decode_dice: 0.5244, decode_lovasz: 0.3684, decode_boundary: 0.4588, decode_scale_reg: 0.0012, decode_lambda_bound: 0.2819, decode_boundary_boost: 0.0000, aux.loss_ce: 0.1332, aux.acc_seg: 90.3964, loss: 1.0539
2026-05-11 08:11:26,927 - mmseg - INFO - Iter [3350/40000]	lr: 8.283e-05, eta: 9:43:55, time: 0.953, data_time: 0.009, memory: 21505, loss_decode: 0.9588, decode_ce: 0.2616, decode_dice: 0.5463, decode_lovasz: 0.3953, decode_boundary: 0.4504, decode_scale_reg: 0.0007, decode_lambda_bound: 0.2831, decode_boundary_boost: 0.0000, aux.loss_ce: 0.1395, aux.acc_seg: 89.8639, loss: 1.0983
2026-05-11 08:12:14,559 - mmseg - INFO - Iter [3400/40000]	lr: 8.273e-05, eta: 9:43:05, time: 0.953, data_time: 0.009, memory: 21505, loss_decode: 0.9035, decode_ce: 0.2473, decode_dice: 0.5246, decode_lovasz: 0.3570, decode_boundary: 0.4438, decode_scale_reg: 0.0009, decode_lambda_bound: 0.2844, decode_boundary_boost: 0.0000, aux.loss_ce: 0.1349, aux.acc_seg: 90.5547, loss: 1.0385
2026-05-11 08:13:02,227 - mmseg - INFO - Iter [3450/40000]	lr: 8.262e-05, eta: 9:42:16, time: 0.953, data_time: 0.009, memory: 21505, loss_decode: 0.9072, decode_ce: 0.2595, decode_dice: 0.4895, decode_lovasz: 0.3642, decode_boundary: 0.4543, decode_scale_reg: 0.0012, decode_lambda_bound: 0.2856, decode_boundary_boost: 0.0000, aux.loss_ce: 0.1349, aux.acc_seg: 90.6361, loss: 1.0421
2026-05-11 08:13:49,909 - mmseg - INFO - Iter [3500/40000]	lr: 8.251e-05, eta: 9:41:27, time: 0.954, data_time: 0.009, memory: 21505, loss_decode: 0.8404, decode_ce: 0.2237, decode_dice: 0.4831, decode_lovasz: 0.3270, decode_boundary: 0.4526, decode_scale_reg: 0.0015, decode_lambda_bound: 0.2869, decode_boundary_boost: 0.0000, aux.loss_ce: 0.1232, aux.acc_seg: 91.2673, loss: 0.9636
2026-05-11 08:14:37,620 - mmseg - INFO - Iter [3550/40000]	lr: 8.241e-05, eta: 9:40:38, time: 0.954, data_time: 0.009, memory: 21505, loss_decode: 0.9255, decode_ce: 0.2551, decode_dice: 0.5203, decode_lovasz: 0.3717, decode_boundary: 0.4564, decode_scale_reg: 0.0008, decode_lambda_bound: 0.2881, decode_boundary_boost: 0.0000, aux.loss_ce: 0.1342, aux.acc_seg: 90.7293, loss: 1.0597
2026-05-11 08:15:25,265 - mmseg - INFO - Iter [3600/40000]	lr: 8.230e-05, eta: 9:39:49, time: 0.953, data_time: 0.009, memory: 21505, loss_decode: 0.9170, decode_ce: 0.2495, decode_dice: 0.5333, decode_lovasz: 0.3625, decode_boundary: 0.4459, decode_scale_reg: 0.0008, decode_lambda_bound: 0.2894, decode_boundary_boost: 0.0000, aux.loss_ce: 0.1322, aux.acc_seg: 90.4741, loss: 1.0492
2026-05-11 08:16:12,909 - mmseg - INFO - Iter [3650/40000]	lr: 8.219e-05, eta: 9:39:00, time: 0.953, data_time: 0.009, memory: 21505, loss_decode: 0.8690, decode_ce: 0.2340, decode_dice: 0.4789, decode_lovasz: 0.3497, decode_boundary: 0.4581, decode_scale_reg: 0.0016, decode_lambda_bound: 0.2906, decode_boundary_boost: 0.0000, aux.loss_ce: 0.1290, aux.acc_seg: 90.7205, loss: 0.9980
2026-05-11 08:17:00,575 - mmseg - INFO - Iter [3700/40000]	lr: 8.208e-05, eta: 9:38:11, time: 0.953, data_time: 0.009, memory: 21505, loss_decode: 0.8904, decode_ce: 0.2537, decode_dice: 0.4825, decode_lovasz: 0.3506, decode_boundary: 0.4538, decode_scale_reg: 0.0032, decode_lambda_bound: 0.2919, decode_boundary_boost: 0.0000, aux.loss_ce: 0.1329, aux.acc_seg: 90.7483, loss: 1.0233
2026-05-11 08:17:48,242 - mmseg - INFO - Iter [3750/40000]	lr: 8.198e-05, eta: 9:37:22, time: 0.953, data_time: 0.009, memory: 21505, loss_decode: 0.9024, decode_ce: 0.2540, decode_dice: 0.5053, decode_lovasz: 0.3537, decode_boundary: 0.4450, decode_scale_reg: 0.0024, decode_lambda_bound: 0.2931, decode_boundary_boost: 0.0000, aux.loss_ce: 0.1359, aux.acc_seg: 90.6001, loss: 1.0383
2026-05-11 08:18:35,902 - mmseg - INFO - Iter [3800/40000]	lr: 8.187e-05, eta: 9:36:33, time: 0.953, data_time: 0.009, memory: 21505, loss_decode: 0.8384, decode_ce: 0.2288, decode_dice: 0.4624, decode_lovasz: 0.3282, decode_boundary: 0.4490, decode_scale_reg: 0.0012, decode_lambda_bound: 0.2944, decode_boundary_boost: 0.0000, aux.loss_ce: 0.1233, aux.acc_seg: 91.0628, loss: 0.9617
2026-05-11 08:19:23,576 - mmseg - INFO - Iter [3850/40000]	lr: 8.176e-05, eta: 9:35:44, time: 0.953, data_time: 0.009, memory: 21505, loss_decode: 0.8929, decode_ce: 0.2554, decode_dice: 0.4912, decode_lovasz: 0.3509, decode_boundary: 0.4354, decode_scale_reg: 0.0017, decode_lambda_bound: 0.2956, decode_boundary_boost: 0.0000, aux.loss_ce: 0.1343, aux.acc_seg: 90.4662, loss: 1.0272
2026-05-11 08:20:11,227 - mmseg - INFO - Iter [3900/40000]	lr: 8.165e-05, eta: 9:34:55, time: 0.953, data_time: 0.009, memory: 21505, loss_decode: 0.9139, decode_ce: 0.2473, decode_dice: 0.5321, decode_lovasz: 0.3648, decode_boundary: 0.4279, decode_scale_reg: 0.0010, decode_lambda_bound: 0.2969, decode_boundary_boost: 0.0000, aux.loss_ce: 0.1316, aux.acc_seg: 90.4702, loss: 1.0455
2026-05-11 08:20:58,896 - mmseg - INFO - Iter [3950/40000]	lr: 8.155e-05, eta: 9:34:07, time: 0.953, data_time: 0.009, memory: 21505, loss_decode: 0.8927, decode_ce: 0.2624, decode_dice: 0.4965, decode_lovasz: 0.3413, decode_boundary: 0.4229, decode_scale_reg: 0.0010, decode_lambda_bound: 0.2981, decode_boundary_boost: 0.0000, aux.loss_ce: 0.1380, aux.acc_seg: 90.2064, loss: 1.0307
2026-05-11 08:21:46,541 - mmseg - INFO - Saving checkpoint at 4000 iterations
2026-05-11 08:21:47,398 - mmseg - INFO - Exp name: uper_cosnet_zerowaste_40k.py
2026-05-11 08:21:47,398 - mmseg - INFO - Iter [4000/40000]	lr: 8.144e-05, eta: 9:33:25, time: 0.970, data_time: 0.009, memory: 21505, loss_decode: 0.8592, decode_ce: 0.2207, decode_dice: 0.4999, decode_lovasz: 0.3446, decode_boundary: 0.4347, decode_scale_reg: 0.0016, decode_lambda_bound: 0.2994, decode_boundary_boost: 0.0000, aux.loss_ce: 0.1221, aux.acc_seg: 91.5543, loss: 0.9814
2026-05-11 08:22:43,465 - mmseg - INFO - per class results:
2026-05-11 08:22:43,478 - mmseg - INFO - 
+---------------+-------+-------+
|     Class     |  IoU  |  Acc  |
+---------------+-------+-------+
|   background  | 89.87 | 94.69 |
| rigid_plastic |  25.5 | 29.22 |
|   cardboard   | 55.85 | 75.28 |
|     metal     |  8.82 | 18.21 |
|  soft_plastic | 58.65 | 69.56 |
+---------------+-------+-------+
2026-05-11 08:22:43,478 - mmseg - INFO - Summary:
2026-05-11 08:22:43,478 - mmseg - INFO - 
+-------+-------+-------+
|  aAcc |  mIoU |  mAcc |
+-------+-------+-------+
| 90.12 | 47.74 | 57.39 |
+-------+-------+-------+
2026-05-11 08:22:44,301 - mmseg - INFO - Now best checkpoint is saved as best_mIoU_iter_4000.pth.
2026-05-11 08:22:44,301 - mmseg - INFO - Best mIoU is 0.4774 at 4000 iter.
2026-05-11 08:22:44,302 - mmseg - INFO - Exp name: uper_cosnet_zerowaste_40k.py
2026-05-11 08:22:44,302 - mmseg - INFO - Iter(val) [572]	aAcc: 0.9012, mIoU: 0.4774, mAcc: 0.5739, IoU.background: 0.8987, IoU.rigid_plastic: 0.2550, IoU.cardboard: 0.5585, IoU.metal: 0.0882, IoU.soft_plastic: 0.5865, Acc.background: 0.9469, Acc.rigid_plastic: 0.2922, Acc.cardboard: 0.7528, Acc.metal: 0.1821, Acc.soft_plastic: 0.6956
2026-05-11 08:23:31,303 - mmseg - INFO - Iter [4050/40000]	lr: 8.133e-05, eta: 9:40:56, time: 2.078, data_time: 1.145, memory: 21505, loss_decode: 0.8715, decode_ce: 0.2431, decode_dice: 0.4792, decode_lovasz: 0.3449, decode_boundary: 0.4327, decode_scale_reg: 0.0019, decode_lambda_bound: 0.3006, decode_boundary_boost: 0.0000, aux.loss_ce: 0.1321, aux.acc_seg: 90.4499, loss: 1.0036
2026-05-11 08:24:19,817 - mmseg - INFO - Iter [4100/40000]	lr: 8.122e-05, eta: 9:40:07, time: 0.970, data_time: 0.008, memory: 21505, loss_decode: 0.9098, decode_ce: 0.2636, decode_dice: 0.4870, decode_lovasz: 0.3606, decode_boundary: 0.4380, decode_scale_reg: 0.0024, decode_lambda_bound: 0.3019, decode_boundary_boost: 0.0000, aux.loss_ce: 0.1369, aux.acc_seg: 90.2663, loss: 1.0466
2026-05-11 08:25:07,843 - mmseg - INFO - Iter [4150/40000]	lr: 8.112e-05, eta: 9:39:15, time: 0.961, data_time: 0.008, memory: 21505, loss_decode: 0.8653, decode_ce: 0.2567, decode_dice: 0.4725, decode_lovasz: 0.3221, decode_boundary: 0.4309, decode_scale_reg: 0.0029, decode_lambda_bound: 0.3031, decode_boundary_boost: 0.0000, aux.loss_ce: 0.1345, aux.acc_seg: 90.6321, loss: 0.9997
2026-05-11 08:25:55,697 - mmseg - INFO - Iter [4200/40000]	lr: 8.101e-05, eta: 9:38:21, time: 0.957, data_time: 0.008, memory: 21505, loss_decode: 0.9312, decode_ce: 0.2731, decode_dice: 0.4922, decode_lovasz: 0.3733, decode_boundary: 0.4335, decode_scale_reg: 0.0021, decode_lambda_bound: 0.3044, decode_boundary_boost: 0.0000, aux.loss_ce: 0.1452, aux.acc_seg: 89.7161, loss: 1.0764
2026-05-11 08:26:43,416 - mmseg - INFO - Iter [4250/40000]	lr: 8.090e-05, eta: 9:37:27, time: 0.954, data_time: 0.008, memory: 21505, loss_decode: 0.8634, decode_ce: 0.2376, decode_dice: 0.4894, decode_lovasz: 0.3314, decode_boundary: 0.4338, decode_scale_reg: 0.0012, decode_lambda_bound: 0.3056, decode_boundary_boost: 0.0000, aux.loss_ce: 0.1283, aux.acc_seg: 90.7627, loss: 0.9918
2026-05-11 08:27:31,095 - mmseg - INFO - Iter [4300/40000]	lr: 8.080e-05, eta: 9:36:32, time: 0.954, data_time: 0.008, memory: 21505, loss_decode: 0.8392, decode_ce: 0.2265, decode_dice: 0.4739, decode_lovasz: 0.3261, decode_boundary: 0.4273, decode_scale_reg: 0.0019, decode_lambda_bound: 0.3069, decode_boundary_boost: 0.0000, aux.loss_ce: 0.1239, aux.acc_seg: 90.8396, loss: 0.9630
2026-05-11 08:28:18,879 - mmseg - INFO - Iter [4350/40000]	lr: 8.069e-05, eta: 9:35:38, time: 0.956, data_time: 0.008, memory: 21505, loss_decode: 0.8658, decode_ce: 0.2293, decode_dice: 0.4932, decode_lovasz: 0.3469, decode_boundary: 0.4210, decode_scale_reg: 0.0011, decode_lambda_bound: 0.3081, decode_boundary_boost: 0.0000, aux.loss_ce: 0.1235, aux.acc_seg: 91.2182, loss: 0.9893
2026-05-11 08:29:06,509 - mmseg - INFO - Iter [4400/40000]	lr: 8.058e-05, eta: 9:34:43, time: 0.953, data_time: 0.008, memory: 21505, loss_decode: 0.8673, decode_ce: 0.2440, decode_dice: 0.4872, decode_lovasz: 0.3305, decode_boundary: 0.4262, decode_scale_reg: 0.0009, decode_lambda_bound: 0.3094, decode_boundary_boost: 0.0000, aux.loss_ce: 0.1318, aux.acc_seg: 90.3573, loss: 0.9991
2026-05-11 08:29:54,131 - mmseg - INFO - Iter [4450/40000]	lr: 8.047e-05, eta: 9:33:48, time: 0.952, data_time: 0.008, memory: 21505, loss_decode: 0.8662, decode_ce: 0.2259, decode_dice: 0.5026, decode_lovasz: 0.3388, decode_boundary: 0.4210, decode_scale_reg: 0.0006, decode_lambda_bound: 0.3204, decode_boundary_boost: 0.0100, aux.loss_ce: 0.1229, aux.acc_seg: 91.2748, loss: 0.9892
2026-05-11 08:30:41,775 - mmseg - INFO - Iter [4500/40000]	lr: 8.037e-05, eta: 9:32:53, time: 0.953, data_time: 0.008, memory: 21505, loss_decode: 0.8498, decode_ce: 0.2336, decode_dice: 0.4569, decode_lovasz: 0.3335, decode_boundary: 0.4274, decode_scale_reg: 0.0009, decode_lambda_bound: 0.3219, decode_boundary_boost: 0.0100, aux.loss_ce: 0.1232, aux.acc_seg: 90.9819, loss: 0.9730
2026-05-11 08:31:29,385 - mmseg - INFO - Iter [4550/40000]	lr: 8.026e-05, eta: 9:31:59, time: 0.952, data_time: 0.008, memory: 21505, loss_decode: 0.8607, decode_ce: 0.2386, decode_dice: 0.4713, decode_lovasz: 0.3330, decode_boundary: 0.4230, decode_scale_reg: 0.0013, decode_lambda_bound: 0.3231, decode_boundary_boost: 0.0100, aux.loss_ce: 0.1272, aux.acc_seg: 91.0429, loss: 0.9879
2026-05-11 08:32:17,014 - mmseg - INFO - Iter [4600/40000]	lr: 8.015e-05, eta: 9:31:04, time: 0.953, data_time: 0.008, memory: 21505, loss_decode: 0.8900, decode_ce: 0.2512, decode_dice: 0.4932, decode_lovasz: 0.3415, decode_boundary: 0.4193, decode_scale_reg: 0.0016, decode_lambda_bound: 0.3244, decode_boundary_boost: 0.0100, aux.loss_ce: 0.1312, aux.acc_seg: 90.8116, loss: 1.0212
2026-05-11 08:33:04,669 - mmseg - INFO - Iter [4650/40000]	lr: 8.004e-05, eta: 9:30:10, time: 0.953, data_time: 0.008, memory: 21505, loss_decode: 0.8362, decode_ce: 0.2111, decode_dice: 0.4733, decode_lovasz: 0.3350, decode_boundary: 0.4214, decode_scale_reg: 0.0011, decode_lambda_bound: 0.3256, decode_boundary_boost: 0.0100, aux.loss_ce: 0.1147, aux.acc_seg: 92.0994, loss: 0.9509
2026-05-11 08:33:52,315 - mmseg - INFO - Iter [4700/40000]	lr: 7.994e-05, eta: 9:29:16, time: 0.953, data_time: 0.008, memory: 21505, loss_decode: 0.8255, decode_ce: 0.2334, decode_dice: 0.4436, decode_lovasz: 0.3122, decode_boundary: 0.4162, decode_scale_reg: 0.0015, decode_lambda_bound: 0.3269, decode_boundary_boost: 0.0100, aux.loss_ce: 0.1224, aux.acc_seg: 91.3856, loss: 0.9479
2026-05-11 08:34:39,993 - mmseg - INFO - Iter [4750/40000]	lr: 7.983e-05, eta: 9:28:23, time: 0.954, data_time: 0.008, memory: 21505, loss_decode: 0.8690, decode_ce: 0.2362, decode_dice: 0.4678, decode_lovasz: 0.3486, decode_boundary: 0.4191, decode_scale_reg: 0.0008, decode_lambda_bound: 0.3281, decode_boundary_boost: 0.0100, aux.loss_ce: 0.1247, aux.acc_seg: 91.3039, loss: 0.9938
2026-05-11 08:35:27,622 - mmseg - INFO - Iter [4800/40000]	lr: 7.972e-05, eta: 9:27:29, time: 0.953, data_time: 0.008, memory: 21505, loss_decode: 0.8217, decode_ce: 0.2186, decode_dice: 0.4491, decode_lovasz: 0.3204, decode_boundary: 0.4195, decode_scale_reg: 0.0013, decode_lambda_bound: 0.3294, decode_boundary_boost: 0.0100, aux.loss_ce: 0.1158, aux.acc_seg: 91.7985, loss: 0.9374
2026-05-11 08:36:15,278 - mmseg - INFO - Iter [4850/40000]	lr: 7.961e-05, eta: 9:26:35, time: 0.953, data_time: 0.008, memory: 21505, loss_decode: 0.8944, decode_ce: 0.2439, decode_dice: 0.5015, decode_lovasz: 0.3482, decode_boundary: 0.4256, decode_scale_reg: 0.0026, decode_lambda_bound: 0.3257, decode_boundary_boost: 0.0050, aux.loss_ce: 0.1300, aux.acc_seg: 90.8423, loss: 1.0245
2026-05-11 08:37:02,911 - mmseg - INFO - Iter [4900/40000]	lr: 7.951e-05, eta: 9:25:42, time: 0.953, data_time: 0.008, memory: 21505, loss_decode: 0.8354, decode_ce: 0.2166, decode_dice: 0.4753, decode_lovasz: 0.3314, decode_boundary: 0.4057, decode_scale_reg: 0.0016, decode_lambda_bound: 0.3269, decode_boundary_boost: 0.0050, aux.loss_ce: 0.1189, aux.acc_seg: 91.6626, loss: 0.9543
2026-05-11 08:37:50,507 - mmseg - INFO - Iter [4950/40000]	lr: 7.940e-05, eta: 9:24:48, time: 0.952, data_time: 0.008, memory: 21505, loss_decode: 0.8620, decode_ce: 0.2453, decode_dice: 0.4816, decode_lovasz: 0.3152, decode_boundary: 0.4251, decode_scale_reg: 0.0009, decode_lambda_bound: 0.3281, decode_boundary_boost: 0.0050, aux.loss_ce: 0.1287, aux.acc_seg: 90.9391, loss: 0.9907
2026-05-11 08:38:38,109 - mmseg - INFO - Exp name: uper_cosnet_zerowaste_40k.py
2026-05-11 08:38:38,109 - mmseg - INFO - Iter [5000/40000]	lr: 7.929e-05, eta: 9:23:54, time: 0.952, data_time: 0.008, memory: 21505, loss_decode: 0.8525, decode_ce: 0.2293, decode_dice: 0.4856, decode_lovasz: 0.3247, decode_boundary: 0.4155, decode_scale_reg: 0.0018, decode_lambda_bound: 0.3294, decode_boundary_boost: 0.0050, aux.loss_ce: 0.1220, aux.acc_seg: 91.1490, loss: 0.9745
2026-05-11 08:39:25,741 - mmseg - INFO - Iter [5050/40000]	lr: 7.918e-05, eta: 9:23:01, time: 0.953, data_time: 0.008, memory: 21505, loss_decode: 0.8021, decode_ce: 0.2090, decode_dice: 0.4486, decode_lovasz: 0.3074, decode_boundary: 0.4184, decode_scale_reg: 0.0009, decode_lambda_bound: 0.3306, decode_boundary_boost: 0.0050, aux.loss_ce: 0.1139, aux.acc_seg: 91.8437, loss: 0.9160
2026-05-11 08:40:13,326 - mmseg - INFO - Iter [5100/40000]	lr: 7.908e-05, eta: 9:22:08, time: 0.952, data_time: 0.008, memory: 21505, loss_decode: 0.8230, decode_ce: 0.2101, decode_dice: 0.4718, decode_lovasz: 0.3163, decode_boundary: 0.4210, decode_scale_reg: 0.0011, decode_lambda_bound: 0.3319, decode_boundary_boost: 0.0050, aux.loss_ce: 0.1120, aux.acc_seg: 92.1046, loss: 0.9350
2026-05-11 08:41:00,982 - mmseg - INFO - Iter [5150/40000]	lr: 7.897e-05, eta: 9:21:15, time: 0.953, data_time: 0.008, memory: 21505, loss_decode: 0.7889, decode_ce: 0.1984, decode_dice: 0.4660, decode_lovasz: 0.2928, decode_boundary: 0.4138, decode_scale_reg: 0.0011, decode_lambda_bound: 0.3331, decode_boundary_boost: 0.0050, aux.loss_ce: 0.1068, aux.acc_seg: 92.4482, loss: 0.8957
2026-05-11 08:41:48,621 - mmseg - INFO - Iter [5200/40000]	lr: 7.886e-05, eta: 9:20:22, time: 0.953, data_time: 0.008, memory: 21505, loss_decode: 0.8144, decode_ce: 0.2167, decode_dice: 0.4447, decode_lovasz: 0.3110, decode_boundary: 0.4249, decode_scale_reg: 0.0010, decode_lambda_bound: 0.3344, decode_boundary_boost: 0.0050, aux.loss_ce: 0.1214, aux.acc_seg: 91.1796, loss: 0.9358
2026-05-11 08:42:36,228 - mmseg - INFO - Iter [5250/40000]	lr: 7.875e-05, eta: 9:19:29, time: 0.952, data_time: 0.008, memory: 21505, loss_decode: 0.8752, decode_ce: 0.2488, decode_dice: 0.4695, decode_lovasz: 0.3368, decode_boundary: 0.4205, decode_scale_reg: 0.0025, decode_lambda_bound: 0.3307, decode_boundary_boost: 0.0000, aux.loss_ce: 0.1294, aux.acc_seg: 90.6556, loss: 1.0045
2026-05-11 08:43:23,885 - mmseg - INFO - Iter [5300/40000]	lr: 7.865e-05, eta: 9:18:37, time: 0.953, data_time: 0.008, memory: 21505, loss_decode: 0.8288, decode_ce: 0.2285, decode_dice: 0.4574, decode_lovasz: 0.3145, decode_boundary: 0.4090, decode_scale_reg: 0.0010, decode_lambda_bound: 0.3319, decode_boundary_boost: 0.0000, aux.loss_ce: 0.1247, aux.acc_seg: 91.0279, loss: 0.9535
2026-05-11 08:44:11,500 - mmseg - INFO - Iter [5350/40000]	lr: 7.854e-05, eta: 9:17:44, time: 0.952, data_time: 0.008, memory: 21505, loss_decode: 0.8472, decode_ce: 0.2263, decode_dice: 0.4945, decode_lovasz: 0.3157, decode_boundary: 0.4109, decode_scale_reg: 0.0017, decode_lambda_bound: 0.3331, decode_boundary_boost: 0.0000, aux.loss_ce: 0.1194, aux.acc_seg: 91.7183, loss: 0.9666
2026-05-11 08:44:59,143 - mmseg - INFO - Iter [5400/40000]	lr: 7.843e-05, eta: 9:16:52, time: 0.953, data_time: 0.008, memory: 21505, loss_decode: 0.8555, decode_ce: 0.2360, decode_dice: 0.4668, decode_lovasz: 0.3340, decode_boundary: 0.4053, decode_scale_reg: 0.0014, decode_lambda_bound: 0.3344, decode_boundary_boost: 0.0000, aux.loss_ce: 0.1240, aux.acc_seg: 91.1914, loss: 0.9796
2026-05-11 08:45:46,780 - mmseg - INFO - Iter [5450/40000]	lr: 7.832e-05, eta: 9:15:59, time: 0.953, data_time: 0.008, memory: 21505, loss_decode: 0.8391, decode_ce: 0.2260, decode_dice: 0.4627, decode_lovasz: 0.3200, decode_boundary: 0.4225, decode_scale_reg: 0.0007, decode_lambda_bound: 0.3356, decode_boundary_boost: 0.0000, aux.loss_ce: 0.1205, aux.acc_seg: 91.4541, loss: 0.9597
2026-05-11 08:46:34,442 - mmseg - INFO - Iter [5500/40000]	lr: 7.822e-05, eta: 9:15:07, time: 0.953, data_time: 0.008, memory: 21505, loss_decode: 0.8646, decode_ce: 0.2369, decode_dice: 0.4713, decode_lovasz: 0.3417, decode_boundary: 0.4030, decode_scale_reg: 0.0009, decode_lambda_bound: 0.3369, decode_boundary_boost: 0.0000, aux.loss_ce: 0.1270, aux.acc_seg: 90.8385, loss: 0.9916
2026-05-11 08:47:22,129 - mmseg - INFO - Iter [5550/40000]	lr: 7.811e-05, eta: 9:14:15, time: 0.954, data_time: 0.008, memory: 21505, loss_decode: 0.8148, decode_ce: 0.2310, decode_dice: 0.4429, decode_lovasz: 0.3008, decode_boundary: 0.4046, decode_scale_reg: 0.0009, decode_lambda_bound: 0.3381, decode_boundary_boost: 0.0000, aux.loss_ce: 0.1251, aux.acc_seg: 91.2782, loss: 0.9399
2026-05-11 08:48:09,903 - mmseg - INFO - Iter [5600/40000]	lr: 7.800e-05, eta: 9:13:24, time: 0.955, data_time: 0.008, memory: 21505, loss_decode: 0.8222, decode_ce: 0.2162, decode_dice: 0.4590, decode_lovasz: 0.3200, decode_boundary: 0.4021, decode_scale_reg: 0.0006, decode_lambda_bound: 0.3394, decode_boundary_boost: 0.0000, aux.loss_ce: 0.1178, aux.acc_seg: 91.5123, loss: 0.9400
2026-05-11 08:48:57,761 - mmseg - INFO - Iter [5650/40000]	lr: 7.789e-05, eta: 9:12:33, time: 0.957, data_time: 0.008, memory: 21505, loss_decode: 0.8207, decode_ce: 0.2309, decode_dice: 0.4453, decode_lovasz: 0.2997, decode_boundary: 0.4063, decode_scale_reg: 0.0022, decode_lambda_bound: 0.3504, decode_boundary_boost: 0.0100, aux.loss_ce: 0.1231, aux.acc_seg: 91.2953, loss: 0.9438
2026-05-11 08:49:45,711 - mmseg - INFO - Iter [5700/40000]	lr: 7.779e-05, eta: 9:11:43, time: 0.959, data_time: 0.009, memory: 21505, loss_decode: 0.8135, decode_ce: 0.2082, decode_dice: 0.4572, decode_lovasz: 0.3149, decode_boundary: 0.3991, decode_scale_reg: 0.0012, decode_lambda_bound: 0.3519, decode_boundary_boost: 0.0100, aux.loss_ce: 0.1111, aux.acc_seg: 92.1511, loss: 0.9246
2026-05-11 08:50:33,631 - mmseg - INFO - Iter [5750/40000]	lr: 7.768e-05, eta: 9:10:53, time: 0.958, data_time: 0.009, memory: 21505, loss_decode: 0.7836, decode_ce: 0.1988, decode_dice: 0.4608, decode_lovasz: 0.2857, decode_boundary: 0.3969, decode_scale_reg: 0.0011, decode_lambda_bound: 0.3531, decode_boundary_boost: 0.0100, aux.loss_ce: 0.1102, aux.acc_seg: 92.0621, loss: 0.8938
2026-05-11 08:51:21,580 - mmseg - INFO - Iter [5800/40000]	lr: 7.757e-05, eta: 9:10:03, time: 0.959, data_time: 0.009, memory: 21505, loss_decode: 0.7558, decode_ce: 0.1958, decode_dice: 0.4020, decode_lovasz: 0.2881, decode_boundary: 0.4031, decode_scale_reg: 0.0007, decode_lambda_bound: 0.3544, decode_boundary_boost: 0.0100, aux.loss_ce: 0.1075, aux.acc_seg: 92.5229, loss: 0.8633
2026-05-11 08:52:09,526 - mmseg - INFO - Iter [5850/40000]	lr: 7.746e-05, eta: 9:09:13, time: 0.959, data_time: 0.009, memory: 21505, loss_decode: 0.7962, decode_ce: 0.2147, decode_dice: 0.4305, decode_lovasz: 0.3012, decode_boundary: 0.3946, decode_scale_reg: 0.0037, decode_lambda_bound: 0.3556, decode_boundary_boost: 0.0100, aux.loss_ce: 0.1147, aux.acc_seg: 91.7095, loss: 0.9109
2026-05-11 08:52:57,494 - mmseg - INFO - Iter [5900/40000]	lr: 7.736e-05, eta: 9:08:23, time: 0.959, data_time: 0.009, memory: 21505, loss_decode: 0.7790, decode_ce: 0.1922, decode_dice: 0.4287, decode_lovasz: 0.3033, decode_boundary: 0.4064, decode_scale_reg: 0.0016, decode_lambda_bound: 0.3569, decode_boundary_boost: 0.0100, aux.loss_ce: 0.1023, aux.acc_seg: 92.6319, loss: 0.8814
2026-05-11 08:53:45,561 - mmseg - INFO - Iter [5950/40000]	lr: 7.725e-05, eta: 9:07:34, time: 0.961, data_time: 0.009, memory: 21505, loss_decode: 0.8151, decode_ce: 0.2132, decode_dice: 0.4459, decode_lovasz: 0.3144, decode_boundary: 0.3996, decode_scale_reg: 0.0021, decode_lambda_bound: 0.3581, decode_boundary_boost: 0.0100, aux.loss_ce: 0.1146, aux.acc_seg: 91.8045, loss: 0.9297
2026-05-11 08:54:33,478 - mmseg - INFO - Exp name: uper_cosnet_zerowaste_40k.py
2026-05-11 08:54:33,478 - mmseg - INFO - Iter [6000/40000]	lr: 7.714e-05, eta: 9:06:43, time: 0.958, data_time: 0.009, memory: 21505, loss_decode: 0.8471, decode_ce: 0.2261, decode_dice: 0.4598, decode_lovasz: 0.3223, decode_boundary: 0.4155, decode_scale_reg: 0.0031, decode_lambda_bound: 0.3594, decode_boundary_boost: 0.0100, aux.loss_ce: 0.1233, aux.acc_seg: 91.4557, loss: 0.9704
2026-05-11 08:55:21,429 - mmseg - INFO - Iter [6050/40000]	lr: 7.703e-05, eta: 9:05:54, time: 0.959, data_time: 0.009, memory: 21505, loss_decode: 0.7697, decode_ce: 0.2003, decode_dice: 0.4195, decode_lovasz: 0.2872, decode_boundary: 0.4055, decode_scale_reg: 0.0028, decode_lambda_bound: 0.3557, decode_boundary_boost: 0.0050, aux.loss_ce: 0.1159, aux.acc_seg: 91.5818, loss: 0.8856
2026-05-11 08:56:09,372 - mmseg - INFO - Iter [6100/40000]	lr: 7.693e-05, eta: 9:05:04, time: 0.959, data_time: 0.009, memory: 21505, loss_decode: 0.8236, decode_ce: 0.2331, decode_dice: 0.4497, decode_lovasz: 0.3031, decode_boundary: 0.3876, decode_scale_reg: 0.0024, decode_lambda_bound: 0.3569, decode_boundary_boost: 0.0050, aux.loss_ce: 0.1217, aux.acc_seg: 91.4129, loss: 0.9453
2026-05-11 08:56:57,333 - mmseg - INFO - Iter [6150/40000]	lr: 7.682e-05, eta: 9:04:14, time: 0.959, data_time: 0.009, memory: 21505, loss_decode: 0.7643, decode_ce: 0.1889, decode_dice: 0.4356, decode_lovasz: 0.2886, decode_boundary: 0.3939, decode_scale_reg: 0.0016, decode_lambda_bound: 0.3581, decode_boundary_boost: 0.0050, aux.loss_ce: 0.1049, aux.acc_seg: 92.4318, loss: 0.8691
2026-05-11 08:57:45,264 - mmseg - INFO - Iter [6200/40000]	lr: 7.671e-05, eta: 9:03:24, time: 0.959, data_time: 0.009, memory: 21505, loss_decode: 0.7770, decode_ce: 0.2007, decode_dice: 0.4295, decode_lovasz: 0.2930, decode_boundary: 0.3947, decode_scale_reg: 0.0010, decode_lambda_bound: 0.3594, decode_boundary_boost: 0.0050, aux.loss_ce: 0.1097, aux.acc_seg: 92.3616, loss: 0.8867
2026-05-11 08:58:33,181 - mmseg - INFO - Iter [6250/40000]	lr: 7.660e-05, eta: 9:02:34, time: 0.958, data_time: 0.009, memory: 21505, loss_decode: 0.7882, decode_ce: 0.2043, decode_dice: 0.4477, decode_lovasz: 0.2893, decode_boundary: 0.3966, decode_scale_reg: 0.0009, decode_lambda_bound: 0.3606, decode_boundary_boost: 0.0050, aux.loss_ce: 0.1102, aux.acc_seg: 92.4435, loss: 0.8984
2026-05-11 08:59:21,106 - mmseg - INFO - Iter [6300/40000]	lr: 7.649e-05, eta: 9:01:44, time: 0.959, data_time: 0.009, memory: 21505, loss_decode: 0.8026, decode_ce: 0.1979, decode_dice: 0.4728, decode_lovasz: 0.2990, decode_boundary: 0.3979, decode_scale_reg: 0.0005, decode_lambda_bound: 0.3619, decode_boundary_boost: 0.0050, aux.loss_ce: 0.1085, aux.acc_seg: 92.1929, loss: 0.9111
2026-05-11 09:00:09,083 - mmseg - INFO - Iter [6350/40000]	lr: 7.639e-05, eta: 9:00:55, time: 0.960, data_time: 0.009, memory: 21505, loss_decode: 0.8353, decode_ce: 0.2212, decode_dice: 0.4560, decode_lovasz: 0.3208, decode_boundary: 0.4008, decode_scale_reg: 0.0013, decode_lambda_bound: 0.3631, decode_boundary_boost: 0.0050, aux.loss_ce: 0.1186, aux.acc_seg: 91.3991, loss: 0.9540
2026-05-11 09:00:57,061 - mmseg - INFO - Iter [6400/40000]	lr: 7.628e-05, eta: 9:00:05, time: 0.960, data_time: 0.009, memory: 21505, loss_decode: 0.7999, decode_ce: 0.2022, decode_dice: 0.4331, decode_lovasz: 0.3148, decode_boundary: 0.3980, decode_scale_reg: 0.0014, decode_lambda_bound: 0.3644, decode_boundary_boost: 0.0050, aux.loss_ce: 0.1104, aux.acc_seg: 92.0102, loss: 0.9103
2026-05-11 09:01:45,061 - mmseg - INFO - Iter [6450/40000]	lr: 7.617e-05, eta: 8:59:16, time: 0.960, data_time: 0.009, memory: 21505, loss_decode: 0.8434, decode_ce: 0.2414, decode_dice: 0.4543, decode_lovasz: 0.3080, decode_boundary: 0.3983, decode_scale_reg: 0.0032, decode_lambda_bound: 0.3607, decode_boundary_boost: 0.0000, aux.loss_ce: 0.1291, aux.acc_seg: 90.9060, loss: 0.9724
2026-05-11 09:02:32,988 - mmseg - INFO - Iter [6500/40000]	lr: 7.606e-05, eta: 8:58:26, time: 0.959, data_time: 0.009, memory: 21505, loss_decode: 0.7974, decode_ce: 0.2012, decode_dice: 0.4544, decode_lovasz: 0.2955, decode_boundary: 0.4072, decode_scale_reg: 0.0019, decode_lambda_bound: 0.3619, decode_boundary_boost: 0.0000, aux.loss_ce: 0.1110, aux.acc_seg: 92.3204, loss: 0.9084
2026-05-11 09:03:20,925 - mmseg - INFO - Iter [6550/40000]	lr: 7.596e-05, eta: 8:57:36, time: 0.959, data_time: 0.009, memory: 21505, loss_decode: 0.7886, decode_ce: 0.2210, decode_dice: 0.4098, decode_lovasz: 0.2869, decode_boundary: 0.4062, decode_scale_reg: 0.0022, decode_lambda_bound: 0.3631, decode_boundary_boost: 0.0000, aux.loss_ce: 0.1158, aux.acc_seg: 91.8599, loss: 0.9044
2026-05-11 09:04:08,828 - mmseg - INFO - Iter [6600/40000]	lr: 7.585e-05, eta: 8:56:47, time: 0.958, data_time: 0.009, memory: 21505, loss_decode: 0.8310, decode_ce: 0.2174, decode_dice: 0.4557, decode_lovasz: 0.3209, decode_boundary: 0.3981, decode_scale_reg: 0.0014, decode_lambda_bound: 0.3644, decode_boundary_boost: 0.0000, aux.loss_ce: 0.1161, aux.acc_seg: 91.4115, loss: 0.9471
2026-05-11 09:04:56,754 - mmseg - INFO - Iter [6650/40000]	lr: 7.574e-05, eta: 8:55:57, time: 0.959, data_time: 0.009, memory: 21505, loss_decode: 0.7866, decode_ce: 0.2047, decode_dice: 0.4363, decode_lovasz: 0.2903, decode_boundary: 0.3991, decode_scale_reg: 0.0014, decode_lambda_bound: 0.3656, decode_boundary_boost: 0.0000, aux.loss_ce: 0.1143, aux.acc_seg: 91.7816, loss: 0.9009
2026-05-11 09:05:44,689 - mmseg - INFO - Iter [6700/40000]	lr: 7.563e-05, eta: 8:55:07, time: 0.959, data_time: 0.009, memory: 21505, loss_decode: 0.7914, decode_ce: 0.2134, decode_dice: 0.4372, decode_lovasz: 0.2917, decode_boundary: 0.3831, decode_scale_reg: 0.0021, decode_lambda_bound: 0.3669, decode_boundary_boost: 0.0000, aux.loss_ce: 0.1146, aux.acc_seg: 92.0996, loss: 0.9060
2026-05-11 09:06:32,672 - mmseg - INFO - Iter [6750/40000]	lr: 7.553e-05, eta: 8:54:18, time: 0.960, data_time: 0.009, memory: 21505, loss_decode: 0.7649, decode_ce: 0.1876, decode_dice: 0.4348, decode_lovasz: 0.2940, decode_boundary: 0.3787, decode_scale_reg: 0.0018, decode_lambda_bound: 0.3681, decode_boundary_boost: 0.0000, aux.loss_ce: 0.1016, aux.acc_seg: 92.6655, loss: 0.8665
2026-05-11 09:07:20,600 - mmseg - INFO - Iter [6800/40000]	lr: 7.542e-05, eta: 8:53:28, time: 0.959, data_time: 0.009, memory: 21505, loss_decode: 0.7774, decode_ce: 0.1945, decode_dice: 0.4416, decode_lovasz: 0.2893, decode_boundary: 0.3930, decode_scale_reg: 0.0010, decode_lambda_bound: 0.3694, decode_boundary_boost: 0.0000, aux.loss_ce: 0.1062, aux.acc_seg: 92.3116, loss: 0.8836
2026-05-11 09:08:08,553 - mmseg - INFO - Iter [6850/40000]	lr: 7.531e-05, eta: 8:52:39, time: 0.959, data_time: 0.009, memory: 21505, loss_decode: 0.7620, decode_ce: 0.1940, decode_dice: 0.4246, decode_lovasz: 0.2762, decode_boundary: 0.3905, decode_scale_reg: 0.0006, decode_lambda_bound: 0.3804, decode_boundary_boost: 0.0100, aux.loss_ce: 0.1056, aux.acc_seg: 92.4141, loss: 0.8676
2026-05-11 09:08:56,552 - mmseg - INFO - Iter [6900/40000]	lr: 7.520e-05, eta: 8:51:50, time: 0.960, data_time: 0.009, memory: 21505, loss_decode: 0.7775, decode_ce: 0.2083, decode_dice: 0.4148, decode_lovasz: 0.2857, decode_boundary: 0.3861, decode_scale_reg: 0.0014, decode_lambda_bound: 0.3819, decode_boundary_boost: 0.0100, aux.loss_ce: 0.1140, aux.acc_seg: 91.6935, loss: 0.8915
2026-05-11 09:09:44,474 - mmseg - INFO - Iter [6950/40000]	lr: 7.509e-05, eta: 8:51:00, time: 0.958, data_time: 0.009, memory: 21505, loss_decode: 0.7523, decode_ce: 0.1885, decode_dice: 0.4180, decode_lovasz: 0.2774, decode_boundary: 0.3829, decode_scale_reg: 0.0008, decode_lambda_bound: 0.3831, decode_boundary_boost: 0.0100, aux.loss_ce: 0.1005, aux.acc_seg: 92.7803, loss: 0.8528
2026-05-11 09:10:32,426 - mmseg - INFO - Exp name: uper_cosnet_zerowaste_40k.py
2026-05-11 09:10:32,426 - mmseg - INFO - Iter [7000/40000]	lr: 7.499e-05, eta: 8:50:11, time: 0.959, data_time: 0.009, memory: 21505, loss_decode: 0.7959, decode_ce: 0.1997, decode_dice: 0.4290, decode_lovasz: 0.3070, decode_boundary: 0.3938, decode_scale_reg: 0.0011, decode_lambda_bound: 0.3844, decode_boundary_boost: 0.0100, aux.loss_ce: 0.1084, aux.acc_seg: 92.3451, loss: 0.9043
2026-05-11 09:11:20,354 - mmseg - INFO - Iter [7050/40000]	lr: 7.488e-05, eta: 8:49:21, time: 0.959, data_time: 0.009, memory: 21505, loss_decode: 0.7891, decode_ce: 0.2181, decode_dice: 0.4211, decode_lovasz: 0.2793, decode_boundary: 0.3914, decode_scale_reg: 0.0007, decode_lambda_bound: 0.3856, decode_boundary_boost: 0.0100, aux.loss_ce: 0.1119, aux.acc_seg: 92.2801, loss: 0.9010
2026-05-11 09:12:08,271 - mmseg - INFO - Iter [7100/40000]	lr: 7.477e-05, eta: 8:48:32, time: 0.958, data_time: 0.009, memory: 21505, loss_decode: 0.7415, decode_ce: 0.1816, decode_dice: 0.4175, decode_lovasz: 0.2729, decode_boundary: 0.3787, decode_scale_reg: 0.0010, decode_lambda_bound: 0.3869, decode_boundary_boost: 0.0100, aux.loss_ce: 0.0988, aux.acc_seg: 92.7470, loss: 0.8402
2026-05-11 09:12:56,201 - mmseg - INFO - Iter [7150/40000]	lr: 7.466e-05, eta: 8:47:43, time: 0.959, data_time: 0.009, memory: 21505, loss_decode: 0.7236, decode_ce: 0.1964, decode_dice: 0.3453, decode_lovasz: 0.2743, decode_boundary: 0.3834, decode_scale_reg: 0.0008, decode_lambda_bound: 0.3881, decode_boundary_boost: 0.0100, aux.loss_ce: 0.1059, aux.acc_seg: 92.2543, loss: 0.8294
2026-05-11 09:13:44,134 - mmseg - INFO - Iter [7200/40000]	lr: 7.456e-05, eta: 8:46:53, time: 0.959, data_time: 0.009, memory: 21505, loss_decode: 0.7440, decode_ce: 0.2035, decode_dice: 0.3295, decode_lovasz: 0.3061, decode_boundary: 0.3755, decode_scale_reg: 0.0007, decode_lambda_bound: 0.3894, decode_boundary_boost: 0.0100, aux.loss_ce: 0.1054, aux.acc_seg: 92.4800, loss: 0.8494
2026-05-11 09:14:32,092 - mmseg - INFO - Iter [7250/40000]	lr: 7.445e-05, eta: 8:46:04, time: 0.959, data_time: 0.009, memory: 21505, loss_decode: 0.6994, decode_ce: 0.1959, decode_dice: 0.2929, decode_lovasz: 0.2787, decode_boundary: 0.3838, decode_scale_reg: 0.0011, decode_lambda_bound: 0.3857, decode_boundary_boost: 0.0050, aux.loss_ce: 0.1044, aux.acc_seg: 92.4493, loss: 0.8038
2026-05-11 09:15:20,001 - mmseg - INFO - Iter [7300/40000]	lr: 7.434e-05, eta: 8:45:14, time: 0.958, data_time: 0.009, memory: 21505, loss_decode: 0.7026, decode_ce: 0.1939, decode_dice: 0.3040, decode_lovasz: 0.2748, decode_boundary: 0.3893, decode_scale_reg: 0.0022, decode_lambda_bound: 0.3869, decode_boundary_boost: 0.0050, aux.loss_ce: 0.1060, aux.acc_seg: 92.2737, loss: 0.8087
2026-05-11 09:16:07,936 - mmseg - INFO - Iter [7350/40000]	lr: 7.423e-05, eta: 8:44:25, time: 0.959, data_time: 0.009, memory: 21505, loss_decode: 0.7657, decode_ce: 0.2250, decode_dice: 0.3111, decode_lovasz: 0.3157, decode_boundary: 0.3823, decode_scale_reg: 0.0011, decode_lambda_bound: 0.3881, decode_boundary_boost: 0.0050, aux.loss_ce: 0.1174, aux.acc_seg: 91.5215, loss: 0.8831
2026-05-11 09:16:55,872 - mmseg - INFO - Iter [7400/40000]	lr: 7.412e-05, eta: 8:43:36, time: 0.959, data_time: 0.009, memory: 21505, loss_decode: 0.7264, decode_ce: 0.2074, decode_dice: 0.2964, decode_lovasz: 0.2954, decode_boundary: 0.3832, decode_scale_reg: 0.0007, decode_lambda_bound: 0.3894, decode_boundary_boost: 0.0050, aux.loss_ce: 0.1101, aux.acc_seg: 92.2114, loss: 0.8365
2026-05-11 09:17:43,796 - mmseg - INFO - Iter [7450/40000]	lr: 7.402e-05, eta: 8:42:47, time: 0.958, data_time: 0.009, memory: 21505, loss_decode: 0.7185, decode_ce: 0.2017, decode_dice: 0.2964, decode_lovasz: 0.2898, decode_boundary: 0.3871, decode_scale_reg: 0.0015, decode_lambda_bound: 0.3906, decode_boundary_boost: 0.0050, aux.loss_ce: 0.1091, aux.acc_seg: 92.0634, loss: 0.8276
2026-05-11 09:18:31,789 - mmseg - INFO - Iter [7500/40000]	lr: 7.391e-05, eta: 8:41:58, time: 0.960, data_time: 0.009, memory: 21505, loss_decode: 0.6599, decode_ce: 0.1884, decode_dice: 0.2487, decode_lovasz: 0.2626, decode_boundary: 0.3830, decode_scale_reg: 0.0016, decode_lambda_bound: 0.3919, decode_boundary_boost: 0.0050, aux.loss_ce: 0.1041, aux.acc_seg: 92.4586, loss: 0.7640
2026-05-11 09:19:19,696 - mmseg - INFO - Iter [7550/40000]	lr: 7.380e-05, eta: 8:41:08, time: 0.958, data_time: 0.009, memory: 21505, loss_decode: 0.7394, decode_ce: 0.2149, decode_dice: 0.2910, decode_lovasz: 0.3043, decode_boundary: 0.3834, decode_scale_reg: 0.0015, decode_lambda_bound: 0.3931, decode_boundary_boost: 0.0050, aux.loss_ce: 0.1136, aux.acc_seg: 91.8382, loss: 0.8530
2026-05-11 09:20:07,661 - mmseg - INFO - Iter [7600/40000]	lr: 7.369e-05, eta: 8:40:19, time: 0.959, data_time: 0.009, memory: 21505, loss_decode: 0.6704, decode_ce: 0.1807, decode_dice: 0.2645, decode_lovasz: 0.2730, decode_boundary: 0.3871, decode_scale_reg: 0.0008, decode_lambda_bound: 0.3944, decode_boundary_boost: 0.0050, aux.loss_ce: 0.0988, aux.acc_seg: 92.7534, loss: 0.7691
2026-05-11 09:20:55,653 - mmseg - INFO - Iter [7650/40000]	lr: 7.358e-05, eta: 8:39:30, time: 0.960, data_time: 0.009, memory: 21505, loss_decode: 0.7462, decode_ce: 0.2151, decode_dice: 0.2821, decode_lovasz: 0.3139, decode_boundary: 0.3813, decode_scale_reg: 0.0010, decode_lambda_bound: 0.4054, decode_boundary_boost: 0.0150, aux.loss_ce: 0.1119, aux.acc_seg: 91.9745, loss: 0.8581
2026-05-11 09:21:43,636 - mmseg - INFO - Iter [7700/40000]	lr: 7.348e-05, eta: 8:38:41, time: 0.960, data_time: 0.009, memory: 21505, loss_decode: 0.7093, decode_ce: 0.1944, decode_dice: 0.2959, decode_lovasz: 0.2841, decode_boundary: 0.3778, decode_scale_reg: 0.0008, decode_lambda_bound: 0.4069, decode_boundary_boost: 0.0150, aux.loss_ce: 0.1057, aux.acc_seg: 92.3898, loss: 0.8150
2026-05-11 09:22:31,566 - mmseg - INFO - Iter [7750/40000]	lr: 7.337e-05, eta: 8:37:52, time: 0.959, data_time: 0.009, memory: 21505, loss_decode: 0.7312, decode_ce: 0.2200, decode_dice: 0.2775, decode_lovasz: 0.2901, decode_boundary: 0.3795, decode_scale_reg: 0.0011, decode_lambda_bound: 0.4081, decode_boundary_boost: 0.0150, aux.loss_ce: 0.1159, aux.acc_seg: 92.0538, loss: 0.8472
2026-05-11 09:23:19,490 - mmseg - INFO - Iter [7800/40000]	lr: 7.326e-05, eta: 8:37:03, time: 0.958, data_time: 0.009, memory: 21505, loss_decode: 0.7347, decode_ce: 0.1962, decode_dice: 0.2883, decode_lovasz: 0.3168, decode_boundary: 0.3828, decode_scale_reg: 0.0010, decode_lambda_bound: 0.4094, decode_boundary_boost: 0.0150, aux.loss_ce: 0.1038, aux.acc_seg: 92.4969, loss: 0.8386
2026-05-11 09:24:07,376 - mmseg - INFO - Iter [7850/40000]	lr: 7.315e-05, eta: 8:36:13, time: 0.958, data_time: 0.009, memory: 21505, loss_decode: 0.7484, decode_ce: 0.2160, decode_dice: 0.2969, decode_lovasz: 0.3044, decode_boundary: 0.3789, decode_scale_reg: 0.0007, decode_lambda_bound: 0.4106, decode_boundary_boost: 0.0150, aux.loss_ce: 0.1133, aux.acc_seg: 91.9651, loss: 0.8617
2026-05-11 09:24:55,344 - mmseg - INFO - Iter [7900/40000]	lr: 7.304e-05, eta: 8:35:24, time: 0.959, data_time: 0.009, memory: 21505, loss_decode: 0.7055, decode_ce: 0.2048, decode_dice: 0.2776, decode_lovasz: 0.2734, decode_boundary: 0.3809, decode_scale_reg: 0.0013, decode_lambda_bound: 0.4119, decode_boundary_boost: 0.0150, aux.loss_ce: 0.1083, aux.acc_seg: 92.2283, loss: 0.8138
2026-05-11 09:25:43,259 - mmseg - INFO - Iter [7950/40000]	lr: 7.294e-05, eta: 8:34:35, time: 0.958, data_time: 0.009, memory: 21505, loss_decode: 0.7203, decode_ce: 0.1962, decode_dice: 0.3046, decode_lovasz: 0.2918, decode_boundary: 0.3702, decode_scale_reg: 0.0014, decode_lambda_bound: 0.4131, decode_boundary_boost: 0.0150, aux.loss_ce: 0.1080, aux.acc_seg: 92.0846, loss: 0.8283
2026-05-11 09:26:31,138 - mmseg - INFO - Saving checkpoint at 8000 iterations
2026-05-11 09:26:31,875 - mmseg - INFO - Exp name: uper_cosnet_zerowaste_40k.py
2026-05-11 09:26:31,875 - mmseg - INFO - Iter [8000/40000]	lr: 7.283e-05, eta: 8:33:49, time: 0.972, data_time: 0.009, memory: 21505, loss_decode: 0.7004, decode_ce: 0.1883, decode_dice: 0.2859, decode_lovasz: 0.2882, decode_boundary: 0.3693, decode_scale_reg: 0.0028, decode_lambda_bound: 0.4144, decode_boundary_boost: 0.0150, aux.loss_ce: 0.1011, aux.acc_seg: 92.8186, loss: 0.8015
2026-05-11 09:27:29,599 - mmseg - INFO - per class results:
2026-05-11 09:27:29,600 - mmseg - INFO - 
+---------------+-------+-------+
|     Class     |  IoU  |  Acc  |
+---------------+-------+-------+
|   background  | 90.59 | 96.04 |
| rigid_plastic | 24.01 |  33.8 |
|   cardboard   |  56.3 | 67.57 |
|     metal     |  0.01 |  0.01 |
|  soft_plastic | 58.27 | 75.29 |
+---------------+-------+-------+
2026-05-11 09:27:29,600 - mmseg - INFO - Summary:
2026-05-11 09:27:29,600 - mmseg - INFO - 
+-------+-------+-------+
|  aAcc |  mIoU |  mAcc |
+-------+-------+-------+
| 90.65 | 45.84 | 54.54 |
+-------+-------+-------+
2026-05-11 09:27:29,600 - mmseg - INFO - Exp name: uper_cosnet_zerowaste_40k.py
2026-05-11 09:27:29,600 - mmseg - INFO - Iter(val) [572]	aAcc: 0.9065, mIoU: 0.4584, mAcc: 0.5454, IoU.background: 0.9059, IoU.rigid_plastic: 0.2401, IoU.cardboard: 0.5630, IoU.metal: 0.0001, IoU.soft_plastic: 0.5827, Acc.background: 0.9604, Acc.rigid_plastic: 0.3380, Acc.cardboard: 0.6757, Acc.metal: 0.0001, Acc.soft_plastic: 0.7529
2026-05-11 09:28:17,483 - mmseg - INFO - Iter [8050/40000]	lr: 7.272e-05, eta: 8:36:49, time: 2.112, data_time: 1.163, memory: 21505, loss_decode: 0.7137, decode_ce: 0.2031, decode_dice: 0.2609, decode_lovasz: 0.2909, decode_boundary: 0.3808, decode_scale_reg: 0.0023, decode_lambda_bound: 0.4254, decode_boundary_boost: 0.0250, aux.loss_ce: 0.1090, aux.acc_seg: 92.0640, loss: 0.8227
2026-05-11 09:29:07,235 - mmseg - INFO - Iter [8100/40000]	lr: 7.261e-05, eta: 8:36:05, time: 0.995, data_time: 0.009, memory: 21505, loss_decode: 0.7295, decode_ce: 0.2024, decode_dice: 0.2684, decode_lovasz: 0.3016, decode_boundary: 0.3904, decode_scale_reg: 0.0024, decode_lambda_bound: 0.4269, decode_boundary_boost: 0.0250, aux.loss_ce: 0.1113, aux.acc_seg: 91.8949, loss: 0.8408
2026-05-11 09:29:56,033 - mmseg - INFO - Iter [8150/40000]	lr: 7.251e-05, eta: 8:35:17, time: 0.976, data_time: 0.009, memory: 21505, loss_decode: 0.7380, decode_ce: 0.2201, decode_dice: 0.2710, decode_lovasz: 0.2910, decode_boundary: 0.3834, decode_scale_reg: 0.0018, decode_lambda_bound: 0.4281, decode_boundary_boost: 0.0250, aux.loss_ce: 0.1103, aux.acc_seg: 92.1333, loss: 0.8483
2026-05-11 09:30:44,408 - mmseg - INFO - Iter [8200/40000]	lr: 7.240e-05, eta: 8:34:28, time: 0.967, data_time: 0.009, memory: 21505, loss_decode: 0.6820, decode_ce: 0.1873, decode_dice: 0.2461, decode_lovasz: 0.2758, decode_boundary: 0.3837, decode_scale_reg: 0.0017, decode_lambda_bound: 0.4294, decode_boundary_boost: 0.0250, aux.loss_ce: 0.1020, aux.acc_seg: 92.6193, loss: 0.7840
2026-05-11 09:31:32,523 - mmseg - INFO - Iter [8250/40000]	lr: 7.229e-05, eta: 8:33:38, time: 0.962, data_time: 0.009, memory: 21505, loss_decode: 0.6764, decode_ce: 0.1780, decode_dice: 0.2601, decode_lovasz: 0.2801, decode_boundary: 0.3677, decode_scale_reg: 0.0015, decode_lambda_bound: 0.4306, decode_boundary_boost: 0.0250, aux.loss_ce: 0.1001, aux.acc_seg: 92.7656, loss: 0.7765
2026-05-11 09:32:20,535 - mmseg - INFO - Iter [8300/40000]	lr: 7.218e-05, eta: 8:32:47, time: 0.960, data_time: 0.008, memory: 21505, loss_decode: 0.6681, decode_ce: 0.1809, decode_dice: 0.2762, decode_lovasz: 0.2542, decode_boundary: 0.3666, decode_scale_reg: 0.0012, decode_lambda_bound: 0.4319, decode_boundary_boost: 0.0250, aux.loss_ce: 0.0983, aux.acc_seg: 92.8885, loss: 0.7663
2026-05-11 09:33:08,508 - mmseg - INFO - Iter [8350/40000]	lr: 7.207e-05, eta: 8:31:57, time: 0.959, data_time: 0.009, memory: 21505, loss_decode: 0.7188, decode_ce: 0.1985, decode_dice: 0.2643, decode_lovasz: 0.2975, decode_boundary: 0.3808, decode_scale_reg: 0.0030, decode_lambda_bound: 0.4331, decode_boundary_boost: 0.0250, aux.loss_ce: 0.1074, aux.acc_seg: 92.1057, loss: 0.8261
2026-05-11 09:33:56,429 - mmseg - INFO - Iter [8400/40000]	lr: 7.197e-05, eta: 8:31:06, time: 0.958, data_time: 0.009, memory: 21505, loss_decode: 0.7403, decode_ce: 0.1841, decode_dice: 0.3163, decode_lovasz: 0.3140, decode_boundary: 0.3740, decode_scale_reg: 0.0011, decode_lambda_bound: 0.4344, decode_boundary_boost: 0.0250, aux.loss_ce: 0.0988, aux.acc_seg: 92.8518, loss: 0.8391
2026-05-11 09:34:44,377 - mmseg - INFO - Iter [8450/40000]	lr: 7.186e-05, eta: 8:30:15, time: 0.959, data_time: 0.009, memory: 21505, loss_decode: 0.7343, decode_ce: 0.1954, decode_dice: 0.3075, decode_lovasz: 0.2968, decode_boundary: 0.3774, decode_scale_reg: 0.0014, decode_lambda_bound: 0.4307, decode_boundary_boost: 0.0200, aux.loss_ce: 0.1080, aux.acc_seg: 92.3628, loss: 0.8424
2026-05-11 09:35:32,282 - mmseg - INFO - Iter [8500/40000]	lr: 7.175e-05, eta: 8:29:25, time: 0.958, data_time: 0.009, memory: 21505, loss_decode: 0.7178, decode_ce: 0.1948, decode_dice: 0.2784, decode_lovasz: 0.2971, decode_boundary: 0.3725, decode_scale_reg: 0.0034, decode_lambda_bound: 0.4319, decode_boundary_boost: 0.0200, aux.loss_ce: 0.1053, aux.acc_seg: 92.2414, loss: 0.8231
2026-05-11 09:36:20,225 - mmseg - INFO - Iter [8550/40000]	lr: 7.164e-05, eta: 8:28:34, time: 0.959, data_time: 0.009, memory: 21505, loss_decode: 0.7450, decode_ce: 0.1985, decode_dice: 0.3095, decode_lovasz: 0.3046, decode_boundary: 0.3769, decode_scale_reg: 0.0017, decode_lambda_bound: 0.4331, decode_boundary_boost: 0.0200, aux.loss_ce: 0.1079, aux.acc_seg: 92.1611, loss: 0.8528
2026-05-11 09:37:08,162 - mmseg - INFO - Iter [8600/40000]	lr: 7.153e-05, eta: 8:27:43, time: 0.959, data_time: 0.009, memory: 21505, loss_decode: 0.7720, decode_ce: 0.2300, decode_dice: 0.2935, decode_lovasz: 0.3111, decode_boundary: 0.3728, decode_scale_reg: 0.0021, decode_lambda_bound: 0.4344, decode_boundary_boost: 0.0200, aux.loss_ce: 0.1208, aux.acc_seg: 91.4959, loss: 0.8928
2026-05-11 09:37:56,239 - mmseg - INFO - Iter [8650/40000]	lr: 7.142e-05, eta: 8:26:53, time: 0.962, data_time: 0.009, memory: 21505, loss_decode: 0.7029, decode_ce: 0.1996, decode_dice: 0.2698, decode_lovasz: 0.2752, decode_boundary: 0.3718, decode_scale_reg: 0.0011, decode_lambda_bound: 0.4356, decode_boundary_boost: 0.0200, aux.loss_ce: 0.1097, aux.acc_seg: 92.0297, loss: 0.8126
2026-05-11 09:38:44,203 - mmseg - INFO - Iter [8700/40000]	lr: 7.132e-05, eta: 8:26:03, time: 0.959, data_time: 0.009, memory: 21505, loss_decode: 0.7470, decode_ce: 0.2136, decode_dice: 0.2783, decode_lovasz: 0.3009, decode_boundary: 0.3858, decode_scale_reg: 0.0007, decode_lambda_bound: 0.4369, decode_boundary_boost: 0.0200, aux.loss_ce: 0.1138, aux.acc_seg: 92.0045, loss: 0.8609
2026-05-11 09:39:32,225 - mmseg - INFO - Iter [8750/40000]	lr: 7.121e-05, eta: 8:25:13, time: 0.960, data_time: 0.009, memory: 21505, loss_decode: 0.7193, decode_ce: 0.1968, decode_dice: 0.2836, decode_lovasz: 0.2936, decode_boundary: 0.3663, decode_scale_reg: 0.0013, decode_lambda_bound: 0.4381, decode_boundary_boost: 0.0200, aux.loss_ce: 0.1041, aux.acc_seg: 92.6745, loss: 0.8234
2026-05-11 09:40:20,220 - mmseg - INFO - Iter [8800/40000]	lr: 7.110e-05, eta: 8:24:22, time: 0.960, data_time: 0.009, memory: 21505, loss_decode: 0.7054, decode_ce: 0.1871, decode_dice: 0.2901, decode_lovasz: 0.2798, decode_boundary: 0.3719, decode_scale_reg: 0.0008, decode_lambda_bound: 0.4394, decode_boundary_boost: 0.0200, aux.loss_ce: 0.0978, aux.acc_seg: 93.2050, loss: 0.8032
2026-05-11 09:41:08,184 - mmseg - INFO - Iter [8850/40000]	lr: 7.099e-05, eta: 8:23:32, time: 0.959, data_time: 0.009, memory: 21505, loss_decode: 0.7776, decode_ce: 0.2143, decode_dice: 0.3210, decode_lovasz: 0.3133, decode_boundary: 0.3727, decode_scale_reg: 0.0016, decode_lambda_bound: 0.4504, decode_boundary_boost: 0.0300, aux.loss_ce: 0.1098, aux.acc_seg: 92.1798, loss: 0.8874
2026-05-11 09:41:56,160 - mmseg - INFO - Iter [8900/40000]	lr: 7.088e-05, eta: 8:22:42, time: 0.960, data_time: 0.009, memory: 21505, loss_decode: 0.7648, decode_ce: 0.2086, decode_dice: 0.3228, decode_lovasz: 0.2978, decode_boundary: 0.3793, decode_scale_reg: 0.0008, decode_lambda_bound: 0.4519, decode_boundary_boost: 0.0300, aux.loss_ce: 0.1107, aux.acc_seg: 92.0297, loss: 0.8754
2026-05-11 09:42:44,145 - mmseg - INFO - Iter [8950/40000]	lr: 7.078e-05, eta: 8:21:51, time: 0.960, data_time: 0.009, memory: 21505, loss_decode: 0.8195, decode_ce: 0.2187, decode_dice: 0.3433, decode_lovasz: 0.3440, decode_boundary: 0.3775, decode_scale_reg: 0.0009, decode_lambda_bound: 0.4531, decode_boundary_boost: 0.0300, aux.loss_ce: 0.1154, aux.acc_seg: 91.8658, loss: 0.9348
2026-05-11 09:43:32,123 - mmseg - INFO - Exp name: uper_cosnet_zerowaste_40k.py
2026-05-11 09:43:32,123 - mmseg - INFO - Iter [9000/40000]	lr: 7.067e-05, eta: 8:21:01, time: 0.960, data_time: 0.009, memory: 21505, loss_decode: 0.7401, decode_ce: 0.1918, decode_dice: 0.3014, decode_lovasz: 0.3028, decode_boundary: 0.3751, decode_scale_reg: 0.0007, decode_lambda_bound: 0.4544, decode_boundary_boost: 0.0300, aux.loss_ce: 0.1004, aux.acc_seg: 92.7874, loss: 0.8404
2026-05-11 09:44:20,041 - mmseg - INFO - Iter [9050/40000]	lr: 7.056e-05, eta: 8:20:11, time: 0.958, data_time: 0.009, memory: 21505, loss_decode: 0.7178, decode_ce: 0.1985, decode_dice: 0.2778, decode_lovasz: 0.2774, decode_boundary: 0.3782, decode_scale_reg: 0.0010, decode_lambda_bound: 0.4556, decode_boundary_boost: 0.0300, aux.loss_ce: 0.1039, aux.acc_seg: 92.6594, loss: 0.8216
2026-05-11 09:45:08,053 - mmseg - INFO - Iter [9100/40000]	lr: 7.045e-05, eta: 8:19:21, time: 0.960, data_time: 0.009, memory: 21505, loss_decode: 0.7079, decode_ce: 0.1804, decode_dice: 0.2912, decode_lovasz: 0.2884, decode_boundary: 0.3625, decode_scale_reg: 0.0007, decode_lambda_bound: 0.4569, decode_boundary_boost: 0.0300, aux.loss_ce: 0.0987, aux.acc_seg: 92.7716, loss: 0.8066
2026-05-11 09:45:56,009 - mmseg - INFO - Iter [9150/40000]	lr: 7.034e-05, eta: 8:18:30, time: 0.959, data_time: 0.009, memory: 21505, loss_decode: 0.6919, decode_ce: 0.1787, decode_dice: 0.2755, decode_lovasz: 0.2775, decode_boundary: 0.3653, decode_scale_reg: 0.0011, decode_lambda_bound: 0.4581, decode_boundary_boost: 0.0300, aux.loss_ce: 0.0990, aux.acc_seg: 93.0187, loss: 0.7909
2026-05-11 09:46:43,957 - mmseg - INFO - Iter [9200/40000]	lr: 7.024e-05, eta: 8:17:40, time: 0.959, data_time: 0.009, memory: 21505, loss_decode: 0.7150, decode_ce: 0.1857, decode_dice: 0.2846, decode_lovasz: 0.2866, decode_boundary: 0.3746, decode_scale_reg: 0.0012, decode_lambda_bound: 0.4594, decode_boundary_boost: 0.0300, aux.loss_ce: 0.0983, aux.acc_seg: 92.9169, loss: 0.8133
2026-05-11 09:47:31,944 - mmseg - INFO - Iter [9250/40000]	lr: 7.013e-05, eta: 8:16:50, time: 0.960, data_time: 0.009, memory: 21505, loss_decode: 0.6946, decode_ce: 0.1952, decode_dice: 0.2545, decode_lovasz: 0.2700, decode_boundary: 0.3722, decode_scale_reg: 0.0008, decode_lambda_bound: 0.4557, decode_boundary_boost: 0.0250, aux.loss_ce: 0.1044, aux.acc_seg: 92.6349, loss: 0.7990
2026-05-11 09:48:19,901 - mmseg - INFO - Iter [9300/40000]	lr: 7.002e-05, eta: 8:16:00, time: 0.959, data_time: 0.009, memory: 21505, loss_decode: 0.6788, decode_ce: 0.1812, decode_dice: 0.2408, decode_lovasz: 0.2762, decode_boundary: 0.3723, decode_scale_reg: 0.0010, decode_lambda_bound: 0.4569, decode_boundary_boost: 0.0250, aux.loss_ce: 0.0991, aux.acc_seg: 92.8054, loss: 0.7779
2026-05-11 09:49:07,863 - mmseg - INFO - Iter [9350/40000]	lr: 6.991e-05, eta: 8:15:10, time: 0.959, data_time: 0.009, memory: 21505, loss_decode: 0.7143, decode_ce: 0.1903, decode_dice: 0.2893, decode_lovasz: 0.2789, decode_boundary: 0.3714, decode_scale_reg: 0.0010, decode_lambda_bound: 0.4581, decode_boundary_boost: 0.0250, aux.loss_ce: 0.1032, aux.acc_seg: 92.4436, loss: 0.8175
2026-05-11 09:49:55,748 - mmseg - INFO - Iter [9400/40000]	lr: 6.980e-05, eta: 8:14:19, time: 0.958, data_time: 0.008, memory: 21505, loss_decode: 0.6810, decode_ce: 0.1784, decode_dice: 0.2567, decode_lovasz: 0.2711, decode_boundary: 0.3719, decode_scale_reg: 0.0007, decode_lambda_bound: 0.4594, decode_boundary_boost: 0.0250, aux.loss_ce: 0.0966, aux.acc_seg: 93.0788, loss: 0.7775
2026-05-11 09:50:43,820 - mmseg - INFO - Iter [9450/40000]	lr: 6.969e-05, eta: 8:13:30, time: 0.961, data_time: 0.008, memory: 21505, loss_decode: 0.6975, decode_ce: 0.1808, decode_dice: 0.2636, decode_lovasz: 0.2844, decode_boundary: 0.3726, decode_scale_reg: 0.0010, decode_lambda_bound: 0.4606, decode_boundary_boost: 0.0250, aux.loss_ce: 0.0987, aux.acc_seg: 92.9189, loss: 0.7962
2026-05-11 09:51:31,307 - mmseg - INFO - Iter [9500/40000]	lr: 6.959e-05, eta: 8:12:38, time: 0.950, data_time: 0.008, memory: 21505, loss_decode: 0.7481, decode_ce: 0.1998, decode_dice: 0.2887, decode_lovasz: 0.3115, decode_boundary: 0.3689, decode_scale_reg: 0.0010, decode_lambda_bound: 0.4619, decode_boundary_boost: 0.0250, aux.loss_ce: 0.1050, aux.acc_seg: 92.5214, loss: 0.8531
2026-05-11 09:52:18,721 - mmseg - INFO - Iter [9550/40000]	lr: 6.948e-05, eta: 8:11:46, time: 0.948, data_time: 0.008, memory: 21505, loss_decode: 0.6987, decode_ce: 0.1935, decode_dice: 0.2800, decode_lovasz: 0.2597, decode_boundary: 0.3679, decode_scale_reg: 0.0019, decode_lambda_bound: 0.4631, decode_boundary_boost: 0.0250, aux.loss_ce: 0.1062, aux.acc_seg: 92.3938, loss: 0.8048
2026-05-11 09:53:06,037 - mmseg - INFO - Iter [9600/40000]	lr: 6.937e-05, eta: 8:10:54, time: 0.946, data_time: 0.008, memory: 21505, loss_decode: 0.8715, decode_ce: 0.2594, decode_dice: 0.3349, decode_lovasz: 0.3579, decode_boundary: 0.3795, decode_scale_reg: 0.0012, decode_lambda_bound: 0.4644, decode_boundary_boost: 0.0250, aux.loss_ce: 0.1197, aux.acc_seg: 91.6689, loss: 0.9912
2026-05-11 09:53:53,259 - mmseg - INFO - Iter [9650/40000]	lr: 6.926e-05, eta: 8:10:02, time: 0.944, data_time: 0.008, memory: 21505, loss_decode: 0.7481, decode_ce: 0.2039, decode_dice: 0.2842, decode_lovasz: 0.3011, decode_boundary: 0.3708, decode_scale_reg: 0.0012, decode_lambda_bound: 0.4754, decode_boundary_boost: 0.0350, aux.loss_ce: 0.1052, aux.acc_seg: 92.3716, loss: 0.8532
2026-05-11 09:54:40,512 - mmseg - INFO - Iter [9700/40000]	lr: 6.915e-05, eta: 8:09:10, time: 0.945, data_time: 0.008, memory: 21505, loss_decode: 0.7275, decode_ce: 0.1957, decode_dice: 0.2719, decode_lovasz: 0.2971, decode_boundary: 0.3630, decode_scale_reg: 0.0012, decode_lambda_bound: 0.4769, decode_boundary_boost: 0.0350, aux.loss_ce: 0.1056, aux.acc_seg: 92.5834, loss: 0.8331
2026-05-11 09:55:27,626 - mmseg - INFO - Iter [9750/40000]	lr: 6.905e-05, eta: 8:08:17, time: 0.942, data_time: 0.008, memory: 21505, loss_decode: 0.6393, decode_ce: 0.1573, decode_dice: 0.2394, decode_lovasz: 0.2462, decode_boundary: 0.3714, decode_scale_reg: 0.0011, decode_lambda_bound: 0.4781, decode_boundary_boost: 0.0350, aux.loss_ce: 0.0910, aux.acc_seg: 93.3625, loss: 0.7302
2026-05-11 09:56:14,732 - mmseg - INFO - Iter [9800/40000]	lr: 6.894e-05, eta: 8:07:25, time: 0.942, data_time: 0.008, memory: 21505, loss_decode: 0.6823, decode_ce: 0.1827, decode_dice: 0.2513, decode_lovasz: 0.2626, decode_boundary: 0.3693, decode_scale_reg: 0.0007, decode_lambda_bound: 0.4794, decode_boundary_boost: 0.0350, aux.loss_ce: 0.0987, aux.acc_seg: 92.7407, loss: 0.7810
2026-05-11 09:57:01,801 - mmseg - INFO - Iter [9850/40000]	lr: 6.883e-05, eta: 8:06:32, time: 0.941, data_time: 0.008, memory: 21505, loss_decode: 0.6773, decode_ce: 0.1741, decode_dice: 0.2690, decode_lovasz: 0.2632, decode_boundary: 0.3565, decode_scale_reg: 0.0011, decode_lambda_bound: 0.4806, decode_boundary_boost: 0.0350, aux.loss_ce: 0.0963, aux.acc_seg: 93.0787, loss: 0.7737
2026-05-11 09:57:48,812 - mmseg - INFO - Iter [9900/40000]	lr: 6.872e-05, eta: 8:05:39, time: 0.940, data_time: 0.008, memory: 21505, loss_decode: 0.6976, decode_ce: 0.1809, decode_dice: 0.2629, decode_lovasz: 0.2773, decode_boundary: 0.3678, decode_scale_reg: 0.0021, decode_lambda_bound: 0.4819, decode_boundary_boost: 0.0350, aux.loss_ce: 0.0978, aux.acc_seg: 93.0858, loss: 0.7954
2026-05-11 09:58:35,784 - mmseg - INFO - Iter [9950/40000]	lr: 6.861e-05, eta: 8:04:47, time: 0.939, data_time: 0.008, memory: 21505, loss_decode: 0.6791, decode_ce: 0.1729, decode_dice: 0.2651, decode_lovasz: 0.2654, decode_boundary: 0.3612, decode_scale_reg: 0.0020, decode_lambda_bound: 0.4831, decode_boundary_boost: 0.0350, aux.loss_ce: 0.0933, aux.acc_seg: 93.1203, loss: 0.7724
2026-05-11 09:59:22,837 - mmseg - INFO - Exp name: uper_cosnet_zerowaste_40k.py
2026-05-11 09:59:22,838 - mmseg - INFO - Iter [10000/40000]	lr: 6.850e-05, eta: 8:03:54, time: 0.941, data_time: 0.008, memory: 21505, loss_decode: 0.6421, decode_ce: 0.1642, decode_dice: 0.2487, decode_lovasz: 0.2388, decode_boundary: 0.3600, decode_scale_reg: 0.0011, decode_lambda_bound: 0.4844, decode_boundary_boost: 0.0350, aux.loss_ce: 0.0905, aux.acc_seg: 93.5040, loss: 0.7326
2026-05-11 10:00:09,879 - mmseg - INFO - Iter [10050/40000]	lr: 6.840e-05, eta: 8:03:02, time: 0.941, data_time: 0.009, memory: 21505, loss_decode: 0.6383, decode_ce: 0.1733, decode_dice: 0.2186, decode_lovasz: 0.2435, decode_boundary: 0.3600, decode_scale_reg: 0.0008, decode_lambda_bound: 0.4807, decode_boundary_boost: 0.0300, aux.loss_ce: 0.0973, aux.acc_seg: 93.0493, loss: 0.7357
2026-05-11 10:00:56,887 - mmseg - INFO - Iter [10100/40000]	lr: 6.829e-05, eta: 8:02:09, time: 0.940, data_time: 0.009, memory: 21505, loss_decode: 0.6672, decode_ce: 0.1807, decode_dice: 0.2337, decode_lovasz: 0.2569, decode_boundary: 0.3672, decode_scale_reg: 0.0010, decode_lambda_bound: 0.4819, decode_boundary_boost: 0.0300, aux.loss_ce: 0.0949, aux.acc_seg: 93.0937, loss: 0.7622
2026-05-11 10:01:43,920 - mmseg - INFO - Iter [10150/40000]	lr: 6.818e-05, eta: 8:01:17, time: 0.941, data_time: 0.009, memory: 21505, loss_decode: 0.6840, decode_ce: 0.1879, decode_dice: 0.2473, decode_lovasz: 0.2686, decode_boundary: 0.3538, decode_scale_reg: 0.0008, decode_lambda_bound: 0.4831, decode_boundary_boost: 0.0300, aux.loss_ce: 0.0995, aux.acc_seg: 92.8429, loss: 0.7835
2026-05-11 10:02:30,863 - mmseg - INFO - Iter [10200/40000]	lr: 6.807e-05, eta: 8:00:25, time: 0.939, data_time: 0.008, memory: 21505, loss_decode: 0.6804, decode_ce: 0.1764, decode_dice: 0.2756, decode_lovasz: 0.2544, decode_boundary: 0.3621, decode_scale_reg: 0.0008, decode_lambda_bound: 0.4844, decode_boundary_boost: 0.0300, aux.loss_ce: 0.0977, aux.acc_seg: 92.9276, loss: 0.7781
2026-05-11 10:03:17,844 - mmseg - INFO - Iter [10250/40000]	lr: 6.796e-05, eta: 7:59:32, time: 0.940, data_time: 0.009, memory: 21505, loss_decode: 0.6958, decode_ce: 0.1850, decode_dice: 0.2651, decode_lovasz: 0.2677, decode_boundary: 0.3654, decode_scale_reg: 0.0010, decode_lambda_bound: 0.4856, decode_boundary_boost: 0.0300, aux.loss_ce: 0.0982, aux.acc_seg: 92.9974, loss: 0.7940
2026-05-11 10:04:04,710 - mmseg - INFO - Iter [10300/40000]	lr: 6.785e-05, eta: 7:58:39, time: 0.937, data_time: 0.009, memory: 21505, loss_decode: 0.7066, decode_ce: 0.1946, decode_dice: 0.2534, decode_lovasz: 0.2748, decode_boundary: 0.3681, decode_scale_reg: 0.0015, decode_lambda_bound: 0.4869, decode_boundary_boost: 0.0300, aux.loss_ce: 0.1048, aux.acc_seg: 92.2514, loss: 0.8114
2026-05-11 10:04:51,580 - mmseg - INFO - Iter [10350/40000]	lr: 6.775e-05, eta: 7:57:47, time: 0.937, data_time: 0.009, memory: 21505, loss_decode: 0.7012, decode_ce: 0.1764, decode_dice: 0.2819, decode_lovasz: 0.2773, decode_boundary: 0.3603, decode_scale_reg: 0.0011, decode_lambda_bound: 0.4881, decode_boundary_boost: 0.0300, aux.loss_ce: 0.0993, aux.acc_seg: 93.1718, loss: 0.8005
2026-05-11 10:05:38,428 - mmseg - INFO - Iter [10400/40000]	lr: 6.764e-05, eta: 7:56:54, time: 0.937, data_time: 0.009, memory: 21505, loss_decode: 0.6685, decode_ce: 0.1789, decode_dice: 0.2436, decode_lovasz: 0.2534, decode_boundary: 0.3632, decode_scale_reg: 0.0008, decode_lambda_bound: 0.4894, decode_boundary_boost: 0.0300, aux.loss_ce: 0.0988, aux.acc_seg: 92.8754, loss: 0.7673
2026-05-11 10:06:25,380 - mmseg - INFO - Iter [10450/40000]	lr: 6.753e-05, eta: 7:56:02, time: 0.939, data_time: 0.009, memory: 21505, loss_decode: 0.6661, decode_ce: 0.1704, decode_dice: 0.2543, decode_lovasz: 0.2561, decode_boundary: 0.3525, decode_scale_reg: 0.0006, decode_lambda_bound: 0.5004, decode_boundary_boost: 0.0400, aux.loss_ce: 0.0933, aux.acc_seg: 93.4128, loss: 0.7594
2026-05-11 10:07:12,251 - mmseg - INFO - Iter [10500/40000]	lr: 6.742e-05, eta: 7:55:10, time: 0.937, data_time: 0.008, memory: 21505, loss_decode: 0.6556, decode_ce: 0.1824, decode_dice: 0.2112, decode_lovasz: 0.2476, decode_boundary: 0.3624, decode_scale_reg: 0.0012, decode_lambda_bound: 0.5019, decode_boundary_boost: 0.0400, aux.loss_ce: 0.0979, aux.acc_seg: 93.1046, loss: 0.7535
2026-05-11 10:07:59,136 - mmseg - INFO - Iter [10550/40000]	lr: 6.731e-05, eta: 7:54:17, time: 0.938, data_time: 0.008, memory: 21505, loss_decode: 0.6958, decode_ce: 0.1774, decode_dice: 0.2666, decode_lovasz: 0.2773, decode_boundary: 0.3519, decode_scale_reg: 0.0007, decode_lambda_bound: 0.5031, decode_boundary_boost: 0.0400, aux.loss_ce: 0.0920, aux.acc_seg: 93.3937, loss: 0.7877
2026-05-11 10:08:46,011 - mmseg - INFO - Iter [10600/40000]	lr: 6.720e-05, eta: 7:53:25, time: 0.937, data_time: 0.009, memory: 21505, loss_decode: 0.7216, decode_ce: 0.1899, decode_dice: 0.2788, decode_lovasz: 0.2815, decode_boundary: 0.3591, decode_scale_reg: 0.0010, decode_lambda_bound: 0.5044, decode_boundary_boost: 0.0400, aux.loss_ce: 0.1009, aux.acc_seg: 92.8397, loss: 0.8225
2026-05-11 10:09:32,837 - mmseg - INFO - Iter [10650/40000]	lr: 6.710e-05, eta: 7:52:33, time: 0.937, data_time: 0.009, memory: 21505, loss_decode: 0.7301, decode_ce: 0.1937, decode_dice: 0.2608, decode_lovasz: 0.2971, decode_boundary: 0.3623, decode_scale_reg: 0.0005, decode_lambda_bound: 0.5056, decode_boundary_boost: 0.0400, aux.loss_ce: 0.1045, aux.acc_seg: 92.4114, loss: 0.8346
2026-05-11 10:10:19,632 - mmseg - INFO - Iter [10700/40000]	lr: 6.699e-05, eta: 7:51:40, time: 0.936, data_time: 0.009, memory: 21505, loss_decode: 0.6972, decode_ce: 0.1775, decode_dice: 0.2637, decode_lovasz: 0.2747, decode_boundary: 0.3587, decode_scale_reg: 0.0010, decode_lambda_bound: 0.5069, decode_boundary_boost: 0.0400, aux.loss_ce: 0.1012, aux.acc_seg: 92.6421, loss: 0.7984
2026-05-11 10:11:06,428 - mmseg - INFO - Iter [10750/40000]	lr: 6.688e-05, eta: 7:50:48, time: 0.936, data_time: 0.009, memory: 21505, loss_decode: 0.7299, decode_ce: 0.1791, decode_dice: 0.3280, decode_lovasz: 0.2782, decode_boundary: 0.3507, decode_scale_reg: 0.0010, decode_lambda_bound: 0.5081, decode_boundary_boost: 0.0400, aux.loss_ce: 0.0948, aux.acc_seg: 93.3106, loss: 0.8247
2026-05-11 10:11:53,219 - mmseg - INFO - Iter [10800/40000]	lr: 6.677e-05, eta: 7:49:55, time: 0.936, data_time: 0.009, memory: 21505, loss_decode: 0.6739, decode_ce: 0.1755, decode_dice: 0.2451, decode_lovasz: 0.2607, decode_boundary: 0.3541, decode_scale_reg: 0.0006, decode_lambda_bound: 0.5094, decode_boundary_boost: 0.0400, aux.loss_ce: 0.0961, aux.acc_seg: 93.0296, loss: 0.7700
2026-05-11 10:12:39,932 - mmseg - INFO - Iter [10850/40000]	lr: 6.666e-05, eta: 7:49:03, time: 0.934, data_time: 0.009, memory: 21505, loss_decode: 0.7473, decode_ce: 0.1968, decode_dice: 0.3082, decode_lovasz: 0.2750, decode_boundary: 0.3653, decode_scale_reg: 0.0008, decode_lambda_bound: 0.5204, decode_boundary_boost: 0.0500, aux.loss_ce: 0.1063, aux.acc_seg: 92.4717, loss: 0.8536
2026-05-11 10:13:26,654 - mmseg - INFO - Iter [10900/40000]	lr: 6.655e-05, eta: 7:48:11, time: 0.934, data_time: 0.009, memory: 21505, loss_decode: 0.7568, decode_ce: 0.1933, decode_dice: 0.3136, decode_lovasz: 0.2907, decode_boundary: 0.3616, decode_scale_reg: 0.0007, decode_lambda_bound: 0.5219, decode_boundary_boost: 0.0500, aux.loss_ce: 0.1029, aux.acc_seg: 92.6328, loss: 0.8597
2026-05-11 10:14:13,441 - mmseg - INFO - Iter [10950/40000]	lr: 6.644e-05, eta: 7:47:18, time: 0.936, data_time: 0.009, memory: 21505, loss_decode: 0.7129, decode_ce: 0.1762, decode_dice: 0.2816, decode_lovasz: 0.2751, decode_boundary: 0.3624, decode_scale_reg: 0.0008, decode_lambda_bound: 0.5231, decode_boundary_boost: 0.0500, aux.loss_ce: 0.0975, aux.acc_seg: 92.9085, loss: 0.8104
2026-05-11 10:15:00,242 - mmseg - INFO - Exp name: uper_cosnet_zerowaste_40k.py
2026-05-11 10:15:00,242 - mmseg - INFO - Iter [11000/40000]	lr: 6.634e-05, eta: 7:46:26, time: 0.936, data_time: 0.009, memory: 21505, loss_decode: 0.6754, decode_ce: 0.1665, decode_dice: 0.2607, decode_lovasz: 0.2574, decode_boundary: 0.3538, decode_scale_reg: 0.0009, decode_lambda_bound: 0.5244, decode_boundary_boost: 0.0500, aux.loss_ce: 0.0913, aux.acc_seg: 93.4815, loss: 0.7668
2026-05-11 10:15:47,100 - mmseg - INFO - Iter [11050/40000]	lr: 6.623e-05, eta: 7:45:34, time: 0.937, data_time: 0.009, memory: 21505, loss_decode: 0.6534, decode_ce: 0.1716, decode_dice: 0.2150, decode_lovasz: 0.2462, decode_boundary: 0.3609, decode_scale_reg: 0.0007, decode_lambda_bound: 0.5256, decode_boundary_boost: 0.0500, aux.loss_ce: 0.0910, aux.acc_seg: 93.4310, loss: 0.7443
2026-05-11 10:16:33,773 - mmseg - INFO - Iter [11100/40000]	lr: 6.612e-05, eta: 7:44:42, time: 0.933, data_time: 0.009, memory: 21505, loss_decode: 0.5978, decode_ce: 0.1449, decode_dice: 0.2088, decode_lovasz: 0.2233, decode_boundary: 0.3436, decode_scale_reg: 0.0007, decode_lambda_bound: 0.5269, decode_boundary_boost: 0.0500, aux.loss_ce: 0.0836, aux.acc_seg: 93.9893, loss: 0.6814
2026-05-11 10:17:20,456 - mmseg - INFO - Iter [11150/40000]	lr: 6.601e-05, eta: 7:43:50, time: 0.934, data_time: 0.009, memory: 21505, loss_decode: 0.6760, decode_ce: 0.1741, decode_dice: 0.2552, decode_lovasz: 0.2511, decode_boundary: 0.3520, decode_scale_reg: 0.0024, decode_lambda_bound: 0.5281, decode_boundary_boost: 0.0500, aux.loss_ce: 0.0947, aux.acc_seg: 92.9859, loss: 0.7707
2026-05-11 10:18:07,142 - mmseg - INFO - Iter [11200/40000]	lr: 6.590e-05, eta: 7:42:58, time: 0.934, data_time: 0.008, memory: 21505, loss_decode: 0.6559, decode_ce: 0.1704, decode_dice: 0.2463, decode_lovasz: 0.2361, decode_boundary: 0.3500, decode_scale_reg: 0.0017, decode_lambda_bound: 0.5294, decode_boundary_boost: 0.0500, aux.loss_ce: 0.0970, aux.acc_seg: 93.1395, loss: 0.7529
2026-05-11 10:18:53,892 - mmseg - INFO - Iter [11250/40000]	lr: 6.579e-05, eta: 7:42:06, time: 0.935, data_time: 0.009, memory: 21505, loss_decode: 0.6996, decode_ce: 0.1687, decode_dice: 0.2808, decode_lovasz: 0.2711, decode_boundary: 0.3561, decode_scale_reg: 0.0016, decode_lambda_bound: 0.5257, decode_boundary_boost: 0.0450, aux.loss_ce: 0.0890, aux.acc_seg: 93.5969, loss: 0.7887
2026-05-11 10:19:40,605 - mmseg - INFO - Iter [11300/40000]	lr: 6.569e-05, eta: 7:41:13, time: 0.934, data_time: 0.009, memory: 21505, loss_decode: 0.6669, decode_ce: 0.1655, decode_dice: 0.2590, decode_lovasz: 0.2485, decode_boundary: 0.3522, decode_scale_reg: 0.0011, decode_lambda_bound: 0.5269, decode_boundary_boost: 0.0450, aux.loss_ce: 0.0899, aux.acc_seg: 93.5048, loss: 0.7568
2026-05-11 10:20:27,312 - mmseg - INFO - Iter [11350/40000]	lr: 6.558e-05, eta: 7:40:21, time: 0.934, data_time: 0.009, memory: 21505, loss_decode: 0.6568, decode_ce: 0.1771, decode_dice: 0.2214, decode_lovasz: 0.2426, decode_boundary: 0.3542, decode_scale_reg: 0.0012, decode_lambda_bound: 0.5281, decode_boundary_boost: 0.0450, aux.loss_ce: 0.0978, aux.acc_seg: 92.8814, loss: 0.7546
2026-05-11 10:21:14,060 - mmseg - INFO - Iter [11400/40000]	lr: 6.547e-05, eta: 7:39:30, time: 0.935, data_time: 0.009, memory: 21505, loss_decode: 0.6762, decode_ce: 0.1657, decode_dice: 0.2555, decode_lovasz: 0.2634, decode_boundary: 0.3498, decode_scale_reg: 0.0007, decode_lambda_bound: 0.5294, decode_boundary_boost: 0.0450, aux.loss_ce: 0.0930, aux.acc_seg: 93.2911, loss: 0.7693
2026-05-11 10:22:00,735 - mmseg - INFO - Iter [11450/40000]	lr: 6.536e-05, eta: 7:38:38, time: 0.934, data_time: 0.008, memory: 21505, loss_decode: 0.6637, decode_ce: 0.1620, decode_dice: 0.2437, decode_lovasz: 0.2577, decode_boundary: 0.3516, decode_scale_reg: 0.0006, decode_lambda_bound: 0.5306, decode_boundary_boost: 0.0450, aux.loss_ce: 0.0915, aux.acc_seg: 93.2448, loss: 0.7552
2026-05-11 10:22:47,458 - mmseg - INFO - Iter [11500/40000]	lr: 6.525e-05, eta: 7:37:46, time: 0.934, data_time: 0.009, memory: 21505, loss_decode: 0.6575, decode_ce: 0.1688, decode_dice: 0.2383, decode_lovasz: 0.2468, decode_boundary: 0.3467, decode_scale_reg: 0.0009, decode_lambda_bound: 0.5319, decode_boundary_boost: 0.0450, aux.loss_ce: 0.0913, aux.acc_seg: 93.5662, loss: 0.7488
2026-05-11 10:23:34,121 - mmseg - INFO - Iter [11550/40000]	lr: 6.514e-05, eta: 7:36:54, time: 0.933, data_time: 0.009, memory: 21505, loss_decode: 0.7419, decode_ce: 0.1811, decode_dice: 0.3209, decode_lovasz: 0.2769, decode_boundary: 0.3613, decode_scale_reg: 0.0007, decode_lambda_bound: 0.5331, decode_boundary_boost: 0.0450, aux.loss_ce: 0.0982, aux.acc_seg: 92.9577, loss: 0.8401
2026-05-11 10:24:20,852 - mmseg - INFO - Iter [11600/40000]	lr: 6.503e-05, eta: 7:36:02, time: 0.935, data_time: 0.009, memory: 21505, loss_decode: 0.6801, decode_ce: 0.1650, decode_dice: 0.2929, decode_lovasz: 0.2440, decode_boundary: 0.3474, decode_scale_reg: 0.0008, decode_lambda_bound: 0.5344, decode_boundary_boost: 0.0450, aux.loss_ce: 0.0898, aux.acc_seg: 93.5642, loss: 0.7699
2026-05-11 10:25:07,588 - mmseg - INFO - Iter [11650/40000]	lr: 6.493e-05, eta: 7:35:10, time: 0.935, data_time: 0.009, memory: 21505, loss_decode: 0.6859, decode_ce: 0.1642, decode_dice: 0.2670, decode_lovasz: 0.2684, decode_boundary: 0.3520, decode_scale_reg: 0.0005, decode_lambda_bound: 0.5307, decode_boundary_boost: 0.0400, aux.loss_ce: 0.0939, aux.acc_seg: 93.2518, loss: 0.7797
2026-05-11 10:25:54,261 - mmseg - INFO - Iter [11700/40000]	lr: 6.482e-05, eta: 7:34:19, time: 0.933, data_time: 0.009, memory: 21505, loss_decode: 0.6267, decode_ce: 0.1597, decode_dice: 0.2212, decode_lovasz: 0.2324, decode_boundary: 0.3423, decode_scale_reg: 0.0007, decode_lambda_bound: 0.5319, decode_boundary_boost: 0.0400, aux.loss_ce: 0.0872, aux.acc_seg: 93.8156, loss: 0.7139
2026-05-11 10:26:40,933 - mmseg - INFO - Iter [11750/40000]	lr: 6.471e-05, eta: 7:33:27, time: 0.933, data_time: 0.009, memory: 21505, loss_decode: 0.6525, decode_ce: 0.1621, decode_dice: 0.2418, decode_lovasz: 0.2480, decode_boundary: 0.3441, decode_scale_reg: 0.0019, decode_lambda_bound: 0.5331, decode_boundary_boost: 0.0400, aux.loss_ce: 0.0912, aux.acc_seg: 93.3600, loss: 0.7438
2026-05-11 10:27:27,609 - mmseg - INFO - Iter [11800/40000]	lr: 6.460e-05, eta: 7:32:35, time: 0.934, data_time: 0.009, memory: 21505, loss_decode: 0.6887, decode_ce: 0.1700, decode_dice: 0.2632, decode_lovasz: 0.2611, decode_boundary: 0.3578, decode_scale_reg: 0.0029, decode_lambda_bound: 0.5344, decode_boundary_boost: 0.0400, aux.loss_ce: 0.0947, aux.acc_seg: 93.3055, loss: 0.7834
2026-05-11 10:28:14,346 - mmseg - INFO - Iter [11850/40000]	lr: 6.449e-05, eta: 7:31:44, time: 0.935, data_time: 0.009, memory: 21505, loss_decode: 0.6463, decode_ce: 0.1642, decode_dice: 0.2325, decode_lovasz: 0.2409, decode_boundary: 0.3457, decode_scale_reg: 0.0017, decode_lambda_bound: 0.5356, decode_boundary_boost: 0.0400, aux.loss_ce: 0.0912, aux.acc_seg: 93.4468, loss: 0.7375
2026-05-11 10:29:00,997 - mmseg - INFO - Iter [11900/40000]	lr: 6.438e-05, eta: 7:30:52, time: 0.933, data_time: 0.009, memory: 21505, loss_decode: 0.6479, decode_ce: 0.1655, decode_dice: 0.2214, decode_lovasz: 0.2445, decode_boundary: 0.3507, decode_scale_reg: 0.0013, decode_lambda_bound: 0.5369, decode_boundary_boost: 0.0400, aux.loss_ce: 0.0933, aux.acc_seg: 93.3960, loss: 0.7412
2026-05-11 10:29:47,628 - mmseg - INFO - Iter [11950/40000]	lr: 6.427e-05, eta: 7:30:00, time: 0.933, data_time: 0.009, memory: 21505, loss_decode: 0.6522, decode_ce: 0.1552, decode_dice: 0.2505, decode_lovasz: 0.2486, decode_boundary: 0.3443, decode_scale_reg: 0.0012, decode_lambda_bound: 0.5381, decode_boundary_boost: 0.0400, aux.loss_ce: 0.0877, aux.acc_seg: 93.5614, loss: 0.7400
2026-05-11 10:30:34,254 - mmseg - INFO - Saving checkpoint at 12000 iterations
2026-05-11 10:30:35,047 - mmseg - INFO - Exp name: uper_cosnet_zerowaste_40k.py
2026-05-11 10:30:35,048 - mmseg - INFO - Iter [12000/40000]	lr: 6.416e-05, eta: 7:29:11, time: 0.948, data_time: 0.009, memory: 21505, loss_decode: 0.7232, decode_ce: 0.1887, decode_dice: 0.2774, decode_lovasz: 0.2777, decode_boundary: 0.3477, decode_scale_reg: 0.0007, decode_lambda_bound: 0.5394, decode_boundary_boost: 0.0400, aux.loss_ce: 0.1023, aux.acc_seg: 92.7174, loss: 0.8255
2026-05-11 10:31:28,305 - mmseg - INFO - per class results:
2026-05-11 10:31:28,306 - mmseg - INFO - 
+---------------+-------+-------+
|     Class     |  IoU  |  Acc  |
+---------------+-------+-------+
|   background  | 89.98 | 96.92 |
| rigid_plastic | 22.95 | 27.14 |
|   cardboard   | 50.53 | 58.22 |
|     metal     |  12.3 |  14.6 |
|  soft_plastic | 59.82 | 75.48 |
+---------------+-------+-------+
2026-05-11 10:31:28,306 - mmseg - INFO - Summary:
2026-05-11 10:31:28,306 - mmseg - INFO - 
+-------+-------+-------+
|  aAcc |  mIoU |  mAcc |
+-------+-------+-------+
| 90.23 | 47.12 | 54.47 |
+-------+-------+-------+
2026-05-11 10:31:28,306 - mmseg - INFO - Exp name: uper_cosnet_zerowaste_40k.py
2026-05-11 10:31:28,307 - mmseg - INFO - Iter(val) [572]	aAcc: 0.9023, mIoU: 0.4712, mAcc: 0.5447, IoU.background: 0.8998, IoU.rigid_plastic: 0.2295, IoU.cardboard: 0.5053, IoU.metal: 0.1230, IoU.soft_plastic: 0.5982, Acc.background: 0.9692, Acc.rigid_plastic: 0.2714, Acc.cardboard: 0.5822, Acc.metal: 0.1460, Acc.soft_plastic: 0.7548
2026-05-11 10:32:14,965 - mmseg - INFO - Iter [12050/40000]	lr: 6.406e-05, eta: 7:30:23, time: 1.998, data_time: 1.074, memory: 21505, loss_decode: 0.6514, decode_ce: 0.1613, decode_dice: 0.2527, decode_lovasz: 0.2324, decode_boundary: 0.3540, decode_scale_reg: 0.0012, decode_lambda_bound: 0.5351, decode_boundary_boost: 0.0350, aux.loss_ce: 0.0912, aux.acc_seg: 93.4211, loss: 0.7426
2026-05-11 10:33:02,849 - mmseg - INFO - Iter [12100/40000]	lr: 6.395e-05, eta: 7:29:33, time: 0.958, data_time: 0.008, memory: 21505, loss_decode: 0.6263, decode_ce: 0.1602, decode_dice: 0.2188, decode_lovasz: 0.2268, decode_boundary: 0.3487, decode_scale_reg: 0.0007, decode_lambda_bound: 0.5350, decode_boundary_boost: 0.0350, aux.loss_ce: 0.0885, aux.acc_seg: 93.8119, loss: 0.7148
2026-05-11 10:33:49,919 - mmseg - INFO - Iter [12150/40000]	lr: 6.384e-05, eta: 7:28:42, time: 0.941, data_time: 0.009, memory: 21505, loss_decode: 0.6475, decode_ce: 0.1667, decode_dice: 0.2403, decode_lovasz: 0.2328, decode_boundary: 0.3478, decode_scale_reg: 0.0007, decode_lambda_bound: 0.5350, decode_boundary_boost: 0.0350, aux.loss_ce: 0.0938, aux.acc_seg: 93.2073, loss: 0.7413
2026-05-11 10:34:36,789 - mmseg - INFO - Iter [12200/40000]	lr: 6.373e-05, eta: 7:27:50, time: 0.937, data_time: 0.008, memory: 21505, loss_decode: 0.6663, decode_ce: 0.1660, decode_dice: 0.2441, decode_lovasz: 0.2562, decode_boundary: 0.3478, decode_scale_reg: 0.0006, decode_lambda_bound: 0.5350, decode_boundary_boost: 0.0350, aux.loss_ce: 0.0894, aux.acc_seg: 93.6145, loss: 0.7557
2026-05-11 10:35:23,529 - mmseg - INFO - Iter [12250/40000]	lr: 6.362e-05, eta: 7:26:58, time: 0.935, data_time: 0.009, memory: 21505, loss_decode: 0.6862, decode_ce: 0.1677, decode_dice: 0.2666, decode_lovasz: 0.2631, decode_boundary: 0.3512, decode_scale_reg: 0.0005, decode_lambda_bound: 0.5350, decode_boundary_boost: 0.0350, aux.loss_ce: 0.0935, aux.acc_seg: 93.4748, loss: 0.7797
2026-05-11 10:36:10,290 - mmseg - INFO - Iter [12300/40000]	lr: 6.351e-05, eta: 7:26:06, time: 0.935, data_time: 0.009, memory: 21505, loss_decode: 0.6598, decode_ce: 0.1616, decode_dice: 0.2550, decode_lovasz: 0.2494, decode_boundary: 0.3432, decode_scale_reg: 0.0007, decode_lambda_bound: 0.5350, decode_boundary_boost: 0.0350, aux.loss_ce: 0.0899, aux.acc_seg: 93.7306, loss: 0.7496
2026-05-11 10:36:56,894 - mmseg - INFO - Iter [12350/40000]	lr: 6.340e-05, eta: 7:25:14, time: 0.932, data_time: 0.008, memory: 21505, loss_decode: 0.6269, decode_ce: 0.1608, decode_dice: 0.2202, decode_lovasz: 0.2338, decode_boundary: 0.3376, decode_scale_reg: 0.0010, decode_lambda_bound: 0.5350, decode_boundary_boost: 0.0350, aux.loss_ce: 0.0890, aux.acc_seg: 93.6920, loss: 0.7159
2026-05-11 10:37:43,566 - mmseg - INFO - Iter [12400/40000]	lr: 6.329e-05, eta: 7:24:22, time: 0.933, data_time: 0.009, memory: 21505, loss_decode: 0.6482, decode_ce: 0.1571, decode_dice: 0.2410, decode_lovasz: 0.2481, decode_boundary: 0.3449, decode_scale_reg: 0.0009, decode_lambda_bound: 0.5350, decode_boundary_boost: 0.0350, aux.loss_ce: 0.0917, aux.acc_seg: 93.4656, loss: 0.7398
2026-05-11 10:38:30,147 - mmseg - INFO - Iter [12450/40000]	lr: 6.319e-05, eta: 7:23:30, time: 0.932, data_time: 0.008, memory: 21505, loss_decode: 0.6837, decode_ce: 0.1761, decode_dice: 0.2529, decode_lovasz: 0.2612, decode_boundary: 0.3494, decode_scale_reg: 0.0015, decode_lambda_bound: 0.5301, decode_boundary_boost: 0.0300, aux.loss_ce: 0.0950, aux.acc_seg: 93.2417, loss: 0.7787
2026-05-11 10:39:16,715 - mmseg - INFO - Iter [12500/40000]	lr: 6.308e-05, eta: 7:22:38, time: 0.931, data_time: 0.008, memory: 21505, loss_decode: 0.6798, decode_ce: 0.1765, decode_dice: 0.2338, decode_lovasz: 0.2646, decode_boundary: 0.3545, decode_scale_reg: 0.0007, decode_lambda_bound: 0.5300, decode_boundary_boost: 0.0300, aux.loss_ce: 0.0961, aux.acc_seg: 93.0971, loss: 0.7758
2026-05-11 10:40:03,442 - mmseg - INFO - Iter [12550/40000]	lr: 6.297e-05, eta: 7:21:46, time: 0.935, data_time: 0.008, memory: 21505, loss_decode: 0.6559, decode_ce: 0.1694, decode_dice: 0.2224, decode_lovasz: 0.2512, decode_boundary: 0.3526, decode_scale_reg: 0.0013, decode_lambda_bound: 0.5300, decode_boundary_boost: 0.0300, aux.loss_ce: 0.0947, aux.acc_seg: 93.0575, loss: 0.7506
2026-05-11 10:40:50,090 - mmseg - INFO - Iter [12600/40000]	lr: 6.286e-05, eta: 7:20:55, time: 0.933, data_time: 0.009, memory: 21505, loss_decode: 0.6890, decode_ce: 0.1680, decode_dice: 0.2515, decode_lovasz: 0.2793, decode_boundary: 0.3504, decode_scale_reg: 0.0008, decode_lambda_bound: 0.5300, decode_boundary_boost: 0.0300, aux.loss_ce: 0.0925, aux.acc_seg: 93.4944, loss: 0.7815
2026-05-11 10:41:36,696 - mmseg - INFO - Iter [12650/40000]	lr: 6.275e-05, eta: 7:20:03, time: 0.932, data_time: 0.008, memory: 21505, loss_decode: 0.5950, decode_ce: 0.1413, decode_dice: 0.2171, decode_lovasz: 0.2205, decode_boundary: 0.3391, decode_scale_reg: 0.0009, decode_lambda_bound: 0.5300, decode_boundary_boost: 0.0300, aux.loss_ce: 0.0832, aux.acc_seg: 94.1681, loss: 0.6783
2026-05-11 10:42:23,274 - mmseg - INFO - Iter [12700/40000]	lr: 6.264e-05, eta: 7:19:11, time: 0.932, data_time: 0.009, memory: 21505, loss_decode: 0.6726, decode_ce: 0.1701, decode_dice: 0.2285, decode_lovasz: 0.2655, decode_boundary: 0.3567, decode_scale_reg: 0.0022, decode_lambda_bound: 0.5300, decode_boundary_boost: 0.0300, aux.loss_ce: 0.0949, aux.acc_seg: 93.0601, loss: 0.7675
2026-05-11 10:43:09,818 - mmseg - INFO - Iter [12750/40000]	lr: 6.253e-05, eta: 7:18:19, time: 0.931, data_time: 0.009, memory: 21505, loss_decode: 0.6437, decode_ce: 0.1525, decode_dice: 0.2410, decode_lovasz: 0.2466, decode_boundary: 0.3504, decode_scale_reg: 0.0017, decode_lambda_bound: 0.5300, decode_boundary_boost: 0.0300, aux.loss_ce: 0.0881, aux.acc_seg: 93.7321, loss: 0.7317
2026-05-11 10:43:56,399 - mmseg - INFO - Iter [12800/40000]	lr: 6.242e-05, eta: 7:17:27, time: 0.932, data_time: 0.009, memory: 21505, loss_decode: 0.6568, decode_ce: 0.1615, decode_dice: 0.2410, decode_lovasz: 0.2486, decode_boundary: 0.3553, decode_scale_reg: 0.0019, decode_lambda_bound: 0.5300, decode_boundary_boost: 0.0300, aux.loss_ce: 0.0900, aux.acc_seg: 93.4056, loss: 0.7469
2026-05-11 10:44:43,009 - mmseg - INFO - Iter [12850/40000]	lr: 6.232e-05, eta: 7:16:35, time: 0.932, data_time: 0.009, memory: 21505, loss_decode: 0.6212, decode_ce: 0.1505, decode_dice: 0.2057, decode_lovasz: 0.2421, decode_boundary: 0.3450, decode_scale_reg: 0.0007, decode_lambda_bound: 0.5398, decode_boundary_boost: 0.0400, aux.loss_ce: 0.0838, aux.acc_seg: 93.9442, loss: 0.7050
2026-05-11 10:45:29,658 - mmseg - INFO - Iter [12900/40000]	lr: 6.221e-05, eta: 7:15:44, time: 0.933, data_time: 0.009, memory: 21505, loss_decode: 0.6818, decode_ce: 0.1814, decode_dice: 0.2487, decode_lovasz: 0.2482, decode_boundary: 0.3516, decode_scale_reg: 0.0011, decode_lambda_bound: 0.5400, decode_boundary_boost: 0.0400, aux.loss_ce: 0.0990, aux.acc_seg: 92.8108, loss: 0.7807
2026-05-11 10:46:16,255 - mmseg - INFO - Iter [12950/40000]	lr: 6.210e-05, eta: 7:14:52, time: 0.932, data_time: 0.009, memory: 21505, loss_decode: 0.6903, decode_ce: 0.1784, decode_dice: 0.2566, decode_lovasz: 0.2519, decode_boundary: 0.3606, decode_scale_reg: 0.0007, decode_lambda_bound: 0.5400, decode_boundary_boost: 0.0400, aux.loss_ce: 0.0961, aux.acc_seg: 93.1737, loss: 0.7864
2026-05-11 10:47:02,799 - mmseg - INFO - Exp name: uper_cosnet_zerowaste_40k.py
2026-05-11 10:47:02,800 - mmseg - INFO - Iter [13000/40000]	lr: 6.199e-05, eta: 7:14:00, time: 0.931, data_time: 0.009, memory: 21505, loss_decode: 0.6538, decode_ce: 0.1656, decode_dice: 0.2476, decode_lovasz: 0.2397, decode_boundary: 0.3420, decode_scale_reg: 0.0006, decode_lambda_bound: 0.5400, decode_boundary_boost: 0.0400, aux.loss_ce: 0.0914, aux.acc_seg: 93.6970, loss: 0.7452
2026-05-11 10:47:49,341 - mmseg - INFO - Iter [13050/40000]	lr: 6.188e-05, eta: 7:13:09, time: 0.931, data_time: 0.009, memory: 21505, loss_decode: 0.6985, decode_ce: 0.1728, decode_dice: 0.2630, decode_lovasz: 0.2688, decode_boundary: 0.3565, decode_scale_reg: 0.0014, decode_lambda_bound: 0.5400, decode_boundary_boost: 0.0400, aux.loss_ce: 0.0953, aux.acc_seg: 93.2656, loss: 0.7937
2026-05-11 10:48:35,956 - mmseg - INFO - Iter [13100/40000]	lr: 6.177e-05, eta: 7:12:17, time: 0.932, data_time: 0.008, memory: 21505, loss_decode: 0.7113, decode_ce: 0.1732, decode_dice: 0.2920, decode_lovasz: 0.2731, decode_boundary: 0.3468, decode_scale_reg: 0.0006, decode_lambda_bound: 0.5400, decode_boundary_boost: 0.0400, aux.loss_ce: 0.0971, aux.acc_seg: 92.7919, loss: 0.8084
2026-05-11 10:49:22,525 - mmseg - INFO - Iter [13150/40000]	lr: 6.166e-05, eta: 7:11:26, time: 0.931, data_time: 0.009, memory: 21505, loss_decode: 0.6806, decode_ce: 0.1764, decode_dice: 0.2454, decode_lovasz: 0.2604, decode_boundary: 0.3449, decode_scale_reg: 0.0007, decode_lambda_bound: 0.5400, decode_boundary_boost: 0.0400, aux.loss_ce: 0.0984, aux.acc_seg: 93.0214, loss: 0.7790
2026-05-11 10:50:09,193 - mmseg - INFO - Iter [13200/40000]	lr: 6.155e-05, eta: 7:10:34, time: 0.933, data_time: 0.008, memory: 21505, loss_decode: 0.6766, decode_ce: 0.1617, decode_dice: 0.2806, decode_lovasz: 0.2510, decode_boundary: 0.3449, decode_scale_reg: 0.0008, decode_lambda_bound: 0.5400, decode_boundary_boost: 0.0400, aux.loss_ce: 0.0923, aux.acc_seg: 93.2697, loss: 0.7689
2026-05-11 10:50:56,054 - mmseg - INFO - Iter [13250/40000]	lr: 6.144e-05, eta: 7:09:43, time: 0.937, data_time: 0.009, memory: 21505, loss_decode: 0.6465, decode_ce: 0.1547, decode_dice: 0.2436, decode_lovasz: 0.2422, decode_boundary: 0.3424, decode_scale_reg: 0.0005, decode_lambda_bound: 0.5498, decode_boundary_boost: 0.0500, aux.loss_ce: 0.0846, aux.acc_seg: 93.8355, loss: 0.7311
2026-05-11 10:51:42,626 - mmseg - INFO - Iter [13300/40000]	lr: 6.134e-05, eta: 7:08:52, time: 0.931, data_time: 0.008, memory: 21505, loss_decode: 0.7052, decode_ce: 0.1828, decode_dice: 0.2664, decode_lovasz: 0.2611, decode_boundary: 0.3516, decode_scale_reg: 0.0010, decode_lambda_bound: 0.5500, decode_boundary_boost: 0.0500, aux.loss_ce: 0.0983, aux.acc_seg: 92.9082, loss: 0.8034
2026-05-11 10:52:29,326 - mmseg - INFO - Iter [13350/40000]	lr: 6.123e-05, eta: 7:08:01, time: 0.934, data_time: 0.008, memory: 21505, loss_decode: 0.6550, decode_ce: 0.1607, decode_dice: 0.2308, decode_lovasz: 0.2557, decode_boundary: 0.3401, decode_scale_reg: 0.0011, decode_lambda_bound: 0.5500, decode_boundary_boost: 0.0500, aux.loss_ce: 0.0938, aux.acc_seg: 93.3722, loss: 0.7488
2026-05-11 10:53:15,878 - mmseg - INFO - Iter [13400/40000]	lr: 6.112e-05, eta: 7:07:09, time: 0.931, data_time: 0.008, memory: 21505, loss_decode: 0.6390, decode_ce: 0.1692, decode_dice: 0.2247, decode_lovasz: 0.2223, decode_boundary: 0.3468, decode_scale_reg: 0.0014, decode_lambda_bound: 0.5500, decode_boundary_boost: 0.0500, aux.loss_ce: 0.0909, aux.acc_seg: 93.5401, loss: 0.7299
2026-05-11 10:54:02,485 - mmseg - INFO - Iter [13450/40000]	lr: 6.101e-05, eta: 7:06:18, time: 0.932, data_time: 0.009, memory: 21505, loss_decode: 0.6621, decode_ce: 0.1618, decode_dice: 0.2439, decode_lovasz: 0.2472, decode_boundary: 0.3508, decode_scale_reg: 0.0010, decode_lambda_bound: 0.5500, decode_boundary_boost: 0.0500, aux.loss_ce: 0.0885, aux.acc_seg: 93.6464, loss: 0.7506
2026-05-11 10:54:49,029 - mmseg - INFO - Iter [13500/40000]	lr: 6.090e-05, eta: 7:05:27, time: 0.931, data_time: 0.009, memory: 21505, loss_decode: 0.6723, decode_ce: 0.1599, decode_dice: 0.2910, decode_lovasz: 0.2305, decode_boundary: 0.3527, decode_scale_reg: 0.0014, decode_lambda_bound: 0.5500, decode_boundary_boost: 0.0500, aux.loss_ce: 0.0910, aux.acc_seg: 93.3427, loss: 0.7633
2026-05-11 10:55:35,560 - mmseg - INFO - Iter [13550/40000]	lr: 6.079e-05, eta: 7:04:35, time: 0.931, data_time: 0.008, memory: 21505, loss_decode: 0.6939, decode_ce: 0.1620, decode_dice: 0.3164, decode_lovasz: 0.2435, decode_boundary: 0.3473, decode_scale_reg: 0.0017, decode_lambda_bound: 0.5500, decode_boundary_boost: 0.0500, aux.loss_ce: 0.0913, aux.acc_seg: 93.3416, loss: 0.7853
2026-05-11 10:56:22,134 - mmseg - INFO - Iter [13600/40000]	lr: 6.068e-05, eta: 7:03:44, time: 0.931, data_time: 0.008, memory: 21505, loss_decode: 0.6902, decode_ce: 0.1717, decode_dice: 0.2742, decode_lovasz: 0.2519, decode_boundary: 0.3499, decode_scale_reg: 0.0010, decode_lambda_bound: 0.5500, decode_boundary_boost: 0.0500, aux.loss_ce: 0.0964, aux.acc_seg: 93.0562, loss: 0.7866
2026-05-11 10:57:08,721 - mmseg - INFO - Iter [13650/40000]	lr: 6.057e-05, eta: 7:02:53, time: 0.932, data_time: 0.009, memory: 21505, loss_decode: 0.6202, decode_ce: 0.1509, decode_dice: 0.2226, decode_lovasz: 0.2309, decode_boundary: 0.3389, decode_scale_reg: 0.0007, decode_lambda_bound: 0.5451, decode_boundary_boost: 0.0450, aux.loss_ce: 0.0882, aux.acc_seg: 93.6519, loss: 0.7083
2026-05-11 10:57:55,250 - mmseg - INFO - Iter [13700/40000]	lr: 6.046e-05, eta: 7:02:02, time: 0.931, data_time: 0.008, memory: 21505, loss_decode: 0.6645, decode_ce: 0.1609, decode_dice: 0.2563, decode_lovasz: 0.2587, decode_boundary: 0.3329, decode_scale_reg: 0.0006, decode_lambda_bound: 0.5450, decode_boundary_boost: 0.0450, aux.loss_ce: 0.0876, aux.acc_seg: 93.7533, loss: 0.7520
2026-05-11 10:58:41,804 - mmseg - INFO - Iter [13750/40000]	lr: 6.035e-05, eta: 7:01:11, time: 0.931, data_time: 0.008, memory: 21505, loss_decode: 0.6634, decode_ce: 0.1704, decode_dice: 0.2353, decode_lovasz: 0.2490, decode_boundary: 0.3459, decode_scale_reg: 0.0008, decode_lambda_bound: 0.5450, decode_boundary_boost: 0.0450, aux.loss_ce: 0.0930, aux.acc_seg: 93.2563, loss: 0.7564
2026-05-11 10:59:28,377 - mmseg - INFO - Iter [13800/40000]	lr: 6.025e-05, eta: 7:00:19, time: 0.931, data_time: 0.009, memory: 21505, loss_decode: 0.6190, decode_ce: 0.1530, decode_dice: 0.2162, decode_lovasz: 0.2335, decode_boundary: 0.3353, decode_scale_reg: 0.0014, decode_lambda_bound: 0.5450, decode_boundary_boost: 0.0450, aux.loss_ce: 0.0856, aux.acc_seg: 93.8831, loss: 0.7046
2026-05-11 11:00:14,943 - mmseg - INFO - Iter [13850/40000]	lr: 6.014e-05, eta: 6:59:28, time: 0.931, data_time: 0.008, memory: 21505, loss_decode: 0.6248, decode_ce: 0.1440, decode_dice: 0.2468, decode_lovasz: 0.2292, decode_boundary: 0.3403, decode_scale_reg: 0.0009, decode_lambda_bound: 0.5450, decode_boundary_boost: 0.0450, aux.loss_ce: 0.0794, aux.acc_seg: 94.2714, loss: 0.7042
2026-05-11 11:01:01,477 - mmseg - INFO - Iter [13900/40000]	lr: 6.003e-05, eta: 6:58:37, time: 0.931, data_time: 0.008, memory: 21505, loss_decode: 0.6518, decode_ce: 0.1529, decode_dice: 0.2549, decode_lovasz: 0.2485, decode_boundary: 0.3397, decode_scale_reg: 0.0009, decode_lambda_bound: 0.5450, decode_boundary_boost: 0.0450, aux.loss_ce: 0.0862, aux.acc_seg: 93.7391, loss: 0.7380
2026-05-11 11:01:48,029 - mmseg - INFO - Iter [13950/40000]	lr: 5.992e-05, eta: 6:57:46, time: 0.931, data_time: 0.008, memory: 21505, loss_decode: 0.6499, decode_ce: 0.1568, decode_dice: 0.2413, decode_lovasz: 0.2480, decode_boundary: 0.3420, decode_scale_reg: 0.0010, decode_lambda_bound: 0.5450, decode_boundary_boost: 0.0450, aux.loss_ce: 0.0872, aux.acc_seg: 93.5795, loss: 0.7371
2026-05-11 11:02:34,544 - mmseg - INFO - Exp name: uper_cosnet_zerowaste_40k.py
2026-05-11 11:02:34,544 - mmseg - INFO - Iter [14000/40000]	lr: 5.981e-05, eta: 6:56:55, time: 0.930, data_time: 0.008, memory: 21505, loss_decode: 0.6136, decode_ce: 0.1546, decode_dice: 0.2133, decode_lovasz: 0.2248, decode_boundary: 0.3372, decode_scale_reg: 0.0014, decode_lambda_bound: 0.5450, decode_boundary_boost: 0.0450, aux.loss_ce: 0.0885, aux.acc_seg: 93.6074, loss: 0.7021
2026-05-11 11:03:21,148 - mmseg - INFO - Iter [14050/40000]	lr: 5.970e-05, eta: 6:56:04, time: 0.932, data_time: 0.009, memory: 21505, loss_decode: 0.6505, decode_ce: 0.1721, decode_dice: 0.2220, decode_lovasz: 0.2442, decode_boundary: 0.3410, decode_scale_reg: 0.0027, decode_lambda_bound: 0.5401, decode_boundary_boost: 0.0400, aux.loss_ce: 0.0953, aux.acc_seg: 93.1703, loss: 0.7458
2026-05-11 11:04:07,741 - mmseg - INFO - Iter [14100/40000]	lr: 5.959e-05, eta: 6:55:13, time: 0.932, data_time: 0.009, memory: 21505, loss_decode: 0.6335, decode_ce: 0.1621, decode_dice: 0.2170, decode_lovasz: 0.2364, decode_boundary: 0.3436, decode_scale_reg: 0.0021, decode_lambda_bound: 0.5400, decode_boundary_boost: 0.0400, aux.loss_ce: 0.0902, aux.acc_seg: 93.6229, loss: 0.7237
2026-05-11 11:04:54,267 - mmseg - INFO - Iter [14150/40000]	lr: 5.948e-05, eta: 6:54:22, time: 0.930, data_time: 0.008, memory: 21505, loss_decode: 0.6515, decode_ce: 0.1590, decode_dice: 0.2549, decode_lovasz: 0.2409, decode_boundary: 0.3414, decode_scale_reg: 0.0014, decode_lambda_bound: 0.5400, decode_boundary_boost: 0.0400, aux.loss_ce: 0.0860, aux.acc_seg: 93.7120, loss: 0.7375
2026-05-11 11:05:40,789 - mmseg - INFO - Iter [14200/40000]	lr: 5.937e-05, eta: 6:53:31, time: 0.930, data_time: 0.008, memory: 21505, loss_decode: 0.6619, decode_ce: 0.1644, decode_dice: 0.2588, decode_lovasz: 0.2464, decode_boundary: 0.3392, decode_scale_reg: 0.0012, decode_lambda_bound: 0.5400, decode_boundary_boost: 0.0400, aux.loss_ce: 0.0888, aux.acc_seg: 93.7075, loss: 0.7507
2026-05-11 11:06:27,335 - mmseg - INFO - Iter [14250/40000]	lr: 5.926e-05, eta: 6:52:41, time: 0.931, data_time: 0.009, memory: 21505, loss_decode: 0.6060, decode_ce: 0.1367, decode_dice: 0.2259, decode_lovasz: 0.2342, decode_boundary: 0.3346, decode_scale_reg: 0.0010, decode_lambda_bound: 0.5400, decode_boundary_boost: 0.0400, aux.loss_ce: 0.0777, aux.acc_seg: 94.3736, loss: 0.6836
2026-05-11 11:07:13,848 - mmseg - INFO - Iter [14300/40000]	lr: 5.915e-05, eta: 6:51:50, time: 0.930, data_time: 0.009, memory: 21505, loss_decode: 0.7046, decode_ce: 0.1720, decode_dice: 0.3109, decode_lovasz: 0.2637, decode_boundary: 0.3320, decode_scale_reg: 0.0007, decode_lambda_bound: 0.5400, decode_boundary_boost: 0.0400, aux.loss_ce: 0.0888, aux.acc_seg: 93.8399, loss: 0.7934
2026-05-11 11:08:00,393 - mmseg - INFO - Iter [14350/40000]	lr: 5.905e-05, eta: 6:50:59, time: 0.931, data_time: 0.009, memory: 21505, loss_decode: 0.6346, decode_ce: 0.1505, decode_dice: 0.2540, decode_lovasz: 0.2317, decode_boundary: 0.3394, decode_scale_reg: 0.0008, decode_lambda_bound: 0.5400, decode_boundary_boost: 0.0400, aux.loss_ce: 0.0839, aux.acc_seg: 93.8513, loss: 0.7185
2026-05-11 11:08:46,927 - mmseg - INFO - Iter [14400/40000]	lr: 5.894e-05, eta: 6:50:08, time: 0.931, data_time: 0.009, memory: 21505, loss_decode: 0.6438, decode_ce: 0.1531, decode_dice: 0.2558, decode_lovasz: 0.2401, decode_boundary: 0.3382, decode_scale_reg: 0.0008, decode_lambda_bound: 0.5400, decode_boundary_boost: 0.0400, aux.loss_ce: 0.0856, aux.acc_seg: 93.8531, loss: 0.7294
2026-05-11 11:09:33,494 - mmseg - INFO - Iter [14450/40000]	lr: 5.883e-05, eta: 6:49:17, time: 0.931, data_time: 0.009, memory: 21505, loss_decode: 0.6373, decode_ce: 0.1516, decode_dice: 0.2485, decode_lovasz: 0.2316, decode_boundary: 0.3413, decode_scale_reg: 0.0009, decode_lambda_bound: 0.5498, decode_boundary_boost: 0.0500, aux.loss_ce: 0.0843, aux.acc_seg: 93.9863, loss: 0.7216
2026-05-11 11:10:19,986 - mmseg - INFO - Iter [14500/40000]	lr: 5.872e-05, eta: 6:48:27, time: 0.930, data_time: 0.008, memory: 21505, loss_decode: 0.6625, decode_ce: 0.1731, decode_dice: 0.2407, decode_lovasz: 0.2407, decode_boundary: 0.3427, decode_scale_reg: 0.0018, decode_lambda_bound: 0.5500, decode_boundary_boost: 0.0500, aux.loss_ce: 0.0915, aux.acc_seg: 93.4651, loss: 0.7540
2026-05-11 11:11:06,499 - mmseg - INFO - Iter [14550/40000]	lr: 5.861e-05, eta: 6:47:36, time: 0.930, data_time: 0.008, memory: 21505, loss_decode: 0.6245, decode_ce: 0.1573, decode_dice: 0.2082, decode_lovasz: 0.2343, decode_boundary: 0.3405, decode_scale_reg: 0.0010, decode_lambda_bound: 0.5500, decode_boundary_boost: 0.0500, aux.loss_ce: 0.0887, aux.acc_seg: 93.6570, loss: 0.7132
2026-05-11 11:11:53,053 - mmseg - INFO - Iter [14600/40000]	lr: 5.850e-05, eta: 6:46:45, time: 0.931, data_time: 0.009, memory: 21505, loss_decode: 0.6605, decode_ce: 0.1593, decode_dice: 0.2460, decode_lovasz: 0.2510, decode_boundary: 0.3454, decode_scale_reg: 0.0009, decode_lambda_bound: 0.5500, decode_boundary_boost: 0.0500, aux.loss_ce: 0.0878, aux.acc_seg: 93.5805, loss: 0.7483
2026-05-11 11:12:39,628 - mmseg - INFO - Iter [14650/40000]	lr: 5.839e-05, eta: 6:45:55, time: 0.931, data_time: 0.009, memory: 21505, loss_decode: 0.6223, decode_ce: 0.1575, decode_dice: 0.2031, decode_lovasz: 0.2283, decode_boundary: 0.3491, decode_scale_reg: 0.0011, decode_lambda_bound: 0.5500, decode_boundary_boost: 0.0500, aux.loss_ce: 0.0908, aux.acc_seg: 93.4623, loss: 0.7131
2026-05-11 11:13:26,164 - mmseg - INFO - Iter [14700/40000]	lr: 5.828e-05, eta: 6:45:04, time: 0.931, data_time: 0.009, memory: 21505, loss_decode: 0.6224, decode_ce: 0.1477, decode_dice: 0.2214, decode_lovasz: 0.2381, decode_boundary: 0.3370, decode_scale_reg: 0.0014, decode_lambda_bound: 0.5500, decode_boundary_boost: 0.0500, aux.loss_ce: 0.0857, aux.acc_seg: 93.8201, loss: 0.7081
2026-05-11 11:14:12,764 - mmseg - INFO - Iter [14750/40000]	lr: 5.817e-05, eta: 6:44:13, time: 0.932, data_time: 0.009, memory: 21505, loss_decode: 0.5813, decode_ce: 0.1389, decode_dice: 0.2116, decode_lovasz: 0.2026, decode_boundary: 0.3356, decode_scale_reg: 0.0020, decode_lambda_bound: 0.5500, decode_boundary_boost: 0.0500, aux.loss_ce: 0.0816, aux.acc_seg: 94.0943, loss: 0.6629
2026-05-11 11:14:59,290 - mmseg - INFO - Iter [14800/40000]	lr: 5.806e-05, eta: 6:43:23, time: 0.931, data_time: 0.009, memory: 21505, loss_decode: 0.6092, decode_ce: 0.1440, decode_dice: 0.2201, decode_lovasz: 0.2259, decode_boundary: 0.3377, decode_scale_reg: 0.0011, decode_lambda_bound: 0.5500, decode_boundary_boost: 0.0500, aux.loss_ce: 0.0790, aux.acc_seg: 94.2686, loss: 0.6882
2026-05-11 11:15:45,782 - mmseg - INFO - Iter [14850/40000]	lr: 5.795e-05, eta: 6:42:32, time: 0.930, data_time: 0.009, memory: 21505, loss_decode: 0.6210, decode_ce: 0.1566, decode_dice: 0.2106, decode_lovasz: 0.2337, decode_boundary: 0.3371, decode_scale_reg: 0.0012, decode_lambda_bound: 0.5451, decode_boundary_boost: 0.0450, aux.loss_ce: 0.0858, aux.acc_seg: 93.7522, loss: 0.7067
2026-05-11 11:16:32,305 - mmseg - INFO - Iter [14900/40000]	lr: 5.784e-05, eta: 6:41:42, time: 0.930, data_time: 0.008, memory: 21505, loss_decode: 0.6227, decode_ce: 0.1485, decode_dice: 0.2350, decode_lovasz: 0.2329, decode_boundary: 0.3340, decode_scale_reg: 0.0017, decode_lambda_bound: 0.5450, decode_boundary_boost: 0.0450, aux.loss_ce: 0.0851, aux.acc_seg: 93.8864, loss: 0.7078
2026-05-11 11:17:18,829 - mmseg - INFO - Iter [14950/40000]	lr: 5.774e-05, eta: 6:40:51, time: 0.930, data_time: 0.009, memory: 21505, loss_decode: 0.6721, decode_ce: 0.1707, decode_dice: 0.2433, decode_lovasz: 0.2541, decode_boundary: 0.3471, decode_scale_reg: 0.0022, decode_lambda_bound: 0.5450, decode_boundary_boost: 0.0450, aux.loss_ce: 0.0934, aux.acc_seg: 93.1523, loss: 0.7656
2026-05-11 11:18:05,347 - mmseg - INFO - Exp name: uper_cosnet_zerowaste_40k.py
2026-05-11 11:18:05,347 - mmseg - INFO - Iter [15000/40000]	lr: 5.763e-05, eta: 6:40:01, time: 0.930, data_time: 0.009, memory: 21505, loss_decode: 0.6191, decode_ce: 0.1511, decode_dice: 0.2317, decode_lovasz: 0.2255, decode_boundary: 0.3357, decode_scale_reg: 0.0019, decode_lambda_bound: 0.5450, decode_boundary_boost: 0.0450, aux.loss_ce: 0.0837, aux.acc_seg: 94.0786, loss: 0.7028
2026-05-11 11:18:51,822 - mmseg - INFO - Iter [15050/40000]	lr: 5.752e-05, eta: 6:39:10, time: 0.929, data_time: 0.009, memory: 21505, loss_decode: 0.5742, decode_ce: 0.1413, decode_dice: 0.1986, decode_lovasz: 0.1996, decode_boundary: 0.3373, decode_scale_reg: 0.0026, decode_lambda_bound: 0.5450, decode_boundary_boost: 0.0450, aux.loss_ce: 0.0819, aux.acc_seg: 94.1622, loss: 0.6561
2026-05-11 11:19:38,322 - mmseg - INFO - Iter [15100/40000]	lr: 5.741e-05, eta: 6:38:20, time: 0.930, data_time: 0.009, memory: 21505, loss_decode: 0.6248, decode_ce: 0.1612, decode_dice: 0.2165, decode_lovasz: 0.2248, decode_boundary: 0.3425, decode_scale_reg: 0.0014, decode_lambda_bound: 0.5450, decode_boundary_boost: 0.0450, aux.loss_ce: 0.0901, aux.acc_seg: 93.4098, loss: 0.7148
2026-05-11 11:20:24,837 - mmseg - INFO - Iter [15150/40000]	lr: 5.730e-05, eta: 6:37:29, time: 0.930, data_time: 0.009, memory: 21505, loss_decode: 0.6764, decode_ce: 0.1564, decode_dice: 0.2599, decode_lovasz: 0.2753, decode_boundary: 0.3370, decode_scale_reg: 0.0008, decode_lambda_bound: 0.5450, decode_boundary_boost: 0.0450, aux.loss_ce: 0.0848, aux.acc_seg: 93.8097, loss: 0.7613
2026-05-11 11:21:11,357 - mmseg - INFO - Iter [15200/40000]	lr: 5.719e-05, eta: 6:36:39, time: 0.930, data_time: 0.009, memory: 21505, loss_decode: 0.6343, decode_ce: 0.1495, decode_dice: 0.2401, decode_lovasz: 0.2403, decode_boundary: 0.3386, decode_scale_reg: 0.0007, decode_lambda_bound: 0.5450, decode_boundary_boost: 0.0450, aux.loss_ce: 0.0836, aux.acc_seg: 93.9734, loss: 0.7180
2026-05-11 11:21:57,901 - mmseg - INFO - Iter [15250/40000]	lr: 5.708e-05, eta: 6:35:49, time: 0.931, data_time: 0.009, memory: 21505, loss_decode: 0.6236, decode_ce: 0.1519, decode_dice: 0.2123, decode_lovasz: 0.2368, decode_boundary: 0.3389, decode_scale_reg: 0.0009, decode_lambda_bound: 0.5548, decode_boundary_boost: 0.0550, aux.loss_ce: 0.0859, aux.acc_seg: 93.8340, loss: 0.7096
2026-05-11 11:22:44,356 - mmseg - INFO - Iter [15300/40000]	lr: 5.697e-05, eta: 6:34:58, time: 0.929, data_time: 0.009, memory: 21505, loss_decode: 0.6375, decode_ce: 0.1534, decode_dice: 0.2279, decode_lovasz: 0.2373, decode_boundary: 0.3462, decode_scale_reg: 0.0008, decode_lambda_bound: 0.5550, decode_boundary_boost: 0.0550, aux.loss_ce: 0.0859, aux.acc_seg: 94.0285, loss: 0.7234
2026-05-11 11:23:30,867 - mmseg - INFO - Iter [15350/40000]	lr: 5.686e-05, eta: 6:34:08, time: 0.930, data_time: 0.009, memory: 21505, loss_decode: 0.6252, decode_ce: 0.1523, decode_dice: 0.2275, decode_lovasz: 0.2268, decode_boundary: 0.3405, decode_scale_reg: 0.0010, decode_lambda_bound: 0.5550, decode_boundary_boost: 0.0550, aux.loss_ce: 0.0861, aux.acc_seg: 93.9644, loss: 0.7113
2026-05-11 11:24:17,372 - mmseg - INFO - Iter [15400/40000]	lr: 5.675e-05, eta: 6:33:18, time: 0.930, data_time: 0.009, memory: 21505, loss_decode: 0.6094, decode_ce: 0.1520, decode_dice: 0.2006, decode_lovasz: 0.2239, decode_boundary: 0.3409, decode_scale_reg: 0.0008, decode_lambda_bound: 0.5550, decode_boundary_boost: 0.0550, aux.loss_ce: 0.0867, aux.acc_seg: 93.7665, loss: 0.6961
2026-05-11 11:25:03,958 - mmseg - INFO - Iter [15450/40000]	lr: 5.664e-05, eta: 6:32:27, time: 0.932, data_time: 0.009, memory: 21505, loss_decode: 0.5880, decode_ce: 0.1453, decode_dice: 0.2043, decode_lovasz: 0.2104, decode_boundary: 0.3293, decode_scale_reg: 0.0005, decode_lambda_bound: 0.5550, decode_boundary_boost: 0.0550, aux.loss_ce: 0.0795, aux.acc_seg: 94.3437, loss: 0.6675
2026-05-11 11:25:50,461 - mmseg - INFO - Iter [15500/40000]	lr: 5.653e-05, eta: 6:31:37, time: 0.930, data_time: 0.009, memory: 21505, loss_decode: 0.5886, decode_ce: 0.1387, decode_dice: 0.2076, decode_lovasz: 0.2171, decode_boundary: 0.3301, decode_scale_reg: 0.0006, decode_lambda_bound: 0.5550, decode_boundary_boost: 0.0550, aux.loss_ce: 0.0799, aux.acc_seg: 94.2407, loss: 0.6685
2026-05-11 11:26:37,012 - mmseg - INFO - Iter [15550/40000]	lr: 5.642e-05, eta: 6:30:47, time: 0.931, data_time: 0.009, memory: 21505, loss_decode: 0.6397, decode_ce: 0.1658, decode_dice: 0.2233, decode_lovasz: 0.2323, decode_boundary: 0.3389, decode_scale_reg: 0.0010, decode_lambda_bound: 0.5550, decode_boundary_boost: 0.0550, aux.loss_ce: 0.0914, aux.acc_seg: 93.4714, loss: 0.7312
2026-05-11 11:27:23,536 - mmseg - INFO - Iter [15600/40000]	lr: 5.631e-05, eta: 6:29:57, time: 0.930, data_time: 0.009, memory: 21505, loss_decode: 0.6252, decode_ce: 0.1440, decode_dice: 0.2317, decode_lovasz: 0.2336, decode_boundary: 0.3423, decode_scale_reg: 0.0010, decode_lambda_bound: 0.5550, decode_boundary_boost: 0.0550, aux.loss_ce: 0.0840, aux.acc_seg: 94.1361, loss: 0.7092
2026-05-11 11:28:10,043 - mmseg - INFO - Iter [15650/40000]	lr: 5.620e-05, eta: 6:29:07, time: 0.930, data_time: 0.009, memory: 21505, loss_decode: 0.6517, decode_ce: 0.1590, decode_dice: 0.2477, decode_lovasz: 0.2469, decode_boundary: 0.3339, decode_scale_reg: 0.0011, decode_lambda_bound: 0.5501, decode_boundary_boost: 0.0500, aux.loss_ce: 0.0863, aux.acc_seg: 93.7832, loss: 0.7380
2026-05-11 11:28:56,553 - mmseg - INFO - Iter [15700/40000]	lr: 5.609e-05, eta: 6:28:16, time: 0.930, data_time: 0.009, memory: 21505, loss_decode: 0.5975, decode_ce: 0.1371, decode_dice: 0.2136, decode_lovasz: 0.2308, decode_boundary: 0.3282, decode_scale_reg: 0.0004, decode_lambda_bound: 0.5500, decode_boundary_boost: 0.0500, aux.loss_ce: 0.0783, aux.acc_seg: 94.2726, loss: 0.6758
2026-05-11 11:29:43,086 - mmseg - INFO - Iter [15750/40000]	lr: 5.599e-05, eta: 6:27:26, time: 0.931, data_time: 0.009, memory: 21505, loss_decode: 0.5810, decode_ce: 0.1337, decode_dice: 0.2081, decode_lovasz: 0.2123, decode_boundary: 0.3346, decode_scale_reg: 0.0007, decode_lambda_bound: 0.5500, decode_boundary_boost: 0.0500, aux.loss_ce: 0.0774, aux.acc_seg: 94.4579, loss: 0.6585
2026-05-11 11:30:29,625 - mmseg - INFO - Iter [15800/40000]	lr: 5.588e-05, eta: 6:26:36, time: 0.931, data_time: 0.009, memory: 21505, loss_decode: 0.6411, decode_ce: 0.1463, decode_dice: 0.2442, decode_lovasz: 0.2529, decode_boundary: 0.3327, decode_scale_reg: 0.0010, decode_lambda_bound: 0.5500, decode_boundary_boost: 0.0500, aux.loss_ce: 0.0808, aux.acc_seg: 94.1426, loss: 0.7218
2026-05-11 11:31:16,161 - mmseg - INFO - Iter [15850/40000]	lr: 5.577e-05, eta: 6:25:46, time: 0.931, data_time: 0.009, memory: 21505, loss_decode: 0.5919, decode_ce: 0.1441, decode_dice: 0.1964, decode_lovasz: 0.2259, decode_boundary: 0.3276, decode_scale_reg: 0.0007, decode_lambda_bound: 0.5500, decode_boundary_boost: 0.0500, aux.loss_ce: 0.0791, aux.acc_seg: 94.2688, loss: 0.6710
2026-05-11 11:32:02,663 - mmseg - INFO - Iter [15900/40000]	lr: 5.566e-05, eta: 6:24:56, time: 0.930, data_time: 0.009, memory: 21505, loss_decode: 0.5800, decode_ce: 0.1321, decode_dice: 0.2105, decode_lovasz: 0.2144, decode_boundary: 0.3307, decode_scale_reg: 0.0006, decode_lambda_bound: 0.5500, decode_boundary_boost: 0.0500, aux.loss_ce: 0.0765, aux.acc_seg: 94.4623, loss: 0.6565
2026-05-11 11:32:49,203 - mmseg - INFO - Iter [15950/40000]	lr: 5.555e-05, eta: 6:24:06, time: 0.931, data_time: 0.009, memory: 21505, loss_decode: 0.6292, decode_ce: 0.1462, decode_dice: 0.2493, decode_lovasz: 0.2371, decode_boundary: 0.3281, decode_scale_reg: 0.0008, decode_lambda_bound: 0.5500, decode_boundary_boost: 0.0500, aux.loss_ce: 0.0822, aux.acc_seg: 94.0986, loss: 0.7114
2026-05-11 11:33:35,743 - mmseg - INFO - Saving checkpoint at 16000 iterations
2026-05-11 11:33:36,460 - mmseg - INFO - Exp name: uper_cosnet_zerowaste_40k.py
2026-05-11 11:33:36,460 - mmseg - INFO - Iter [16000/40000]	lr: 5.544e-05, eta: 6:23:17, time: 0.945, data_time: 0.009, memory: 21505, loss_decode: 0.6287, decode_ce: 0.1484, decode_dice: 0.2318, decode_lovasz: 0.2472, decode_boundary: 0.3255, decode_scale_reg: 0.0009, decode_lambda_bound: 0.5500, decode_boundary_boost: 0.0500, aux.loss_ce: 0.0816, aux.acc_seg: 94.2979, loss: 0.7103
2026-05-11 11:34:29,677 - mmseg - INFO - per class results:
2026-05-11 11:34:29,677 - mmseg - INFO - 
+---------------+-------+-------+
|     Class     |  IoU  |  Acc  |
+---------------+-------+-------+
|   background  | 90.65 | 96.61 |
| rigid_plastic | 30.28 | 39.19 |
|   cardboard   | 55.41 |  66.6 |
|     metal     |  9.73 | 10.87 |
|  soft_plastic | 60.44 |  71.7 |
+---------------+-------+-------+
2026-05-11 11:34:29,678 - mmseg - INFO - Summary:
2026-05-11 11:34:29,678 - mmseg - INFO - 
+-------+------+-------+
|  aAcc | mIoU |  mAcc |
+-------+------+-------+
| 90.88 | 49.3 | 56.99 |
+-------+------+-------+
2026-05-11 11:34:29,700 - mmseg - INFO - The previous best checkpoint /home/mtech2025/Documents/sdc1/project_CosNet/prog_lab_cosnet/zerowaste_logs/40k_mba_test_sc/best_mIoU_iter_4000.pth was removed
2026-05-11 11:34:30,538 - mmseg - INFO - Now best checkpoint is saved as best_mIoU_iter_16000.pth.
2026-05-11 11:34:30,538 - mmseg - INFO - Best mIoU is 0.4930 at 16000 iter.
2026-05-11 11:34:30,538 - mmseg - INFO - Exp name: uper_cosnet_zerowaste_40k.py
2026-05-11 11:34:30,538 - mmseg - INFO - Iter(val) [572]	aAcc: 0.9088, mIoU: 0.4930, mAcc: 0.5699, IoU.background: 0.9065, IoU.rigid_plastic: 0.3028, IoU.cardboard: 0.5541, IoU.metal: 0.0973, IoU.soft_plastic: 0.6044, Acc.background: 0.9661, Acc.rigid_plastic: 0.3919, Acc.cardboard: 0.6660, Acc.metal: 0.1087, Acc.soft_plastic: 0.7170
2026-05-11 11:35:17,074 - mmseg - INFO - Iter [16050/40000]	lr: 5.533e-05, eta: 6:23:48, time: 2.012, data_time: 1.090, memory: 21505, loss_decode: 0.6308, decode_ce: 0.1511, decode_dice: 0.2422, decode_lovasz: 0.2319, decode_boundary: 0.3388, decode_scale_reg: 0.0017, decode_lambda_bound: 0.5451, decode_boundary_boost: 0.0450, aux.loss_ce: 0.0834, aux.acc_seg: 93.9768, loss: 0.7142
2026-05-11 11:36:04,953 - mmseg - INFO - Iter [16100/40000]	lr: 5.522e-05, eta: 6:23:00, time: 0.958, data_time: 0.009, memory: 21505, loss_decode: 0.6301, decode_ce: 0.1473, decode_dice: 0.2364, decode_lovasz: 0.2471, decode_boundary: 0.3290, decode_scale_reg: 0.0010, decode_lambda_bound: 0.5450, decode_boundary_boost: 0.0450, aux.loss_ce: 0.0845, aux.acc_seg: 93.8663, loss: 0.7146
2026-05-11 11:36:52,095 - mmseg - INFO - Iter [16150/40000]	lr: 5.511e-05, eta: 6:22:10, time: 0.943, data_time: 0.009, memory: 21505, loss_decode: 0.6719, decode_ce: 0.1667, decode_dice: 0.2573, decode_lovasz: 0.2626, decode_boundary: 0.3296, decode_scale_reg: 0.0009, decode_lambda_bound: 0.5450, decode_boundary_boost: 0.0450, aux.loss_ce: 0.0896, aux.acc_seg: 93.7323, loss: 0.7615
2026-05-11 11:37:38,863 - mmseg - INFO - Iter [16200/40000]	lr: 5.500e-05, eta: 6:21:20, time: 0.935, data_time: 0.009, memory: 21505, loss_decode: 0.5994, decode_ce: 0.1362, decode_dice: 0.2258, decode_lovasz: 0.2287, decode_boundary: 0.3280, decode_scale_reg: 0.0010, decode_lambda_bound: 0.5450, decode_boundary_boost: 0.0450, aux.loss_ce: 0.0797, aux.acc_seg: 94.3205, loss: 0.6791
2026-05-11 11:38:25,542 - mmseg - INFO - Iter [16250/40000]	lr: 5.489e-05, eta: 6:20:30, time: 0.934, data_time: 0.009, memory: 21505, loss_decode: 0.5934, decode_ce: 0.1470, decode_dice: 0.1993, decode_lovasz: 0.2227, decode_boundary: 0.3298, decode_scale_reg: 0.0007, decode_lambda_bound: 0.5450, decode_boundary_boost: 0.0450, aux.loss_ce: 0.0821, aux.acc_seg: 94.1990, loss: 0.6755
2026-05-11 11:39:12,081 - mmseg - INFO - Iter [16300/40000]	lr: 5.478e-05, eta: 6:19:40, time: 0.931, data_time: 0.009, memory: 21505, loss_decode: 0.5859, decode_ce: 0.1408, decode_dice: 0.2116, decode_lovasz: 0.2105, decode_boundary: 0.3328, decode_scale_reg: 0.0007, decode_lambda_bound: 0.5450, decode_boundary_boost: 0.0450, aux.loss_ce: 0.0818, aux.acc_seg: 94.1182, loss: 0.6677
2026-05-11 11:39:58,634 - mmseg - INFO - Iter [16350/40000]	lr: 5.467e-05, eta: 6:18:50, time: 0.931, data_time: 0.009, memory: 21505, loss_decode: 0.5673, decode_ce: 0.1422, decode_dice: 0.1738, decode_lovasz: 0.2107, decode_boundary: 0.3305, decode_scale_reg: 0.0022, decode_lambda_bound: 0.5450, decode_boundary_boost: 0.0450, aux.loss_ce: 0.0825, aux.acc_seg: 94.0042, loss: 0.6497
2026-05-11 11:40:45,135 - mmseg - INFO - Iter [16400/40000]	lr: 5.456e-05, eta: 6:17:59, time: 0.930, data_time: 0.009, memory: 21505, loss_decode: 0.6045, decode_ce: 0.1419, decode_dice: 0.2232, decode_lovasz: 0.2273, decode_boundary: 0.3312, decode_scale_reg: 0.0009, decode_lambda_bound: 0.5450, decode_boundary_boost: 0.0450, aux.loss_ce: 0.0765, aux.acc_seg: 94.4598, loss: 0.6810
2026-05-11 11:41:31,646 - mmseg - INFO - Iter [16450/40000]	lr: 5.445e-05, eta: 6:17:09, time: 0.930, data_time: 0.009, memory: 21505, loss_decode: 0.5895, decode_ce: 0.1457, decode_dice: 0.1863, decode_lovasz: 0.2199, decode_boundary: 0.3349, decode_scale_reg: 0.0011, decode_lambda_bound: 0.5548, decode_boundary_boost: 0.0550, aux.loss_ce: 0.0804, aux.acc_seg: 94.1564, loss: 0.6700
2026-05-11 11:42:18,131 - mmseg - INFO - Iter [16500/40000]	lr: 5.434e-05, eta: 6:16:19, time: 0.930, data_time: 0.009, memory: 21505, loss_decode: 0.6151, decode_ce: 0.1539, decode_dice: 0.2253, decode_lovasz: 0.2187, decode_boundary: 0.3325, decode_scale_reg: 0.0009, decode_lambda_bound: 0.5550, decode_boundary_boost: 0.0550, aux.loss_ce: 0.0861, aux.acc_seg: 93.7572, loss: 0.7012
2026-05-11 11:43:04,602 - mmseg - INFO - Iter [16550/40000]	lr: 5.423e-05, eta: 6:15:28, time: 0.929, data_time: 0.009, memory: 21505, loss_decode: 0.6054, decode_ce: 0.1456, decode_dice: 0.2112, decode_lovasz: 0.2241, decode_boundary: 0.3353, decode_scale_reg: 0.0010, decode_lambda_bound: 0.5550, decode_boundary_boost: 0.0550, aux.loss_ce: 0.0859, aux.acc_seg: 93.6980, loss: 0.6913
2026-05-11 11:43:51,139 - mmseg - INFO - Iter [16600/40000]	lr: 5.412e-05, eta: 6:14:38, time: 0.931, data_time: 0.009, memory: 21505, loss_decode: 0.6117, decode_ce: 0.1375, decode_dice: 0.2395, decode_lovasz: 0.2305, decode_boundary: 0.3271, decode_scale_reg: 0.0014, decode_lambda_bound: 0.5550, decode_boundary_boost: 0.0550, aux.loss_ce: 0.0791, aux.acc_seg: 94.3905, loss: 0.6908
2026-05-11 11:44:37,650 - mmseg - INFO - Iter [16650/40000]	lr: 5.401e-05, eta: 6:13:48, time: 0.930, data_time: 0.009, memory: 21505, loss_decode: 0.5839, decode_ce: 0.1377, decode_dice: 0.1992, decode_lovasz: 0.2174, decode_boundary: 0.3307, decode_scale_reg: 0.0010, decode_lambda_bound: 0.5550, decode_boundary_boost: 0.0550, aux.loss_ce: 0.0781, aux.acc_seg: 94.3129, loss: 0.6620
2026-05-11 11:45:24,170 - mmseg - INFO - Iter [16700/40000]	lr: 5.390e-05, eta: 6:12:58, time: 0.930, data_time: 0.009, memory: 21505, loss_decode: 0.5784, decode_ce: 0.1355, decode_dice: 0.2037, decode_lovasz: 0.2055, decode_boundary: 0.3368, decode_scale_reg: 0.0008, decode_lambda_bound: 0.5550, decode_boundary_boost: 0.0550, aux.loss_ce: 0.0756, aux.acc_seg: 94.5636, loss: 0.6540
2026-05-11 11:46:10,758 - mmseg - INFO - Iter [16750/40000]	lr: 5.379e-05, eta: 6:12:08, time: 0.932, data_time: 0.009, memory: 21505, loss_decode: 0.6057, decode_ce: 0.1348, decode_dice: 0.2360, decode_lovasz: 0.2371, decode_boundary: 0.3154, decode_scale_reg: 0.0006, decode_lambda_bound: 0.5550, decode_boundary_boost: 0.0550, aux.loss_ce: 0.0755, aux.acc_seg: 94.8277, loss: 0.6812
2026-05-11 11:46:57,232 - mmseg - INFO - Iter [16800/40000]	lr: 5.368e-05, eta: 6:11:18, time: 0.929, data_time: 0.009, memory: 21505, loss_decode: 0.6042, decode_ce: 0.1397, decode_dice: 0.2256, decode_lovasz: 0.2293, decode_boundary: 0.3238, decode_scale_reg: 0.0008, decode_lambda_bound: 0.5550, decode_boundary_boost: 0.0550, aux.loss_ce: 0.0787, aux.acc_seg: 94.3928, loss: 0.6828
2026-05-11 11:47:43,787 - mmseg - INFO - Iter [16850/40000]	lr: 5.357e-05, eta: 6:10:28, time: 0.931, data_time: 0.009, memory: 21505, loss_decode: 0.5688, decode_ce: 0.1487, decode_dice: 0.1785, decode_lovasz: 0.2005, decode_boundary: 0.3282, decode_scale_reg: 0.0012, decode_lambda_bound: 0.5501, decode_boundary_boost: 0.0500, aux.loss_ce: 0.0801, aux.acc_seg: 94.2917, loss: 0.6490
2026-05-11 11:48:30,296 - mmseg - INFO - Iter [16900/40000]	lr: 5.346e-05, eta: 6:09:38, time: 0.930, data_time: 0.009, memory: 21505, loss_decode: 0.5509, decode_ce: 0.1249, decode_dice: 0.1935, decode_lovasz: 0.1979, decode_boundary: 0.3288, decode_scale_reg: 0.0009, decode_lambda_bound: 0.5500, decode_boundary_boost: 0.0500, aux.loss_ce: 0.0722, aux.acc_seg: 94.7892, loss: 0.6231
2026-05-11 11:49:16,851 - mmseg - INFO - Iter [16950/40000]	lr: 5.335e-05, eta: 6:08:48, time: 0.931, data_time: 0.009, memory: 21505, loss_decode: 0.5840, decode_ce: 0.1332, decode_dice: 0.2128, decode_lovasz: 0.2195, decode_boundary: 0.3268, decode_scale_reg: 0.0008, decode_lambda_bound: 0.5500, decode_boundary_boost: 0.0500, aux.loss_ce: 0.0765, aux.acc_seg: 94.3985, loss: 0.6605
2026-05-11 11:50:03,789 - mmseg - INFO - Exp name: uper_cosnet_zerowaste_40k.py
2026-05-11 11:50:03,790 - mmseg - INFO - Iter [17000/40000]	lr: 5.324e-05, eta: 6:07:58, time: 0.939, data_time: 0.009, memory: 21505, loss_decode: 0.6086, decode_ce: 0.1472, decode_dice: 0.2199, decode_lovasz: 0.2310, decode_boundary: 0.3239, decode_scale_reg: 0.0008, decode_lambda_bound: 0.5500, decode_boundary_boost: 0.0500, aux.loss_ce: 0.0818, aux.acc_seg: 94.0211, loss: 0.6904
2026-05-11 11:50:50,316 - mmseg - INFO - Iter [17050/40000]	lr: 5.314e-05, eta: 6:07:08, time: 0.931, data_time: 0.009, memory: 21505, loss_decode: 0.6335, decode_ce: 0.1620, decode_dice: 0.2235, decode_lovasz: 0.2321, decode_boundary: 0.3375, decode_scale_reg: 0.0011, decode_lambda_bound: 0.5500, decode_boundary_boost: 0.0500, aux.loss_ce: 0.0892, aux.acc_seg: 93.4878, loss: 0.7227
2026-05-11 11:51:36,856 - mmseg - INFO - Iter [17100/40000]	lr: 5.303e-05, eta: 6:06:18, time: 0.931, data_time: 0.009, memory: 21505, loss_decode: 0.6136, decode_ce: 0.1565, decode_dice: 0.2056, decode_lovasz: 0.2276, decode_boundary: 0.3336, decode_scale_reg: 0.0010, decode_lambda_bound: 0.5500, decode_boundary_boost: 0.0500, aux.loss_ce: 0.0882, aux.acc_seg: 93.6863, loss: 0.7018
2026-05-11 11:52:23,394 - mmseg - INFO - Iter [17150/40000]	lr: 5.292e-05, eta: 6:05:29, time: 0.931, data_time: 0.008, memory: 21505, loss_decode: 0.6148, decode_ce: 0.1420, decode_dice: 0.2291, decode_lovasz: 0.2374, decode_boundary: 0.3277, decode_scale_reg: 0.0008, decode_lambda_bound: 0.5500, decode_boundary_boost: 0.0500, aux.loss_ce: 0.0789, aux.acc_seg: 94.2943, loss: 0.6936
2026-05-11 11:53:09,916 - mmseg - INFO - Iter [17200/40000]	lr: 5.281e-05, eta: 6:04:39, time: 0.930, data_time: 0.009, memory: 21505, loss_decode: 0.5672, decode_ce: 0.1289, decode_dice: 0.2091, decode_lovasz: 0.2055, decode_boundary: 0.3265, decode_scale_reg: 0.0005, decode_lambda_bound: 0.5500, decode_boundary_boost: 0.0500, aux.loss_ce: 0.0750, aux.acc_seg: 94.6187, loss: 0.6422
2026-05-11 11:53:56,391 - mmseg - INFO - Iter [17250/40000]	lr: 5.270e-05, eta: 6:03:49, time: 0.929, data_time: 0.009, memory: 21505, loss_decode: 0.6113, decode_ce: 0.1460, decode_dice: 0.2124, decode_lovasz: 0.2265, decode_boundary: 0.3382, decode_scale_reg: 0.0007, decode_lambda_bound: 0.5598, decode_boundary_boost: 0.0600, aux.loss_ce: 0.0820, aux.acc_seg: 94.2264, loss: 0.6933
2026-05-11 11:54:42,933 - mmseg - INFO - Iter [17300/40000]	lr: 5.259e-05, eta: 6:02:59, time: 0.931, data_time: 0.009, memory: 21505, loss_decode: 0.5498, decode_ce: 0.1294, decode_dice: 0.1902, decode_lovasz: 0.1843, decode_boundary: 0.3339, decode_scale_reg: 0.0008, decode_lambda_bound: 0.5600, decode_boundary_boost: 0.0600, aux.loss_ce: 0.0749, aux.acc_seg: 94.5501, loss: 0.6247
2026-05-11 11:55:29,460 - mmseg - INFO - Iter [17350/40000]	lr: 5.248e-05, eta: 6:02:09, time: 0.931, data_time: 0.009, memory: 21505, loss_decode: 0.5768, decode_ce: 0.1417, decode_dice: 0.1921, decode_lovasz: 0.2139, decode_boundary: 0.3190, decode_scale_reg: 0.0006, decode_lambda_bound: 0.5600, decode_boundary_boost: 0.0600, aux.loss_ce: 0.0806, aux.acc_seg: 94.2989, loss: 0.6574
2026-05-11 11:56:15,916 - mmseg - INFO - Iter [17400/40000]	lr: 5.237e-05, eta: 6:01:19, time: 0.929, data_time: 0.009, memory: 21505, loss_decode: 0.6390, decode_ce: 0.1596, decode_dice: 0.2210, decode_lovasz: 0.2430, decode_boundary: 0.3333, decode_scale_reg: 0.0014, decode_lambda_bound: 0.5600, decode_boundary_boost: 0.0600, aux.loss_ce: 0.0835, aux.acc_seg: 94.1138, loss: 0.7225
2026-05-11 11:57:02,451 - mmseg - INFO - Iter [17450/40000]	lr: 5.226e-05, eta: 6:00:29, time: 0.931, data_time: 0.009, memory: 21505, loss_decode: 0.6242, decode_ce: 0.1441, decode_dice: 0.2445, decode_lovasz: 0.2335, decode_boundary: 0.3262, decode_scale_reg: 0.0016, decode_lambda_bound: 0.5600, decode_boundary_boost: 0.0600, aux.loss_ce: 0.0819, aux.acc_seg: 94.1580, loss: 0.7061
2026-05-11 11:57:48,904 - mmseg - INFO - Iter [17500/40000]	lr: 5.215e-05, eta: 5:59:39, time: 0.929, data_time: 0.009, memory: 21505, loss_decode: 0.5932, decode_ce: 0.1482, decode_dice: 0.2034, decode_lovasz: 0.2137, decode_boundary: 0.3268, decode_scale_reg: 0.0011, decode_lambda_bound: 0.5600, decode_boundary_boost: 0.0600, aux.loss_ce: 0.0829, aux.acc_seg: 94.0603, loss: 0.6761
2026-05-11 11:58:35,392 - mmseg - INFO - Iter [17550/40000]	lr: 5.204e-05, eta: 5:58:49, time: 0.930, data_time: 0.009, memory: 21505, loss_decode: 0.6271, decode_ce: 0.1571, decode_dice: 0.2090, decode_lovasz: 0.2452, decode_boundary: 0.3243, decode_scale_reg: 0.0014, decode_lambda_bound: 0.5600, decode_boundary_boost: 0.0600, aux.loss_ce: 0.0864, aux.acc_seg: 93.8694, loss: 0.7135
2026-05-11 11:59:21,868 - mmseg - INFO - Iter [17600/40000]	lr: 5.193e-05, eta: 5:58:00, time: 0.930, data_time: 0.009, memory: 21505, loss_decode: 0.5828, decode_ce: 0.1393, decode_dice: 0.2026, decode_lovasz: 0.2098, decode_boundary: 0.3299, decode_scale_reg: 0.0018, decode_lambda_bound: 0.5600, decode_boundary_boost: 0.0600, aux.loss_ce: 0.0814, aux.acc_seg: 94.4048, loss: 0.6641
2026-05-11 12:00:08,430 - mmseg - INFO - Iter [17650/40000]	lr: 5.182e-05, eta: 5:57:10, time: 0.931, data_time: 0.009, memory: 21505, loss_decode: 0.6138, decode_ce: 0.1451, decode_dice: 0.2174, decode_lovasz: 0.2278, decode_boundary: 0.3320, decode_scale_reg: 0.0008, decode_lambda_bound: 0.5698, decode_boundary_boost: 0.0700, aux.loss_ce: 0.0798, aux.acc_seg: 94.4032, loss: 0.6935
2026-05-11 12:00:54,917 - mmseg - INFO - Iter [17700/40000]	lr: 5.171e-05, eta: 5:56:20, time: 0.930, data_time: 0.009, memory: 21505, loss_decode: 0.5881, decode_ce: 0.1354, decode_dice: 0.2116, decode_lovasz: 0.2128, decode_boundary: 0.3285, decode_scale_reg: 0.0013, decode_lambda_bound: 0.5700, decode_boundary_boost: 0.0700, aux.loss_ce: 0.0816, aux.acc_seg: 94.2284, loss: 0.6696
2026-05-11 12:01:41,378 - mmseg - INFO - Iter [17750/40000]	lr: 5.160e-05, eta: 5:55:30, time: 0.929, data_time: 0.009, memory: 21505, loss_decode: 0.5686, decode_ce: 0.1344, decode_dice: 0.1928, decode_lovasz: 0.2064, decode_boundary: 0.3209, decode_scale_reg: 0.0016, decode_lambda_bound: 0.5700, decode_boundary_boost: 0.0700, aux.loss_ce: 0.0752, aux.acc_seg: 94.6257, loss: 0.6438
2026-05-11 12:02:27,821 - mmseg - INFO - Iter [17800/40000]	lr: 5.149e-05, eta: 5:54:41, time: 0.929, data_time: 0.009, memory: 21505, loss_decode: 0.5938, decode_ce: 0.1296, decode_dice: 0.2257, decode_lovasz: 0.2232, decode_boundary: 0.3227, decode_scale_reg: 0.0008, decode_lambda_bound: 0.5700, decode_boundary_boost: 0.0700, aux.loss_ce: 0.0735, aux.acc_seg: 94.5429, loss: 0.6673
2026-05-11 12:03:14,321 - mmseg - INFO - Iter [17850/40000]	lr: 5.138e-05, eta: 5:53:51, time: 0.930, data_time: 0.009, memory: 21505, loss_decode: 0.6151, decode_ce: 0.1451, decode_dice: 0.2227, decode_lovasz: 0.2255, decode_boundary: 0.3325, decode_scale_reg: 0.0005, decode_lambda_bound: 0.5700, decode_boundary_boost: 0.0700, aux.loss_ce: 0.0804, aux.acc_seg: 94.2306, loss: 0.6956
2026-05-11 12:04:00,821 - mmseg - INFO - Iter [17900/40000]	lr: 5.127e-05, eta: 5:53:01, time: 0.930, data_time: 0.009, memory: 21505, loss_decode: 0.6079, decode_ce: 0.1347, decode_dice: 0.2245, decode_lovasz: 0.2339, decode_boundary: 0.3255, decode_scale_reg: 0.0006, decode_lambda_bound: 0.5700, decode_boundary_boost: 0.0700, aux.loss_ce: 0.0772, aux.acc_seg: 94.4818, loss: 0.6851
2026-05-11 12:04:47,314 - mmseg - INFO - Iter [17950/40000]	lr: 5.116e-05, eta: 5:52:11, time: 0.930, data_time: 0.009, memory: 21505, loss_decode: 0.5740, decode_ce: 0.1385, decode_dice: 0.1925, decode_lovasz: 0.2019, decode_boundary: 0.3294, decode_scale_reg: 0.0008, decode_lambda_bound: 0.5700, decode_boundary_boost: 0.0700, aux.loss_ce: 0.0793, aux.acc_seg: 94.2332, loss: 0.6533
2026-05-11 12:05:33,805 - mmseg - INFO - Exp name: uper_cosnet_zerowaste_40k.py
2026-05-11 12:05:33,806 - mmseg - INFO - Iter [18000/40000]	lr: 5.105e-05, eta: 5:51:22, time: 0.930, data_time: 0.009, memory: 21505, loss_decode: 0.5757, decode_ce: 0.1464, decode_dice: 0.1814, decode_lovasz: 0.2011, decode_boundary: 0.3293, decode_scale_reg: 0.0007, decode_lambda_bound: 0.5700, decode_boundary_boost: 0.0700, aux.loss_ce: 0.0812, aux.acc_seg: 93.9883, loss: 0.6569
2026-05-11 12:06:20,263 - mmseg - INFO - Iter [18050/40000]	lr: 5.094e-05, eta: 5:50:32, time: 0.929, data_time: 0.008, memory: 21505, loss_decode: 0.6386, decode_ce: 0.1512, decode_dice: 0.2362, decode_lovasz: 0.2444, decode_boundary: 0.3292, decode_scale_reg: 0.0008, decode_lambda_bound: 0.5651, decode_boundary_boost: 0.0650, aux.loss_ce: 0.0832, aux.acc_seg: 93.9061, loss: 0.7218
2026-05-11 12:07:06,725 - mmseg - INFO - Iter [18100/40000]	lr: 5.083e-05, eta: 5:49:42, time: 0.929, data_time: 0.009, memory: 21505, loss_decode: 0.5900, decode_ce: 0.1337, decode_dice: 0.2151, decode_lovasz: 0.2234, decode_boundary: 0.3208, decode_scale_reg: 0.0005, decode_lambda_bound: 0.5650, decode_boundary_boost: 0.0650, aux.loss_ce: 0.0760, aux.acc_seg: 94.4826, loss: 0.6660
2026-05-11 12:07:53,192 - mmseg - INFO - Iter [18150/40000]	lr: 5.072e-05, eta: 5:48:53, time: 0.929, data_time: 0.009, memory: 21505, loss_decode: 0.5462, decode_ce: 0.1207, decode_dice: 0.1959, decode_lovasz: 0.1973, decode_boundary: 0.3178, decode_scale_reg: 0.0011, decode_lambda_bound: 0.5650, decode_boundary_boost: 0.0650, aux.loss_ce: 0.0710, aux.acc_seg: 94.8290, loss: 0.6173
2026-05-11 12:08:39,634 - mmseg - INFO - Iter [18200/40000]	lr: 5.061e-05, eta: 5:48:03, time: 0.929, data_time: 0.009, memory: 21505, loss_decode: 0.6136, decode_ce: 0.1440, decode_dice: 0.2325, decode_lovasz: 0.2178, decode_boundary: 0.3363, decode_scale_reg: 0.0012, decode_lambda_bound: 0.5650, decode_boundary_boost: 0.0650, aux.loss_ce: 0.0826, aux.acc_seg: 93.9386, loss: 0.6962
2026-05-11 12:09:26,134 - mmseg - INFO - Iter [18250/40000]	lr: 5.050e-05, eta: 5:47:14, time: 0.930, data_time: 0.009, memory: 21505, loss_decode: 0.5686, decode_ce: 0.1349, decode_dice: 0.1929, decode_lovasz: 0.2063, decode_boundary: 0.3228, decode_scale_reg: 0.0007, decode_lambda_bound: 0.5650, decode_boundary_boost: 0.0650, aux.loss_ce: 0.0752, aux.acc_seg: 94.6068, loss: 0.6437
2026-05-11 12:10:12,628 - mmseg - INFO - Iter [18300/40000]	lr: 5.039e-05, eta: 5:46:24, time: 0.930, data_time: 0.009, memory: 21505, loss_decode: 0.5748, decode_ce: 0.1375, decode_dice: 0.1944, decode_lovasz: 0.2013, decode_boundary: 0.3347, decode_scale_reg: 0.0008, decode_lambda_bound: 0.5650, decode_boundary_boost: 0.0650, aux.loss_ce: 0.0783, aux.acc_seg: 94.2522, loss: 0.6531
2026-05-11 12:10:59,183 - mmseg - INFO - Iter [18350/40000]	lr: 5.028e-05, eta: 5:45:35, time: 0.931, data_time: 0.009, memory: 21505, loss_decode: 0.6562, decode_ce: 0.1634, decode_dice: 0.2489, decode_lovasz: 0.2425, decode_boundary: 0.3300, decode_scale_reg: 0.0007, decode_lambda_bound: 0.5650, decode_boundary_boost: 0.0650, aux.loss_ce: 0.0887, aux.acc_seg: 93.8148, loss: 0.7449
2026-05-11 12:11:45,655 - mmseg - INFO - Iter [18400/40000]	lr: 5.017e-05, eta: 5:44:45, time: 0.929, data_time: 0.009, memory: 21505, loss_decode: 0.5993, decode_ce: 0.1388, decode_dice: 0.2082, decode_lovasz: 0.2301, decode_boundary: 0.3254, decode_scale_reg: 0.0008, decode_lambda_bound: 0.5650, decode_boundary_boost: 0.0650, aux.loss_ce: 0.0778, aux.acc_seg: 94.3583, loss: 0.6771
2026-05-11 12:12:32,187 - mmseg - INFO - Iter [18450/40000]	lr: 5.006e-05, eta: 5:43:56, time: 0.931, data_time: 0.009, memory: 21505, loss_decode: 0.5597, decode_ce: 0.1374, decode_dice: 0.1704, decode_lovasz: 0.1994, decode_boundary: 0.3263, decode_scale_reg: 0.0007, decode_lambda_bound: 0.5748, decode_boundary_boost: 0.0750, aux.loss_ce: 0.0787, aux.acc_seg: 94.3516, loss: 0.6383
2026-05-11 12:13:18,640 - mmseg - INFO - Iter [18500/40000]	lr: 4.995e-05, eta: 5:43:06, time: 0.929, data_time: 0.009, memory: 21505, loss_decode: 0.5968, decode_ce: 0.1340, decode_dice: 0.2332, decode_lovasz: 0.2212, decode_boundary: 0.3137, decode_scale_reg: 0.0006, decode_lambda_bound: 0.5750, decode_boundary_boost: 0.0750, aux.loss_ce: 0.0759, aux.acc_seg: 94.4428, loss: 0.6727
2026-05-11 12:14:05,128 - mmseg - INFO - Iter [18550/40000]	lr: 4.984e-05, eta: 5:42:17, time: 0.930, data_time: 0.009, memory: 21505, loss_decode: 0.6210, decode_ce: 0.1505, decode_dice: 0.2237, decode_lovasz: 0.2246, decode_boundary: 0.3307, decode_scale_reg: 0.0007, decode_lambda_bound: 0.5750, decode_boundary_boost: 0.0750, aux.loss_ce: 0.0845, aux.acc_seg: 93.8838, loss: 0.7055
2026-05-11 12:14:51,621 - mmseg - INFO - Iter [18600/40000]	lr: 4.973e-05, eta: 5:41:27, time: 0.930, data_time: 0.009, memory: 21505, loss_decode: 0.5988, decode_ce: 0.1417, decode_dice: 0.1939, decode_lovasz: 0.2293, decode_boundary: 0.3272, decode_scale_reg: 0.0005, decode_lambda_bound: 0.5750, decode_boundary_boost: 0.0750, aux.loss_ce: 0.0803, aux.acc_seg: 94.3346, loss: 0.6791
2026-05-11 12:15:38,060 - mmseg - INFO - Iter [18650/40000]	lr: 4.962e-05, eta: 5:40:38, time: 0.929, data_time: 0.009, memory: 21505, loss_decode: 0.6027, decode_ce: 0.1387, decode_dice: 0.2244, decode_lovasz: 0.2225, decode_boundary: 0.3217, decode_scale_reg: 0.0006, decode_lambda_bound: 0.5750, decode_boundary_boost: 0.0750, aux.loss_ce: 0.0790, aux.acc_seg: 94.1995, loss: 0.6818
2026-05-11 12:16:24,506 - mmseg - INFO - Iter [18700/40000]	lr: 4.951e-05, eta: 5:39:48, time: 0.929, data_time: 0.009, memory: 21505, loss_decode: 0.6289, decode_ce: 0.1533, decode_dice: 0.2308, decode_lovasz: 0.2324, decode_boundary: 0.3233, decode_scale_reg: 0.0006, decode_lambda_bound: 0.5750, decode_boundary_boost: 0.0750, aux.loss_ce: 0.0861, aux.acc_seg: 93.8780, loss: 0.7150
2026-05-11 12:17:10,983 - mmseg - INFO - Iter [18750/40000]	lr: 4.940e-05, eta: 5:38:59, time: 0.930, data_time: 0.009, memory: 21505, loss_decode: 0.6158, decode_ce: 0.1396, decode_dice: 0.2414, decode_lovasz: 0.2223, decode_boundary: 0.3283, decode_scale_reg: 0.0005, decode_lambda_bound: 0.5750, decode_boundary_boost: 0.0750, aux.loss_ce: 0.0782, aux.acc_seg: 94.2464, loss: 0.6940
2026-05-11 12:18:00,116 - mmseg - INFO - Iter [18800/40000]	lr: 4.929e-05, eta: 5:38:12, time: 0.983, data_time: 0.064, memory: 21505, loss_decode: 0.5592, decode_ce: 0.1222, decode_dice: 0.2254, decode_lovasz: 0.1923, decode_boundary: 0.3131, decode_scale_reg: 0.0007, decode_lambda_bound: 0.5750, decode_boundary_boost: 0.0750, aux.loss_ce: 0.0705, aux.acc_seg: 94.9942, loss: 0.6297
2026-05-11 12:18:46,680 - mmseg - INFO - Iter [18850/40000]	lr: 4.918e-05, eta: 5:37:23, time: 0.931, data_time: 0.009, memory: 21505, loss_decode: 0.5782, decode_ce: 0.1333, decode_dice: 0.2099, decode_lovasz: 0.1997, decode_boundary: 0.3252, decode_scale_reg: 0.0006, decode_lambda_bound: 0.5848, decode_boundary_boost: 0.0850, aux.loss_ce: 0.0757, aux.acc_seg: 94.6662, loss: 0.6538
2026-05-11 12:19:33,215 - mmseg - INFO - Iter [18900/40000]	lr: 4.907e-05, eta: 5:36:34, time: 0.931, data_time: 0.009, memory: 21505, loss_decode: 0.5975, decode_ce: 0.1352, decode_dice: 0.2211, decode_lovasz: 0.2182, decode_boundary: 0.3215, decode_scale_reg: 0.0008, decode_lambda_bound: 0.5850, decode_boundary_boost: 0.0850, aux.loss_ce: 0.0768, aux.acc_seg: 94.6393, loss: 0.6743
2026-05-11 12:20:19,696 - mmseg - INFO - Iter [18950/40000]	lr: 4.896e-05, eta: 5:35:44, time: 0.930, data_time: 0.009, memory: 21505, loss_decode: 0.5605, decode_ce: 0.1342, decode_dice: 0.1745, decode_lovasz: 0.1946, decode_boundary: 0.3300, decode_scale_reg: 0.0007, decode_lambda_bound: 0.5850, decode_boundary_boost: 0.0850, aux.loss_ce: 0.0752, aux.acc_seg: 94.6316, loss: 0.6356
2026-05-11 12:21:06,187 - mmseg - INFO - Exp name: uper_cosnet_zerowaste_40k.py
2026-05-11 12:21:06,187 - mmseg - INFO - Iter [19000/40000]	lr: 4.885e-05, eta: 5:34:55, time: 0.930, data_time: 0.009, memory: 21505, loss_decode: 0.6266, decode_ce: 0.1449, decode_dice: 0.2259, decode_lovasz: 0.2373, decode_boundary: 0.3260, decode_scale_reg: 0.0009, decode_lambda_bound: 0.5850, decode_boundary_boost: 0.0850, aux.loss_ce: 0.0829, aux.acc_seg: 94.0607, loss: 0.7095
2026-05-11 12:21:52,656 - mmseg - INFO - Iter [19050/40000]	lr: 4.873e-05, eta: 5:34:06, time: 0.929, data_time: 0.009, memory: 21505, loss_decode: 0.5606, decode_ce: 0.1201, decode_dice: 0.1902, decode_lovasz: 0.2108, decode_boundary: 0.3202, decode_scale_reg: 0.0008, decode_lambda_bound: 0.5850, decode_boundary_boost: 0.0850, aux.loss_ce: 0.0739, aux.acc_seg: 94.6562, loss: 0.6345
2026-05-11 12:22:39,057 - mmseg - INFO - Iter [19100/40000]	lr: 4.862e-05, eta: 5:33:16, time: 0.928, data_time: 0.009, memory: 21505, loss_decode: 0.6007, decode_ce: 0.1425, decode_dice: 0.2020, decode_lovasz: 0.2224, decode_boundary: 0.3253, decode_scale_reg: 0.0014, decode_lambda_bound: 0.5850, decode_boundary_boost: 0.0850, aux.loss_ce: 0.0798, aux.acc_seg: 94.2854, loss: 0.6805
2026-05-11 12:23:25,485 - mmseg - INFO - Iter [19150/40000]	lr: 4.851e-05, eta: 5:32:27, time: 0.929, data_time: 0.009, memory: 21505, loss_decode: 0.5986, decode_ce: 0.1415, decode_dice: 0.1922, decode_lovasz: 0.2229, decode_boundary: 0.3313, decode_scale_reg: 0.0008, decode_lambda_bound: 0.5850, decode_boundary_boost: 0.0850, aux.loss_ce: 0.0795, aux.acc_seg: 94.3690, loss: 0.6781
2026-05-11 12:24:11,935 - mmseg - INFO - Iter [19200/40000]	lr: 4.840e-05, eta: 5:31:37, time: 0.929, data_time: 0.009, memory: 21505, loss_decode: 0.6197, decode_ce: 0.1534, decode_dice: 0.2150, decode_lovasz: 0.2214, decode_boundary: 0.3294, decode_scale_reg: 0.0010, decode_lambda_bound: 0.5850, decode_boundary_boost: 0.0850, aux.loss_ce: 0.0818, aux.acc_seg: 94.3222, loss: 0.7014
2026-05-11 12:24:58,439 - mmseg - INFO - Iter [19250/40000]	lr: 4.829e-05, eta: 5:30:48, time: 0.930, data_time: 0.009, memory: 21505, loss_decode: 0.5409, decode_ce: 0.1294, decode_dice: 0.1715, decode_lovasz: 0.1832, decode_boundary: 0.3246, decode_scale_reg: 0.0010, decode_lambda_bound: 0.5801, decode_boundary_boost: 0.0800, aux.loss_ce: 0.0713, aux.acc_seg: 94.8568, loss: 0.6122
2026-05-11 12:25:44,900 - mmseg - INFO - Iter [19300/40000]	lr: 4.818e-05, eta: 5:29:59, time: 0.929, data_time: 0.009, memory: 21505, loss_decode: 0.6031, decode_ce: 0.1434, decode_dice: 0.2223, decode_lovasz: 0.2172, decode_boundary: 0.3201, decode_scale_reg: 0.0010, decode_lambda_bound: 0.5800, decode_boundary_boost: 0.0800, aux.loss_ce: 0.0844, aux.acc_seg: 93.9840, loss: 0.6874
2026-05-11 12:26:31,341 - mmseg - INFO - Iter [19350/40000]	lr: 4.807e-05, eta: 5:29:10, time: 0.929, data_time: 0.009, memory: 21505, loss_decode: 0.6469, decode_ce: 0.1627, decode_dice: 0.2245, decode_lovasz: 0.2379, decode_boundary: 0.3336, decode_scale_reg: 0.0012, decode_lambda_bound: 0.5800, decode_boundary_boost: 0.0800, aux.loss_ce: 0.0928, aux.acc_seg: 93.3868, loss: 0.7396
2026-05-11 12:27:17,857 - mmseg - INFO - Iter [19400/40000]	lr: 4.796e-05, eta: 5:28:20, time: 0.930, data_time: 0.009, memory: 21505, loss_decode: 0.6086, decode_ce: 0.1399, decode_dice: 0.2316, decode_lovasz: 0.2257, decode_boundary: 0.3167, decode_scale_reg: 0.0011, decode_lambda_bound: 0.5800, decode_boundary_boost: 0.0800, aux.loss_ce: 0.0796, aux.acc_seg: 94.1847, loss: 0.6882
2026-05-11 12:28:04,341 - mmseg - INFO - Iter [19450/40000]	lr: 4.785e-05, eta: 5:27:31, time: 0.930, data_time: 0.009, memory: 21505, loss_decode: 0.6169, decode_ce: 0.1309, decode_dice: 0.2427, decode_lovasz: 0.2409, decode_boundary: 0.3170, decode_scale_reg: 0.0009, decode_lambda_bound: 0.5800, decode_boundary_boost: 0.0800, aux.loss_ce: 0.0742, aux.acc_seg: 94.5606, loss: 0.6911
2026-05-11 12:28:50,816 - mmseg - INFO - Iter [19500/40000]	lr: 4.774e-05, eta: 5:26:42, time: 0.929, data_time: 0.009, memory: 21505, loss_decode: 0.6886, decode_ce: 0.1590, decode_dice: 0.2730, decode_lovasz: 0.2696, decode_boundary: 0.3292, decode_scale_reg: 0.0010, decode_lambda_bound: 0.5800, decode_boundary_boost: 0.0800, aux.loss_ce: 0.0833, aux.acc_seg: 94.0146, loss: 0.7720
2026-05-11 12:29:37,251 - mmseg - INFO - Iter [19550/40000]	lr: 4.763e-05, eta: 5:25:53, time: 0.929, data_time: 0.009, memory: 21505, loss_decode: 0.6061, decode_ce: 0.1308, decode_dice: 0.2213, decode_lovasz: 0.2375, decode_boundary: 0.3215, decode_scale_reg: 0.0008, decode_lambda_bound: 0.5800, decode_boundary_boost: 0.0800, aux.loss_ce: 0.0750, aux.acc_seg: 94.7735, loss: 0.6811
2026-05-11 12:30:23,717 - mmseg - INFO - Iter [19600/40000]	lr: 4.752e-05, eta: 5:25:03, time: 0.929, data_time: 0.009, memory: 21505, loss_decode: 0.6080, decode_ce: 0.1321, decode_dice: 0.2331, decode_lovasz: 0.2261, decode_boundary: 0.3272, decode_scale_reg: 0.0005, decode_lambda_bound: 0.5800, decode_boundary_boost: 0.0800, aux.loss_ce: 0.0751, aux.acc_seg: 94.5086, loss: 0.6831
2026-05-11 12:31:10,153 - mmseg - INFO - Iter [19650/40000]	lr: 4.741e-05, eta: 5:24:14, time: 0.929, data_time: 0.009, memory: 21505, loss_decode: 0.5564, decode_ce: 0.1267, decode_dice: 0.2052, decode_lovasz: 0.1865, decode_boundary: 0.3174, decode_scale_reg: 0.0005, decode_lambda_bound: 0.5898, decode_boundary_boost: 0.0900, aux.loss_ce: 0.0741, aux.acc_seg: 94.7454, loss: 0.6305
2026-05-11 12:31:56,559 - mmseg - INFO - Iter [19700/40000]	lr: 4.730e-05, eta: 5:23:25, time: 0.928, data_time: 0.009, memory: 21505, loss_decode: 0.6196, decode_ce: 0.1321, decode_dice: 0.2424, decode_lovasz: 0.2299, decode_boundary: 0.3285, decode_scale_reg: 0.0012, decode_lambda_bound: 0.5900, decode_boundary_boost: 0.0900, aux.loss_ce: 0.0760, aux.acc_seg: 94.4408, loss: 0.6956
2026-05-11 12:32:42,979 - mmseg - INFO - Iter [19750/40000]	lr: 4.719e-05, eta: 5:22:36, time: 0.928, data_time: 0.009, memory: 21505, loss_decode: 0.5566, decode_ce: 0.1309, decode_dice: 0.1896, decode_lovasz: 0.1923, decode_boundary: 0.3163, decode_scale_reg: 0.0011, decode_lambda_bound: 0.5900, decode_boundary_boost: 0.0900, aux.loss_ce: 0.0748, aux.acc_seg: 94.6899, loss: 0.6314
2026-05-11 12:33:29,438 - mmseg - INFO - Iter [19800/40000]	lr: 4.708e-05, eta: 5:21:47, time: 0.929, data_time: 0.009, memory: 21505, loss_decode: 0.6394, decode_ce: 0.1511, decode_dice: 0.2429, decode_lovasz: 0.2368, decode_boundary: 0.3207, decode_scale_reg: 0.0009, decode_lambda_bound: 0.5900, decode_boundary_boost: 0.0900, aux.loss_ce: 0.0847, aux.acc_seg: 94.0545, loss: 0.7241
2026-05-11 12:34:15,905 - mmseg - INFO - Iter [19850/40000]	lr: 4.697e-05, eta: 5:20:57, time: 0.929, data_time: 0.009, memory: 21505, loss_decode: 0.6333, decode_ce: 0.1455, decode_dice: 0.2554, decode_lovasz: 0.2283, decode_boundary: 0.3201, decode_scale_reg: 0.0009, decode_lambda_bound: 0.5900, decode_boundary_boost: 0.0900, aux.loss_ce: 0.0826, aux.acc_seg: 94.1966, loss: 0.7160
2026-05-11 12:35:02,364 - mmseg - INFO - Iter [19900/40000]	lr: 4.686e-05, eta: 5:20:08, time: 0.929, data_time: 0.009, memory: 21505, loss_decode: 0.5831, decode_ce: 0.1199, decode_dice: 0.2309, decode_lovasz: 0.2177, decode_boundary: 0.3127, decode_scale_reg: 0.0005, decode_lambda_bound: 0.5900, decode_boundary_boost: 0.0900, aux.loss_ce: 0.0697, aux.acc_seg: 95.1382, loss: 0.6529
2026-05-11 12:35:48,749 - mmseg - INFO - Iter [19950/40000]	lr: 4.675e-05, eta: 5:19:19, time: 0.928, data_time: 0.009, memory: 21505, loss_decode: 0.5895, decode_ce: 0.1328, decode_dice: 0.2149, decode_lovasz: 0.2070, decode_boundary: 0.3288, decode_scale_reg: 0.0008, decode_lambda_bound: 0.5900, decode_boundary_boost: 0.0900, aux.loss_ce: 0.0752, aux.acc_seg: 94.4595, loss: 0.6648
2026-05-11 12:36:35,205 - mmseg - INFO - Saving checkpoint at 20000 iterations
2026-05-11 12:36:36,290 - mmseg - INFO - Exp name: uper_cosnet_zerowaste_40k.py
2026-05-11 12:36:36,290 - mmseg - INFO - Iter [20000/40000]	lr: 4.664e-05, eta: 5:18:31, time: 0.951, data_time: 0.009, memory: 21505, loss_decode: 0.5702, decode_ce: 0.1352, decode_dice: 0.1939, decode_lovasz: 0.1993, decode_boundary: 0.3195, decode_scale_reg: 0.0008, decode_lambda_bound: 0.5900, decode_boundary_boost: 0.0900, aux.loss_ce: 0.0761, aux.acc_seg: 94.6527, loss: 0.6462
2026-05-11 12:37:29,937 - mmseg - INFO - per class results:
2026-05-11 12:37:29,938 - mmseg - INFO - 
+---------------+-------+-------+
|     Class     |  IoU  |  Acc  |
+---------------+-------+-------+
|   background  | 89.98 | 94.63 |
| rigid_plastic | 15.48 | 16.88 |
|   cardboard   |  57.8 |  73.3 |
|     metal     | 12.03 | 13.21 |
|  soft_plastic | 56.93 | 79.65 |
+---------------+-------+-------+
2026-05-11 12:37:29,938 - mmseg - INFO - Summary:
2026-05-11 12:37:29,938 - mmseg - INFO - 
+-------+-------+-------+
|  aAcc |  mIoU |  mAcc |
+-------+-------+-------+
| 90.26 | 46.44 | 55.53 |
+-------+-------+-------+
2026-05-11 12:37:29,939 - mmseg - INFO - Exp name: uper_cosnet_zerowaste_40k.py
2026-05-11 12:37:29,939 - mmseg - INFO - Iter(val) [572]	aAcc: 0.9026, mIoU: 0.4644, mAcc: 0.5553, IoU.background: 0.8998, IoU.rigid_plastic: 0.1548, IoU.cardboard: 0.5780, IoU.metal: 0.1203, IoU.soft_plastic: 0.5693, Acc.background: 0.9463, Acc.rigid_plastic: 0.1688, Acc.cardboard: 0.7330, Acc.metal: 0.1321, Acc.soft_plastic: 0.7965
2026-05-11 12:38:16,217 - mmseg - INFO - Iter [20050/40000]	lr: 4.653e-05, eta: 5:18:35, time: 1.999, data_time: 1.081, memory: 21505, loss_decode: 0.5607, decode_ce: 0.1285, decode_dice: 0.1815, decode_lovasz: 0.2038, decode_boundary: 0.3223, decode_scale_reg: 0.0007, decode_lambda_bound: 0.5851, decode_boundary_boost: 0.0850, aux.loss_ce: 0.0735, aux.acc_seg: 94.6952, loss: 0.6341
2026-05-11 12:39:04,096 - mmseg - INFO - Iter [20100/40000]	lr: 4.642e-05, eta: 5:17:47, time: 0.958, data_time: 0.009, memory: 21505, loss_decode: 0.5671, decode_ce: 0.1289, decode_dice: 0.1921, decode_lovasz: 0.2035, decode_boundary: 0.3238, decode_scale_reg: 0.0010, decode_lambda_bound: 0.5850, decode_boundary_boost: 0.0850, aux.loss_ce: 0.0755, aux.acc_seg: 94.4944, loss: 0.6426
2026-05-11 12:39:51,264 - mmseg - INFO - Iter [20150/40000]	lr: 4.631e-05, eta: 5:16:59, time: 0.943, data_time: 0.009, memory: 21505, loss_decode: 0.5446, decode_ce: 0.1181, decode_dice: 0.1998, decode_lovasz: 0.1895, decode_boundary: 0.3153, decode_scale_reg: 0.0006, decode_lambda_bound: 0.5850, decode_boundary_boost: 0.0850, aux.loss_ce: 0.0688, aux.acc_seg: 95.1367, loss: 0.6133
2026-05-11 12:40:38,058 - mmseg - INFO - Iter [20200/40000]	lr: 4.620e-05, eta: 5:16:10, time: 0.936, data_time: 0.008, memory: 21505, loss_decode: 0.5989, decode_ce: 0.1312, decode_dice: 0.2276, decode_lovasz: 0.2230, decode_boundary: 0.3190, decode_scale_reg: 0.0009, decode_lambda_bound: 0.5850, decode_boundary_boost: 0.0850, aux.loss_ce: 0.0758, aux.acc_seg: 94.5860, loss: 0.6747
2026-05-11 12:41:24,647 - mmseg - INFO - Iter [20250/40000]	lr: 4.608e-05, eta: 5:15:20, time: 0.932, data_time: 0.009, memory: 21505, loss_decode: 0.6192, decode_ce: 0.1442, decode_dice: 0.2200, decode_lovasz: 0.2317, decode_boundary: 0.3268, decode_scale_reg: 0.0007, decode_lambda_bound: 0.5850, decode_boundary_boost: 0.0850, aux.loss_ce: 0.0784, aux.acc_seg: 94.4428, loss: 0.6976
2026-05-11 12:42:11,152 - mmseg - INFO - Iter [20300/40000]	lr: 4.597e-05, eta: 5:14:31, time: 0.930, data_time: 0.009, memory: 21505, loss_decode: 0.5765, decode_ce: 0.1353, decode_dice: 0.1962, decode_lovasz: 0.2033, decode_boundary: 0.3259, decode_scale_reg: 0.0004, decode_lambda_bound: 0.5850, decode_boundary_boost: 0.0850, aux.loss_ce: 0.0780, aux.acc_seg: 94.5500, loss: 0.6545
2026-05-11 12:42:57,628 - mmseg - INFO - Iter [20350/40000]	lr: 4.586e-05, eta: 5:13:42, time: 0.930, data_time: 0.009, memory: 21505, loss_decode: 0.5900, decode_ce: 0.1283, decode_dice: 0.2144, decode_lovasz: 0.2210, decode_boundary: 0.3227, decode_scale_reg: 0.0005, decode_lambda_bound: 0.5850, decode_boundary_boost: 0.0850, aux.loss_ce: 0.0705, aux.acc_seg: 94.9659, loss: 0.6605
2026-05-11 12:43:44,065 - mmseg - INFO - Iter [20400/40000]	lr: 4.575e-05, eta: 5:12:53, time: 0.929, data_time: 0.009, memory: 21505, loss_decode: 0.5214, decode_ce: 0.1176, decode_dice: 0.1534, decode_lovasz: 0.1809, decode_boundary: 0.3271, decode_scale_reg: 0.0007, decode_lambda_bound: 0.5850, decode_boundary_boost: 0.0850, aux.loss_ce: 0.0689, aux.acc_seg: 94.9753, loss: 0.5902
2026-05-11 12:44:30,497 - mmseg - INFO - Iter [20450/40000]	lr: 4.564e-05, eta: 5:12:03, time: 0.929, data_time: 0.009, memory: 21505, loss_decode: 0.5544, decode_ce: 0.1274, decode_dice: 0.1682, decode_lovasz: 0.2074, decode_boundary: 0.3228, decode_scale_reg: 0.0005, decode_lambda_bound: 0.5801, decode_boundary_boost: 0.0800, aux.loss_ce: 0.0751, aux.acc_seg: 94.5532, loss: 0.6295
2026-05-11 12:45:16,944 - mmseg - INFO - Iter [20500/40000]	lr: 4.553e-05, eta: 5:11:14, time: 0.929, data_time: 0.009, memory: 21505, loss_decode: 0.5672, decode_ce: 0.1330, decode_dice: 0.1841, decode_lovasz: 0.2079, decode_boundary: 0.3209, decode_scale_reg: 0.0009, decode_lambda_bound: 0.5800, decode_boundary_boost: 0.0800, aux.loss_ce: 0.0769, aux.acc_seg: 94.4862, loss: 0.6441
2026-05-11 12:46:03,372 - mmseg - INFO - Iter [20550/40000]	lr: 4.542e-05, eta: 5:10:25, time: 0.929, data_time: 0.009, memory: 21505, loss_decode: 0.5424, decode_ce: 0.1250, decode_dice: 0.1728, decode_lovasz: 0.1953, decode_boundary: 0.3181, decode_scale_reg: 0.0006, decode_lambda_bound: 0.5800, decode_boundary_boost: 0.0800, aux.loss_ce: 0.0754, aux.acc_seg: 94.7028, loss: 0.6177
2026-05-11 12:46:49,855 - mmseg - INFO - Iter [20600/40000]	lr: 4.531e-05, eta: 5:09:36, time: 0.930, data_time: 0.009, memory: 21505, loss_decode: 0.5632, decode_ce: 0.1261, decode_dice: 0.1977, decode_lovasz: 0.2079, decode_boundary: 0.3143, decode_scale_reg: 0.0009, decode_lambda_bound: 0.5800, decode_boundary_boost: 0.0800, aux.loss_ce: 0.0740, aux.acc_seg: 94.6001, loss: 0.6372
2026-05-11 12:47:36,261 - mmseg - INFO - Iter [20650/40000]	lr: 4.520e-05, eta: 5:08:46, time: 0.928, data_time: 0.009, memory: 21505, loss_decode: 0.5672, decode_ce: 0.1228, decode_dice: 0.2024, decode_lovasz: 0.2149, decode_boundary: 0.3137, decode_scale_reg: 0.0008, decode_lambda_bound: 0.5800, decode_boundary_boost: 0.0800, aux.loss_ce: 0.0696, aux.acc_seg: 95.0738, loss: 0.6368
2026-05-11 12:48:22,715 - mmseg - INFO - Iter [20700/40000]	lr: 4.509e-05, eta: 5:07:57, time: 0.929, data_time: 0.009, memory: 21505, loss_decode: 0.5657, decode_ce: 0.1246, decode_dice: 0.1841, decode_lovasz: 0.2177, decode_boundary: 0.3204, decode_scale_reg: 0.0006, decode_lambda_bound: 0.5800, decode_boundary_boost: 0.0800, aux.loss_ce: 0.0699, aux.acc_seg: 95.1299, loss: 0.6356
2026-05-11 12:49:09,543 - mmseg - INFO - Iter [20750/40000]	lr: 4.498e-05, eta: 5:07:08, time: 0.937, data_time: 0.009, memory: 21505, loss_decode: 0.5269, decode_ce: 0.1251, decode_dice: 0.1634, decode_lovasz: 0.1890, decode_boundary: 0.3073, decode_scale_reg: 0.0006, decode_lambda_bound: 0.5800, decode_boundary_boost: 0.0800, aux.loss_ce: 0.0709, aux.acc_seg: 95.0718, loss: 0.5978
2026-05-11 12:49:56,233 - mmseg - INFO - Iter [20800/40000]	lr: 4.487e-05, eta: 5:06:19, time: 0.934, data_time: 0.009, memory: 21505, loss_decode: 0.5764, decode_ce: 0.1322, decode_dice: 0.2103, decode_lovasz: 0.2046, decode_boundary: 0.3200, decode_scale_reg: 0.0012, decode_lambda_bound: 0.5800, decode_boundary_boost: 0.0800, aux.loss_ce: 0.0737, aux.acc_seg: 94.6099, loss: 0.6501
2026-05-11 12:50:42,753 - mmseg - INFO - Iter [20850/40000]	lr: 4.476e-05, eta: 5:05:30, time: 0.930, data_time: 0.009, memory: 21505, loss_decode: 0.5934, decode_ce: 0.1329, decode_dice: 0.2041, decode_lovasz: 0.2317, decode_boundary: 0.3211, decode_scale_reg: 0.0015, decode_lambda_bound: 0.5751, decode_boundary_boost: 0.0750, aux.loss_ce: 0.0765, aux.acc_seg: 94.4084, loss: 0.6699
2026-05-11 12:51:29,186 - mmseg - INFO - Iter [20900/40000]	lr: 4.465e-05, eta: 5:04:41, time: 0.929, data_time: 0.009, memory: 21505, loss_decode: 0.5628, decode_ce: 0.1283, decode_dice: 0.1958, decode_lovasz: 0.2128, decode_boundary: 0.3078, decode_scale_reg: 0.0012, decode_lambda_bound: 0.5750, decode_boundary_boost: 0.0750, aux.loss_ce: 0.0746, aux.acc_seg: 94.6101, loss: 0.6374
2026-05-11 12:52:15,582 - mmseg - INFO - Iter [20950/40000]	lr: 4.453e-05, eta: 5:03:52, time: 0.928, data_time: 0.009, memory: 21505, loss_decode: 0.5691, decode_ce: 0.1297, decode_dice: 0.2019, decode_lovasz: 0.2033, decode_boundary: 0.3235, decode_scale_reg: 0.0009, decode_lambda_bound: 0.5750, decode_boundary_boost: 0.0750, aux.loss_ce: 0.0747, aux.acc_seg: 94.6243, loss: 0.6438
2026-05-11 12:53:02,041 - mmseg - INFO - Exp name: uper_cosnet_zerowaste_40k.py
2026-05-11 12:53:02,041 - mmseg - INFO - Iter [21000/40000]	lr: 4.442e-05, eta: 5:03:03, time: 0.929, data_time: 0.009, memory: 21505, loss_decode: 0.5289, decode_ce: 0.1230, decode_dice: 0.1700, decode_lovasz: 0.1836, decode_boundary: 0.3186, decode_scale_reg: 0.0009, decode_lambda_bound: 0.5750, decode_boundary_boost: 0.0750, aux.loss_ce: 0.0732, aux.acc_seg: 94.8532, loss: 0.6021
2026-05-11 12:53:48,448 - mmseg - INFO - Iter [21050/40000]	lr: 4.431e-05, eta: 5:02:14, time: 0.928, data_time: 0.009, memory: 21505, loss_decode: 0.5469, decode_ce: 0.1206, decode_dice: 0.1946, decode_lovasz: 0.1941, decode_boundary: 0.3190, decode_scale_reg: 0.0007, decode_lambda_bound: 0.5750, decode_boundary_boost: 0.0750, aux.loss_ce: 0.0690, aux.acc_seg: 95.1116, loss: 0.6159
2026-05-11 12:54:34,890 - mmseg - INFO - Iter [21100/40000]	lr: 4.420e-05, eta: 5:01:25, time: 0.929, data_time: 0.009, memory: 21505, loss_decode: 0.6079, decode_ce: 0.1467, decode_dice: 0.2226, decode_lovasz: 0.2194, decode_boundary: 0.3224, decode_scale_reg: 0.0008, decode_lambda_bound: 0.5750, decode_boundary_boost: 0.0750, aux.loss_ce: 0.0812, aux.acc_seg: 94.2400, loss: 0.6891
2026-05-11 12:55:21,343 - mmseg - INFO - Iter [21150/40000]	lr: 4.409e-05, eta: 5:00:36, time: 0.929, data_time: 0.009, memory: 21505, loss_decode: 0.5482, decode_ce: 0.1268, decode_dice: 0.1795, decode_lovasz: 0.2001, decode_boundary: 0.3158, decode_scale_reg: 0.0005, decode_lambda_bound: 0.5750, decode_boundary_boost: 0.0750, aux.loss_ce: 0.0748, aux.acc_seg: 94.6777, loss: 0.6230
2026-05-11 12:56:07,772 - mmseg - INFO - Iter [21200/40000]	lr: 4.398e-05, eta: 4:59:46, time: 0.929, data_time: 0.009, memory: 21505, loss_decode: 0.5895, decode_ce: 0.1380, decode_dice: 0.2031, decode_lovasz: 0.2178, decode_boundary: 0.3244, decode_scale_reg: 0.0011, decode_lambda_bound: 0.5750, decode_boundary_boost: 0.0750, aux.loss_ce: 0.0790, aux.acc_seg: 94.5095, loss: 0.6686
2026-05-11 12:56:54,233 - mmseg - INFO - Iter [21250/40000]	lr: 4.387e-05, eta: 4:58:57, time: 0.929, data_time: 0.009, memory: 21505, loss_decode: 0.5455, decode_ce: 0.1197, decode_dice: 0.1981, decode_lovasz: 0.1841, decode_boundary: 0.3225, decode_scale_reg: 0.0013, decode_lambda_bound: 0.5848, decode_boundary_boost: 0.0850, aux.loss_ce: 0.0720, aux.acc_seg: 94.7624, loss: 0.6174
2026-05-11 12:57:40,747 - mmseg - INFO - Iter [21300/40000]	lr: 4.376e-05, eta: 4:58:08, time: 0.930, data_time: 0.009, memory: 21505, loss_decode: 0.5708, decode_ce: 0.1225, decode_dice: 0.2127, decode_lovasz: 0.2043, decode_boundary: 0.3227, decode_scale_reg: 0.0009, decode_lambda_bound: 0.5850, decode_boundary_boost: 0.0850, aux.loss_ce: 0.0699, aux.acc_seg: 94.9757, loss: 0.6407
2026-05-11 12:58:27,252 - mmseg - INFO - Iter [21350/40000]	lr: 4.365e-05, eta: 4:57:19, time: 0.930, data_time: 0.009, memory: 21505, loss_decode: 0.5680, decode_ce: 0.1287, decode_dice: 0.2049, decode_lovasz: 0.1984, decode_boundary: 0.3213, decode_scale_reg: 0.0008, decode_lambda_bound: 0.5850, decode_boundary_boost: 0.0850, aux.loss_ce: 0.0733, aux.acc_seg: 94.7911, loss: 0.6413
2026-05-11 12:59:13,679 - mmseg - INFO - Iter [21400/40000]	lr: 4.354e-05, eta: 4:56:30, time: 0.929, data_time: 0.009, memory: 21505, loss_decode: 0.5957, decode_ce: 0.1382, decode_dice: 0.2380, decode_lovasz: 0.1999, decode_boundary: 0.3223, decode_scale_reg: 0.0022, decode_lambda_bound: 0.5850, decode_boundary_boost: 0.0850, aux.loss_ce: 0.0777, aux.acc_seg: 94.3753, loss: 0.6734
2026-05-11 13:00:00,121 - mmseg - INFO - Iter [21450/40000]	lr: 4.343e-05, eta: 4:55:41, time: 0.929, data_time: 0.009, memory: 21505, loss_decode: 0.5780, decode_ce: 0.1399, decode_dice: 0.1854, decode_lovasz: 0.2104, decode_boundary: 0.3206, decode_scale_reg: 0.0014, decode_lambda_bound: 0.5850, decode_boundary_boost: 0.0850, aux.loss_ce: 0.0828, aux.acc_seg: 94.0847, loss: 0.6608
2026-05-11 13:00:46,685 - mmseg - INFO - Iter [21500/40000]	lr: 4.332e-05, eta: 4:54:52, time: 0.931, data_time: 0.009, memory: 21505, loss_decode: 0.5717, decode_ce: 0.1223, decode_dice: 0.2045, decode_lovasz: 0.2146, decode_boundary: 0.3183, decode_scale_reg: 0.0013, decode_lambda_bound: 0.5850, decode_boundary_boost: 0.0850, aux.loss_ce: 0.0721, aux.acc_seg: 94.8130, loss: 0.6438
2026-05-11 13:01:33,113 - mmseg - INFO - Iter [21550/40000]	lr: 4.320e-05, eta: 4:54:03, time: 0.929, data_time: 0.009, memory: 21505, loss_decode: 0.5854, decode_ce: 0.1293, decode_dice: 0.2227, decode_lovasz: 0.2120, decode_boundary: 0.3174, decode_scale_reg: 0.0012, decode_lambda_bound: 0.5850, decode_boundary_boost: 0.0850, aux.loss_ce: 0.0728, aux.acc_seg: 94.8304, loss: 0.6582
2026-05-11 13:02:19,552 - mmseg - INFO - Iter [21600/40000]	lr: 4.309e-05, eta: 4:53:14, time: 0.929, data_time: 0.009, memory: 21505, loss_decode: 0.5821, decode_ce: 0.1342, decode_dice: 0.2051, decode_lovasz: 0.2049, decode_boundary: 0.3276, decode_scale_reg: 0.0010, decode_lambda_bound: 0.5850, decode_boundary_boost: 0.0850, aux.loss_ce: 0.0772, aux.acc_seg: 94.3299, loss: 0.6593
2026-05-11 13:03:06,013 - mmseg - INFO - Iter [21650/40000]	lr: 4.298e-05, eta: 4:52:25, time: 0.929, data_time: 0.009, memory: 21505, loss_decode: 0.5367, decode_ce: 0.1251, decode_dice: 0.1805, decode_lovasz: 0.1884, decode_boundary: 0.3105, decode_scale_reg: 0.0009, decode_lambda_bound: 0.5801, decode_boundary_boost: 0.0800, aux.loss_ce: 0.0731, aux.acc_seg: 94.6020, loss: 0.6098
2026-05-11 13:03:52,459 - mmseg - INFO - Iter [21700/40000]	lr: 4.287e-05, eta: 4:51:36, time: 0.929, data_time: 0.009, memory: 21505, loss_decode: 0.5583, decode_ce: 0.1210, decode_dice: 0.2156, decode_lovasz: 0.1977, decode_boundary: 0.3125, decode_scale_reg: 0.0009, decode_lambda_bound: 0.5800, decode_boundary_boost: 0.0800, aux.loss_ce: 0.0691, aux.acc_seg: 94.9823, loss: 0.6275
2026-05-11 13:04:38,916 - mmseg - INFO - Iter [21750/40000]	lr: 4.276e-05, eta: 4:50:48, time: 0.929, data_time: 0.009, memory: 21505, loss_decode: 0.5471, decode_ce: 0.1280, decode_dice: 0.1861, decode_lovasz: 0.1871, decode_boundary: 0.3202, decode_scale_reg: 0.0005, decode_lambda_bound: 0.5800, decode_boundary_boost: 0.0800, aux.loss_ce: 0.0714, aux.acc_seg: 94.8796, loss: 0.6185
2026-05-11 13:05:25,323 - mmseg - INFO - Iter [21800/40000]	lr: 4.265e-05, eta: 4:49:59, time: 0.928, data_time: 0.009, memory: 21505, loss_decode: 0.5456, decode_ce: 0.1136, decode_dice: 0.1887, decode_lovasz: 0.2103, decode_boundary: 0.3102, decode_scale_reg: 0.0006, decode_lambda_bound: 0.5800, decode_boundary_boost: 0.0800, aux.loss_ce: 0.0675, aux.acc_seg: 95.1867, loss: 0.6131
2026-05-11 13:06:11,801 - mmseg - INFO - Iter [21850/40000]	lr: 4.254e-05, eta: 4:49:10, time: 0.930, data_time: 0.009, memory: 21505, loss_decode: 0.5515, decode_ce: 0.1223, decode_dice: 0.2011, decode_lovasz: 0.1946, decode_boundary: 0.3150, decode_scale_reg: 0.0010, decode_lambda_bound: 0.5800, decode_boundary_boost: 0.0800, aux.loss_ce: 0.0722, aux.acc_seg: 94.8867, loss: 0.6237
2026-05-11 13:06:58,253 - mmseg - INFO - Iter [21900/40000]	lr: 4.243e-05, eta: 4:48:21, time: 0.929, data_time: 0.009, memory: 21505, loss_decode: 0.5370, decode_ce: 0.1189, decode_dice: 0.1912, decode_lovasz: 0.1844, decode_boundary: 0.3176, decode_scale_reg: 0.0006, decode_lambda_bound: 0.5800, decode_boundary_boost: 0.0800, aux.loss_ce: 0.0683, aux.acc_seg: 95.1407, loss: 0.6053
2026-05-11 13:07:44,718 - mmseg - INFO - Iter [21950/40000]	lr: 4.232e-05, eta: 4:47:32, time: 0.929, data_time: 0.009, memory: 21505, loss_decode: 0.5316, decode_ce: 0.1171, decode_dice: 0.1825, decode_lovasz: 0.1820, decode_boundary: 0.3219, decode_scale_reg: 0.0006, decode_lambda_bound: 0.5800, decode_boundary_boost: 0.0800, aux.loss_ce: 0.0688, aux.acc_seg: 95.0367, loss: 0.6004
2026-05-11 13:08:31,264 - mmseg - INFO - Exp name: uper_cosnet_zerowaste_40k.py
2026-05-11 13:08:31,264 - mmseg - INFO - Iter [22000/40000]	lr: 4.221e-05, eta: 4:46:43, time: 0.931, data_time: 0.009, memory: 21505, loss_decode: 0.5507, decode_ce: 0.1231, decode_dice: 0.1957, decode_lovasz: 0.1974, decode_boundary: 0.3134, decode_scale_reg: 0.0010, decode_lambda_bound: 0.5800, decode_boundary_boost: 0.0800, aux.loss_ce: 0.0712, aux.acc_seg: 94.9425, loss: 0.6219
2026-05-11 13:09:17,740 - mmseg - INFO - Iter [22050/40000]	lr: 4.209e-05, eta: 4:45:54, time: 0.930, data_time: 0.009, memory: 21505, loss_decode: 0.5177, decode_ce: 0.1168, decode_dice: 0.1567, decode_lovasz: 0.1836, decode_boundary: 0.3214, decode_scale_reg: 0.0012, decode_lambda_bound: 0.5751, decode_boundary_boost: 0.0750, aux.loss_ce: 0.0699, aux.acc_seg: 95.0629, loss: 0.5876
2026-05-11 13:10:04,246 - mmseg - INFO - Iter [22100/40000]	lr: 4.198e-05, eta: 4:45:05, time: 0.930, data_time: 0.009, memory: 21505, loss_decode: 0.5494, decode_ce: 0.1245, decode_dice: 0.1925, decode_lovasz: 0.1950, decode_boundary: 0.3170, decode_scale_reg: 0.0009, decode_lambda_bound: 0.5750, decode_boundary_boost: 0.0750, aux.loss_ce: 0.0729, aux.acc_seg: 94.6715, loss: 0.6222
2026-05-11 13:10:50,736 - mmseg - INFO - Iter [22150/40000]	lr: 4.187e-05, eta: 4:44:17, time: 0.930, data_time: 0.009, memory: 21505, loss_decode: 0.5691, decode_ce: 0.1304, decode_dice: 0.1988, decode_lovasz: 0.2072, decode_boundary: 0.3199, decode_scale_reg: 0.0009, decode_lambda_bound: 0.5750, decode_boundary_boost: 0.0750, aux.loss_ce: 0.0725, aux.acc_seg: 94.6913, loss: 0.6416
2026-05-11 13:11:37,146 - mmseg - INFO - Iter [22200/40000]	lr: 4.176e-05, eta: 4:43:28, time: 0.928, data_time: 0.009, memory: 21505, loss_decode: 0.5452, decode_ce: 0.1166, decode_dice: 0.2181, decode_lovasz: 0.1848, decode_boundary: 0.3148, decode_scale_reg: 0.0007, decode_lambda_bound: 0.5750, decode_boundary_boost: 0.0750, aux.loss_ce: 0.0681, aux.acc_seg: 95.0676, loss: 0.6133
2026-05-11 13:12:23,540 - mmseg - INFO - Iter [22250/40000]	lr: 4.165e-05, eta: 4:42:39, time: 0.928, data_time: 0.009, memory: 21505, loss_decode: 0.5941, decode_ce: 0.1360, decode_dice: 0.2030, decode_lovasz: 0.2172, decode_boundary: 0.3368, decode_scale_reg: 0.0020, decode_lambda_bound: 0.5750, decode_boundary_boost: 0.0750, aux.loss_ce: 0.0766, aux.acc_seg: 94.3759, loss: 0.6707
2026-05-11 13:13:10,021 - mmseg - INFO - Iter [22300/40000]	lr: 4.154e-05, eta: 4:41:50, time: 0.930, data_time: 0.009, memory: 21505, loss_decode: 0.5707, decode_ce: 0.1255, decode_dice: 0.1953, decode_lovasz: 0.2208, decode_boundary: 0.3165, decode_scale_reg: 0.0011, decode_lambda_bound: 0.5750, decode_boundary_boost: 0.0750, aux.loss_ce: 0.0697, aux.acc_seg: 95.0051, loss: 0.6404
2026-05-11 13:13:56,429 - mmseg - INFO - Iter [22350/40000]	lr: 4.143e-05, eta: 4:41:01, time: 0.928, data_time: 0.009, memory: 21505, loss_decode: 0.5260, decode_ce: 0.1208, decode_dice: 0.1695, decode_lovasz: 0.1856, decode_boundary: 0.3153, decode_scale_reg: 0.0012, decode_lambda_bound: 0.5750, decode_boundary_boost: 0.0750, aux.loss_ce: 0.0710, aux.acc_seg: 94.9241, loss: 0.5970
2026-05-11 13:14:42,818 - mmseg - INFO - Iter [22400/40000]	lr: 4.132e-05, eta: 4:40:12, time: 0.928, data_time: 0.009, memory: 21505, loss_decode: 0.5770, decode_ce: 0.1324, decode_dice: 0.2167, decode_lovasz: 0.2058, decode_boundary: 0.3162, decode_scale_reg: 0.0017, decode_lambda_bound: 0.5750, decode_boundary_boost: 0.0750, aux.loss_ce: 0.0763, aux.acc_seg: 94.5392, loss: 0.6533
2026-05-11 13:15:29,297 - mmseg - INFO - Iter [22450/40000]	lr: 4.120e-05, eta: 4:39:24, time: 0.930, data_time: 0.009, memory: 21505, loss_decode: 0.5719, decode_ce: 0.1193, decode_dice: 0.2079, decode_lovasz: 0.2212, decode_boundary: 0.3125, decode_scale_reg: 0.0008, decode_lambda_bound: 0.5848, decode_boundary_boost: 0.0850, aux.loss_ce: 0.0694, aux.acc_seg: 94.8851, loss: 0.6413
2026-05-11 13:16:15,720 - mmseg - INFO - Iter [22500/40000]	lr: 4.109e-05, eta: 4:38:35, time: 0.928, data_time: 0.009, memory: 21505, loss_decode: 0.5461, decode_ce: 0.1204, decode_dice: 0.1983, decode_lovasz: 0.1907, decode_boundary: 0.3137, decode_scale_reg: 0.0011, decode_lambda_bound: 0.5850, decode_boundary_boost: 0.0850, aux.loss_ce: 0.0698, aux.acc_seg: 94.9118, loss: 0.6159
2026-05-11 13:17:02,134 - mmseg - INFO - Iter [22550/40000]	lr: 4.098e-05, eta: 4:37:46, time: 0.928, data_time: 0.009, memory: 21505, loss_decode: 0.5553, decode_ce: 0.1262, decode_dice: 0.1994, decode_lovasz: 0.1937, decode_boundary: 0.3147, decode_scale_reg: 0.0010, decode_lambda_bound: 0.5850, decode_boundary_boost: 0.0850, aux.loss_ce: 0.0728, aux.acc_seg: 94.7701, loss: 0.6281
2026-05-11 13:17:48,547 - mmseg - INFO - Iter [22600/40000]	lr: 4.087e-05, eta: 4:36:57, time: 0.928, data_time: 0.009, memory: 21505, loss_decode: 0.5584, decode_ce: 0.1212, decode_dice: 0.1919, decode_lovasz: 0.2100, decode_boundary: 0.3140, decode_scale_reg: 0.0007, decode_lambda_bound: 0.5850, decode_boundary_boost: 0.0850, aux.loss_ce: 0.0681, aux.acc_seg: 95.0751, loss: 0.6265
2026-05-11 13:18:34,989 - mmseg - INFO - Iter [22650/40000]	lr: 4.076e-05, eta: 4:36:08, time: 0.929, data_time: 0.009, memory: 21505, loss_decode: 0.5632, decode_ce: 0.1169, decode_dice: 0.2070, decode_lovasz: 0.2163, decode_boundary: 0.3086, decode_scale_reg: 0.0008, decode_lambda_bound: 0.5850, decode_boundary_boost: 0.0850, aux.loss_ce: 0.0658, aux.acc_seg: 95.3498, loss: 0.6290
2026-05-11 13:19:21,413 - mmseg - INFO - Iter [22700/40000]	lr: 4.065e-05, eta: 4:35:20, time: 0.928, data_time: 0.009, memory: 21505, loss_decode: 0.5398, decode_ce: 0.1121, decode_dice: 0.1820, decode_lovasz: 0.2011, decode_boundary: 0.3177, decode_scale_reg: 0.0008, decode_lambda_bound: 0.5850, decode_boundary_boost: 0.0850, aux.loss_ce: 0.0659, aux.acc_seg: 95.2279, loss: 0.6057
2026-05-11 13:20:07,802 - mmseg - INFO - Iter [22750/40000]	lr: 4.054e-05, eta: 4:34:31, time: 0.928, data_time: 0.009, memory: 21505, loss_decode: 0.5304, decode_ce: 0.1108, decode_dice: 0.1874, decode_lovasz: 0.1896, decode_boundary: 0.3140, decode_scale_reg: 0.0012, decode_lambda_bound: 0.5850, decode_boundary_boost: 0.0850, aux.loss_ce: 0.0646, aux.acc_seg: 95.2638, loss: 0.5950
2026-05-11 13:20:54,222 - mmseg - INFO - Iter [22800/40000]	lr: 4.043e-05, eta: 4:33:42, time: 0.928, data_time: 0.009, memory: 21505, loss_decode: 0.5187, decode_ce: 0.1122, decode_dice: 0.1601, decode_lovasz: 0.1886, decode_boundary: 0.3162, decode_scale_reg: 0.0011, decode_lambda_bound: 0.5850, decode_boundary_boost: 0.0850, aux.loss_ce: 0.0655, aux.acc_seg: 95.3685, loss: 0.5842
2026-05-11 13:21:40,594 - mmseg - INFO - Iter [22850/40000]	lr: 4.031e-05, eta: 4:32:53, time: 0.927, data_time: 0.009, memory: 21505, loss_decode: 0.5356, decode_ce: 0.1258, decode_dice: 0.1774, decode_lovasz: 0.1785, decode_boundary: 0.3227, decode_scale_reg: 0.0012, decode_lambda_bound: 0.5801, decode_boundary_boost: 0.0800, aux.loss_ce: 0.0719, aux.acc_seg: 94.7687, loss: 0.6075
2026-05-11 13:22:27,081 - mmseg - INFO - Iter [22900/40000]	lr: 4.020e-05, eta: 4:32:05, time: 0.930, data_time: 0.009, memory: 21505, loss_decode: 0.5029, decode_ce: 0.1040, decode_dice: 0.1775, decode_lovasz: 0.1734, decode_boundary: 0.3104, decode_scale_reg: 0.0011, decode_lambda_bound: 0.5800, decode_boundary_boost: 0.0800, aux.loss_ce: 0.0617, aux.acc_seg: 95.4327, loss: 0.5646
2026-05-11 13:23:13,544 - mmseg - INFO - Iter [22950/40000]	lr: 4.009e-05, eta: 4:31:16, time: 0.929, data_time: 0.009, memory: 21505, loss_decode: 0.6107, decode_ce: 0.1336, decode_dice: 0.2299, decode_lovasz: 0.2364, decode_boundary: 0.3188, decode_scale_reg: 0.0011, decode_lambda_bound: 0.5800, decode_boundary_boost: 0.0800, aux.loss_ce: 0.0739, aux.acc_seg: 94.6647, loss: 0.6847
2026-05-11 13:24:00,031 - mmseg - INFO - Exp name: uper_cosnet_zerowaste_40k.py
2026-05-11 13:24:00,031 - mmseg - INFO - Iter [23000/40000]	lr: 3.998e-05, eta: 4:30:27, time: 0.930, data_time: 0.009, memory: 21505, loss_decode: 0.6039, decode_ce: 0.1461, decode_dice: 0.2108, decode_lovasz: 0.2236, decode_boundary: 0.3186, decode_scale_reg: 0.0008, decode_lambda_bound: 0.5800, decode_boundary_boost: 0.0800, aux.loss_ce: 0.0771, aux.acc_seg: 94.6485, loss: 0.6811
2026-05-11 13:24:46,431 - mmseg - INFO - Iter [23050/40000]	lr: 3.987e-05, eta: 4:29:39, time: 0.928, data_time: 0.009, memory: 21505, loss_decode: 0.5274, decode_ce: 0.1192, decode_dice: 0.1727, decode_lovasz: 0.1858, decode_boundary: 0.3147, decode_scale_reg: 0.0008, decode_lambda_bound: 0.5800, decode_boundary_boost: 0.0800, aux.loss_ce: 0.0689, aux.acc_seg: 95.0492, loss: 0.5963
2026-05-11 13:25:32,828 - mmseg - INFO - Iter [23100/40000]	lr: 3.976e-05, eta: 4:28:50, time: 0.928, data_time: 0.009, memory: 21505, loss_decode: 0.5419, decode_ce: 0.1136, decode_dice: 0.1950, decode_lovasz: 0.1949, decode_boundary: 0.3183, decode_scale_reg: 0.0011, decode_lambda_bound: 0.5800, decode_boundary_boost: 0.0800, aux.loss_ce: 0.0674, aux.acc_seg: 95.1432, loss: 0.6093
2026-05-11 13:26:19,269 - mmseg - INFO - Iter [23150/40000]	lr: 3.965e-05, eta: 4:28:01, time: 0.929, data_time: 0.009, memory: 21505, loss_decode: 0.5700, decode_ce: 0.1307, decode_dice: 0.2027, decode_lovasz: 0.2039, decode_boundary: 0.3190, decode_scale_reg: 0.0013, decode_lambda_bound: 0.5800, decode_boundary_boost: 0.0800, aux.loss_ce: 0.0774, aux.acc_seg: 94.5201, loss: 0.6474
2026-05-11 13:27:05,672 - mmseg - INFO - Iter [23200/40000]	lr: 3.953e-05, eta: 4:27:13, time: 0.928, data_time: 0.009, memory: 21505, loss_decode: 0.5652, decode_ce: 0.1202, decode_dice: 0.2097, decode_lovasz: 0.2104, decode_boundary: 0.3144, decode_scale_reg: 0.0015, decode_lambda_bound: 0.5800, decode_boundary_boost: 0.0800, aux.loss_ce: 0.0684, aux.acc_seg: 95.0156, loss: 0.6336
2026-05-11 13:27:52,049 - mmseg - INFO - Iter [23250/40000]	lr: 3.942e-05, eta: 4:26:24, time: 0.928, data_time: 0.009, memory: 21505, loss_decode: 0.5511, decode_ce: 0.1170, decode_dice: 0.2125, decode_lovasz: 0.1920, decode_boundary: 0.3117, decode_scale_reg: 0.0016, decode_lambda_bound: 0.5898, decode_boundary_boost: 0.0900, aux.loss_ce: 0.0657, aux.acc_seg: 95.3516, loss: 0.6168
2026-05-11 13:28:38,458 - mmseg - INFO - Iter [23300/40000]	lr: 3.931e-05, eta: 4:25:35, time: 0.928, data_time: 0.009, memory: 21505, loss_decode: 0.5835, decode_ce: 0.1420, decode_dice: 0.2057, decode_lovasz: 0.2037, decode_boundary: 0.3151, decode_scale_reg: 0.0014, decode_lambda_bound: 0.5900, decode_boundary_boost: 0.0900, aux.loss_ce: 0.0724, aux.acc_seg: 94.9475, loss: 0.6559
2026-05-11 13:29:24,901 - mmseg - INFO - Iter [23350/40000]	lr: 3.920e-05, eta: 4:24:47, time: 0.929, data_time: 0.009, memory: 21505, loss_decode: 0.5775, decode_ce: 0.1232, decode_dice: 0.2241, decode_lovasz: 0.2022, decode_boundary: 0.3230, decode_scale_reg: 0.0018, decode_lambda_bound: 0.5900, decode_boundary_boost: 0.0900, aux.loss_ce: 0.0687, aux.acc_seg: 95.1277, loss: 0.6462
2026-05-11 13:30:11,337 - mmseg - INFO - Iter [23400/40000]	lr: 3.909e-05, eta: 4:23:58, time: 0.929, data_time: 0.009, memory: 21505, loss_decode: 0.5488, decode_ce: 0.1158, decode_dice: 0.1944, decode_lovasz: 0.1954, decode_boundary: 0.3208, decode_scale_reg: 0.0016, decode_lambda_bound: 0.5900, decode_boundary_boost: 0.0900, aux.loss_ce: 0.0698, aux.acc_seg: 94.8241, loss: 0.6185
2026-05-11 13:30:57,779 - mmseg - INFO - Iter [23450/40000]	lr: 3.898e-05, eta: 4:23:09, time: 0.929, data_time: 0.009, memory: 21505, loss_decode: 0.5477, decode_ce: 0.1211, decode_dice: 0.1863, decode_lovasz: 0.1946, decode_boundary: 0.3178, decode_scale_reg: 0.0017, decode_lambda_bound: 0.5900, decode_boundary_boost: 0.0900, aux.loss_ce: 0.0716, aux.acc_seg: 94.8692, loss: 0.6193
2026-05-11 13:31:44,208 - mmseg - INFO - Iter [23500/40000]	lr: 3.886e-05, eta: 4:22:21, time: 0.929, data_time: 0.009, memory: 21505, loss_decode: 0.5720, decode_ce: 0.1288, decode_dice: 0.1930, decode_lovasz: 0.2084, decode_boundary: 0.3226, decode_scale_reg: 0.0020, decode_lambda_bound: 0.5900, decode_boundary_boost: 0.0900, aux.loss_ce: 0.0733, aux.acc_seg: 94.6089, loss: 0.6453
2026-05-11 13:32:30,644 - mmseg - INFO - Iter [23550/40000]	lr: 3.875e-05, eta: 4:21:32, time: 0.929, data_time: 0.009, memory: 21505, loss_decode: 0.5563, decode_ce: 0.1299, decode_dice: 0.1795, decode_lovasz: 0.1990, decode_boundary: 0.3175, decode_scale_reg: 0.0015, decode_lambda_bound: 0.5900, decode_boundary_boost: 0.0900, aux.loss_ce: 0.0738, aux.acc_seg: 94.7484, loss: 0.6301
2026-05-11 13:33:17,044 - mmseg - INFO - Iter [23600/40000]	lr: 3.864e-05, eta: 4:20:44, time: 0.928, data_time: 0.009, memory: 21505, loss_decode: 0.5516, decode_ce: 0.1278, decode_dice: 0.1895, decode_lovasz: 0.1906, decode_boundary: 0.3154, decode_scale_reg: 0.0013, decode_lambda_bound: 0.5900, decode_boundary_boost: 0.0900, aux.loss_ce: 0.0708, aux.acc_seg: 95.0909, loss: 0.6224
2026-05-11 13:34:03,609 - mmseg - INFO - Iter [23650/40000]	lr: 3.853e-05, eta: 4:19:55, time: 0.931, data_time: 0.009, memory: 21505, loss_decode: 0.5713, decode_ce: 0.1133, decode_dice: 0.2297, decode_lovasz: 0.2042, decode_boundary: 0.3168, decode_scale_reg: 0.0012, decode_lambda_bound: 0.5998, decode_boundary_boost: 0.1000, aux.loss_ce: 0.0678, aux.acc_seg: 95.1151, loss: 0.6391
2026-05-11 13:34:49,992 - mmseg - INFO - Iter [23700/40000]	lr: 3.842e-05, eta: 4:19:07, time: 0.928, data_time: 0.009, memory: 21505, loss_decode: 0.5539, decode_ce: 0.1245, decode_dice: 0.1864, decode_lovasz: 0.1948, decode_boundary: 0.3168, decode_scale_reg: 0.0009, decode_lambda_bound: 0.6000, decode_boundary_boost: 0.1000, aux.loss_ce: 0.0723, aux.acc_seg: 94.8150, loss: 0.6262
2026-05-11 13:35:36,400 - mmseg - INFO - Iter [23750/40000]	lr: 3.831e-05, eta: 4:18:18, time: 0.928, data_time: 0.009, memory: 21505, loss_decode: 0.5100, decode_ce: 0.1117, decode_dice: 0.1456, decode_lovasz: 0.1744, decode_boundary: 0.3245, decode_scale_reg: 0.0006, decode_lambda_bound: 0.6000, decode_boundary_boost: 0.1000, aux.loss_ce: 0.0677, aux.acc_seg: 95.1955, loss: 0.5777
2026-05-11 13:36:22,811 - mmseg - INFO - Iter [23800/40000]	lr: 3.819e-05, eta: 4:17:29, time: 0.928, data_time: 0.009, memory: 21505, loss_decode: 0.4774, decode_ce: 0.1105, decode_dice: 0.1404, decode_lovasz: 0.1466, decode_boundary: 0.3112, decode_scale_reg: 0.0006, decode_lambda_bound: 0.6000, decode_boundary_boost: 0.1000, aux.loss_ce: 0.0617, aux.acc_seg: 95.6864, loss: 0.5390
2026-05-11 13:37:09,239 - mmseg - INFO - Iter [23850/40000]	lr: 3.808e-05, eta: 4:16:41, time: 0.929, data_time: 0.009, memory: 21505, loss_decode: 0.5522, decode_ce: 0.1158, decode_dice: 0.1932, decode_lovasz: 0.2003, decode_boundary: 0.3160, decode_scale_reg: 0.0005, decode_lambda_bound: 0.6000, decode_boundary_boost: 0.1000, aux.loss_ce: 0.0690, aux.acc_seg: 94.9378, loss: 0.6211
2026-05-11 13:37:55,641 - mmseg - INFO - Iter [23900/40000]	lr: 3.797e-05, eta: 4:15:52, time: 0.928, data_time: 0.009, memory: 21505, loss_decode: 0.5472, decode_ce: 0.1108, decode_dice: 0.1944, decode_lovasz: 0.1996, decode_boundary: 0.3157, decode_scale_reg: 0.0007, decode_lambda_bound: 0.6000, decode_boundary_boost: 0.1000, aux.loss_ce: 0.0643, aux.acc_seg: 95.3146, loss: 0.6114
2026-05-11 13:38:42,034 - mmseg - INFO - Iter [23950/40000]	lr: 3.786e-05, eta: 4:15:04, time: 0.928, data_time: 0.009, memory: 21505, loss_decode: 0.5562, decode_ce: 0.1246, decode_dice: 0.1782, decode_lovasz: 0.2017, decode_boundary: 0.3186, decode_scale_reg: 0.0012, decode_lambda_bound: 0.6000, decode_boundary_boost: 0.1000, aux.loss_ce: 0.0712, aux.acc_seg: 94.8608, loss: 0.6274
2026-05-11 13:39:28,449 - mmseg - INFO - Saving checkpoint at 24000 iterations
2026-05-11 13:39:29,189 - mmseg - INFO - Exp name: uper_cosnet_zerowaste_40k.py
2026-05-11 13:39:29,189 - mmseg - INFO - Iter [24000/40000]	lr: 3.775e-05, eta: 4:14:16, time: 0.943, data_time: 0.009, memory: 21505, loss_decode: 0.5737, decode_ce: 0.1169, decode_dice: 0.2161, decode_lovasz: 0.2085, decode_boundary: 0.3206, decode_scale_reg: 0.0007, decode_lambda_bound: 0.6000, decode_boundary_boost: 0.1000, aux.loss_ce: 0.0650, aux.acc_seg: 95.2438, loss: 0.6387
2026-05-11 13:40:22,243 - mmseg - INFO - per class results:
2026-05-11 13:40:22,244 - mmseg - INFO - 
+---------------+-------+-------+
|     Class     |  IoU  |  Acc  |
+---------------+-------+-------+
|   background  | 90.59 | 96.25 |
| rigid_plastic | 21.41 | 23.76 |
|   cardboard   | 56.77 | 69.12 |
|     metal     |  10.4 | 11.07 |
|  soft_plastic | 59.65 | 74.13 |
+---------------+-------+-------+
2026-05-11 13:40:22,244 - mmseg - INFO - Summary:
2026-05-11 13:40:22,244 - mmseg - INFO - 
+-------+-------+-------+
|  aAcc |  mIoU |  mAcc |
+-------+-------+-------+
| 90.85 | 47.76 | 54.87 |
+-------+-------+-------+
2026-05-11 13:40:22,244 - mmseg - INFO - Exp name: uper_cosnet_zerowaste_40k.py
2026-05-11 13:40:22,244 - mmseg - INFO - Iter(val) [572]	aAcc: 0.9085, mIoU: 0.4776, mAcc: 0.5487, IoU.background: 0.9059, IoU.rigid_plastic: 0.2141, IoU.cardboard: 0.5677, IoU.metal: 0.1040, IoU.soft_plastic: 0.5965, Acc.background: 0.9625, Acc.rigid_plastic: 0.2376, Acc.cardboard: 0.6912, Acc.metal: 0.1107, Acc.soft_plastic: 0.7413
2026-05-11 13:41:08,512 - mmseg - INFO - Iter [24050/40000]	lr: 3.764e-05, eta: 4:14:02, time: 1.986, data_time: 1.070, memory: 21505, loss_decode: 0.5237, decode_ce: 0.1195, decode_dice: 0.1833, decode_lovasz: 0.1702, decode_boundary: 0.3107, decode_scale_reg: 0.0006, decode_lambda_bound: 0.5951, decode_boundary_boost: 0.0950, aux.loss_ce: 0.0693, aux.acc_seg: 95.1157, loss: 0.5930
2026-05-11 13:41:56,314 - mmseg - INFO - Iter [24100/40000]	lr: 3.752e-05, eta: 4:13:15, time: 0.956, data_time: 0.009, memory: 21505, loss_decode: 0.5073, decode_ce: 0.1086, decode_dice: 0.1761, decode_lovasz: 0.1574, decode_boundary: 0.3239, decode_scale_reg: 0.0007, decode_lambda_bound: 0.5950, decode_boundary_boost: 0.0950, aux.loss_ce: 0.0646, aux.acc_seg: 95.3846, loss: 0.5720
2026-05-11 13:42:43,540 - mmseg - INFO - Iter [24150/40000]	lr: 3.741e-05, eta: 4:12:26, time: 0.945, data_time: 0.009, memory: 21505, loss_decode: 0.5379, decode_ce: 0.1083, decode_dice: 0.2030, decode_lovasz: 0.1888, decode_boundary: 0.3134, decode_scale_reg: 0.0010, decode_lambda_bound: 0.5950, decode_boundary_boost: 0.0950, aux.loss_ce: 0.0628, aux.acc_seg: 95.4666, loss: 0.6007
2026-05-11 13:43:30,346 - mmseg - INFO - Iter [24200/40000]	lr: 3.730e-05, eta: 4:11:38, time: 0.936, data_time: 0.009, memory: 21505, loss_decode: 0.5421, decode_ce: 0.1176, decode_dice: 0.1977, decode_lovasz: 0.1882, decode_boundary: 0.3100, decode_scale_reg: 0.0009, decode_lambda_bound: 0.5950, decode_boundary_boost: 0.0950, aux.loss_ce: 0.0696, aux.acc_seg: 94.8941, loss: 0.6117
2026-05-11 13:44:16,911 - mmseg - INFO - Iter [24250/40000]	lr: 3.719e-05, eta: 4:10:50, time: 0.931, data_time: 0.009, memory: 21505, loss_decode: 0.5517, decode_ce: 0.1284, decode_dice: 0.1723, decode_lovasz: 0.1973, decode_boundary: 0.3179, decode_scale_reg: 0.0013, decode_lambda_bound: 0.5950, decode_boundary_boost: 0.0950, aux.loss_ce: 0.0730, aux.acc_seg: 94.7475, loss: 0.6247
2026-05-11 13:45:03,387 - mmseg - INFO - Iter [24300/40000]	lr: 3.708e-05, eta: 4:10:01, time: 0.930, data_time: 0.009, memory: 21505, loss_decode: 0.4984, decode_ce: 0.1107, decode_dice: 0.1521, decode_lovasz: 0.1610, decode_boundary: 0.3208, decode_scale_reg: 0.0008, decode_lambda_bound: 0.5950, decode_boundary_boost: 0.0950, aux.loss_ce: 0.0672, aux.acc_seg: 95.1633, loss: 0.5656
2026-05-11 13:45:50,013 - mmseg - INFO - Iter [24350/40000]	lr: 3.697e-05, eta: 4:09:12, time: 0.933, data_time: 0.009, memory: 21505, loss_decode: 0.5726, decode_ce: 0.1255, decode_dice: 0.2031, decode_lovasz: 0.2131, decode_boundary: 0.3123, decode_scale_reg: 0.0007, decode_lambda_bound: 0.5950, decode_boundary_boost: 0.0950, aux.loss_ce: 0.0703, aux.acc_seg: 95.1516, loss: 0.6429
2026-05-11 13:46:36,417 - mmseg - INFO - Iter [24400/40000]	lr: 3.685e-05, eta: 4:08:24, time: 0.928, data_time: 0.009, memory: 21505, loss_decode: 0.5459, decode_ce: 0.1308, decode_dice: 0.1799, decode_lovasz: 0.1852, decode_boundary: 0.3131, decode_scale_reg: 0.0008, decode_lambda_bound: 0.5950, decode_boundary_boost: 0.0950, aux.loss_ce: 0.0751, aux.acc_seg: 94.7051, loss: 0.6211
2026-05-11 13:47:22,873 - mmseg - INFO - Iter [24450/40000]	lr: 3.674e-05, eta: 4:07:35, time: 0.929, data_time: 0.009, memory: 21505, loss_decode: 0.5248, decode_ce: 0.1193, decode_dice: 0.1605, decode_lovasz: 0.1852, decode_boundary: 0.3080, decode_scale_reg: 0.0005, decode_lambda_bound: 0.6048, decode_boundary_boost: 0.1050, aux.loss_ce: 0.0690, aux.acc_seg: 95.0728, loss: 0.5938
2026-05-11 13:48:09,309 - mmseg - INFO - Iter [24500/40000]	lr: 3.663e-05, eta: 4:06:47, time: 0.929, data_time: 0.009, memory: 21505, loss_decode: 0.5436, decode_ce: 0.1120, decode_dice: 0.1880, decode_lovasz: 0.2060, decode_boundary: 0.3027, decode_scale_reg: 0.0007, decode_lambda_bound: 0.6050, decode_boundary_boost: 0.1050, aux.loss_ce: 0.0646, aux.acc_seg: 95.4726, loss: 0.6082
2026-05-11 13:48:56,090 - mmseg - INFO - Iter [24550/40000]	lr: 3.652e-05, eta: 4:05:58, time: 0.936, data_time: 0.009, memory: 21505, loss_decode: 0.5530, decode_ce: 0.1243, decode_dice: 0.1839, decode_lovasz: 0.1933, decode_boundary: 0.3169, decode_scale_reg: 0.0010, decode_lambda_bound: 0.6050, decode_boundary_boost: 0.1050, aux.loss_ce: 0.0730, aux.acc_seg: 94.7083, loss: 0.6260
2026-05-11 13:49:42,553 - mmseg - INFO - Iter [24600/40000]	lr: 3.641e-05, eta: 4:05:10, time: 0.929, data_time: 0.008, memory: 21505, loss_decode: 0.5338, decode_ce: 0.1127, decode_dice: 0.1762, decode_lovasz: 0.1966, decode_boundary: 0.3066, decode_scale_reg: 0.0005, decode_lambda_bound: 0.6050, decode_boundary_boost: 0.1050, aux.loss_ce: 0.0647, aux.acc_seg: 95.2425, loss: 0.5985
2026-05-11 13:50:28,971 - mmseg - INFO - Iter [24650/40000]	lr: 3.629e-05, eta: 4:04:21, time: 0.928, data_time: 0.008, memory: 21505, loss_decode: 0.5499, decode_ce: 0.1168, decode_dice: 0.1838, decode_lovasz: 0.2051, decode_boundary: 0.3099, decode_scale_reg: 0.0006, decode_lambda_bound: 0.6050, decode_boundary_boost: 0.1050, aux.loss_ce: 0.0664, aux.acc_seg: 95.2655, loss: 0.6163
2026-05-11 13:51:15,392 - mmseg - INFO - Iter [24700/40000]	lr: 3.618e-05, eta: 4:03:32, time: 0.928, data_time: 0.009, memory: 21505, loss_decode: 0.5381, decode_ce: 0.1090, decode_dice: 0.1844, decode_lovasz: 0.1931, decode_boundary: 0.3175, decode_scale_reg: 0.0008, decode_lambda_bound: 0.6050, decode_boundary_boost: 0.1050, aux.loss_ce: 0.0632, aux.acc_seg: 95.4101, loss: 0.6013
2026-05-11 13:52:01,817 - mmseg - INFO - Iter [24750/40000]	lr: 3.607e-05, eta: 4:02:44, time: 0.928, data_time: 0.009, memory: 21505, loss_decode: 0.5307, decode_ce: 0.1220, decode_dice: 0.1759, decode_lovasz: 0.1713, decode_boundary: 0.3177, decode_scale_reg: 0.0011, decode_lambda_bound: 0.6050, decode_boundary_boost: 0.1050, aux.loss_ce: 0.0705, aux.acc_seg: 94.7725, loss: 0.6012
2026-05-11 13:52:48,227 - mmseg - INFO - Iter [24800/40000]	lr: 3.596e-05, eta: 4:01:55, time: 0.928, data_time: 0.009, memory: 21505, loss_decode: 0.5622, decode_ce: 0.1269, decode_dice: 0.2011, decode_lovasz: 0.1932, decode_boundary: 0.3138, decode_scale_reg: 0.0011, decode_lambda_bound: 0.6050, decode_boundary_boost: 0.1050, aux.loss_ce: 0.0737, aux.acc_seg: 94.8642, loss: 0.6359
2026-05-11 13:53:34,654 - mmseg - INFO - Iter [24850/40000]	lr: 3.585e-05, eta: 4:01:07, time: 0.929, data_time: 0.009, memory: 21505, loss_decode: 0.5617, decode_ce: 0.1207, decode_dice: 0.2085, decode_lovasz: 0.1950, decode_boundary: 0.3098, decode_scale_reg: 0.0012, decode_lambda_bound: 0.6148, decode_boundary_boost: 0.1150, aux.loss_ce: 0.0695, aux.acc_seg: 94.9269, loss: 0.6312
2026-05-11 13:54:21,092 - mmseg - INFO - Iter [24900/40000]	lr: 3.573e-05, eta: 4:00:18, time: 0.929, data_time: 0.009, memory: 21505, loss_decode: 0.5683, decode_ce: 0.1316, decode_dice: 0.1851, decode_lovasz: 0.2016, decode_boundary: 0.3138, decode_scale_reg: 0.0009, decode_lambda_bound: 0.6150, decode_boundary_boost: 0.1150, aux.loss_ce: 0.0700, aux.acc_seg: 94.9129, loss: 0.6383
2026-05-11 13:55:07,521 - mmseg - INFO - Iter [24950/40000]	lr: 3.562e-05, eta: 3:59:30, time: 0.929, data_time: 0.009, memory: 21505, loss_decode: 0.5821, decode_ce: 0.1231, decode_dice: 0.2072, decode_lovasz: 0.2171, decode_boundary: 0.3131, decode_scale_reg: 0.0009, decode_lambda_bound: 0.6150, decode_boundary_boost: 0.1150, aux.loss_ce: 0.0735, aux.acc_seg: 94.6343, loss: 0.6556
2026-05-11 13:55:53,965 - mmseg - INFO - Exp name: uper_cosnet_zerowaste_40k.py
2026-05-11 13:55:53,965 - mmseg - INFO - Iter [25000/40000]	lr: 3.551e-05, eta: 3:58:41, time: 0.929, data_time: 0.009, memory: 21505, loss_decode: 0.5269, decode_ce: 0.1118, decode_dice: 0.1850, decode_lovasz: 0.1748, decode_boundary: 0.3114, decode_scale_reg: 0.0005, decode_lambda_bound: 0.6150, decode_boundary_boost: 0.1150, aux.loss_ce: 0.0672, aux.acc_seg: 95.1857, loss: 0.5941
2026-05-11 13:56:40,366 - mmseg - INFO - Iter [25050/40000]	lr: 3.540e-05, eta: 3:57:53, time: 0.928, data_time: 0.009, memory: 21505, loss_decode: 0.5377, decode_ce: 0.1209, decode_dice: 0.1855, decode_lovasz: 0.1772, decode_boundary: 0.3107, decode_scale_reg: 0.0005, decode_lambda_bound: 0.6150, decode_boundary_boost: 0.1150, aux.loss_ce: 0.0707, aux.acc_seg: 94.8616, loss: 0.6084
2026-05-11 13:57:26,843 - mmseg - INFO - Iter [25100/40000]	lr: 3.528e-05, eta: 3:57:04, time: 0.930, data_time: 0.009, memory: 21505, loss_decode: 0.5122, decode_ce: 0.1161, decode_dice: 0.1616, decode_lovasz: 0.1666, decode_boundary: 0.3094, decode_scale_reg: 0.0008, decode_lambda_bound: 0.6150, decode_boundary_boost: 0.1150, aux.loss_ce: 0.0674, aux.acc_seg: 95.2263, loss: 0.5796
2026-05-11 13:58:13,371 - mmseg - INFO - Iter [25150/40000]	lr: 3.517e-05, eta: 3:56:16, time: 0.931, data_time: 0.009, memory: 21505, loss_decode: 0.5425, decode_ce: 0.1168, decode_dice: 0.1928, decode_lovasz: 0.1809, decode_boundary: 0.3148, decode_scale_reg: 0.0008, decode_lambda_bound: 0.6150, decode_boundary_boost: 0.1150, aux.loss_ce: 0.0677, aux.acc_seg: 95.0370, loss: 0.6102
2026-05-11 13:58:59,834 - mmseg - INFO - Iter [25200/40000]	lr: 3.506e-05, eta: 3:55:27, time: 0.929, data_time: 0.009, memory: 21505, loss_decode: 0.5597, decode_ce: 0.1179, decode_dice: 0.2091, decode_lovasz: 0.1863, decode_boundary: 0.3211, decode_scale_reg: 0.0009, decode_lambda_bound: 0.6150, decode_boundary_boost: 0.1150, aux.loss_ce: 0.0660, aux.acc_seg: 95.2394, loss: 0.6257
2026-05-11 13:59:46,233 - mmseg - INFO - Iter [25250/40000]	lr: 3.495e-05, eta: 3:54:39, time: 0.928, data_time: 0.009, memory: 21505, loss_decode: 0.5216, decode_ce: 0.1064, decode_dice: 0.2026, decode_lovasz: 0.1665, decode_boundary: 0.3047, decode_scale_reg: 0.0007, decode_lambda_bound: 0.6199, decode_boundary_boost: 0.1200, aux.loss_ce: 0.0645, aux.acc_seg: 95.2887, loss: 0.5860
2026-05-11 14:00:32,693 - mmseg - INFO - Iter [25300/40000]	lr: 3.484e-05, eta: 3:53:50, time: 0.929, data_time: 0.009, memory: 21505, loss_decode: 0.5490, decode_ce: 0.1206, decode_dice: 0.1828, decode_lovasz: 0.1899, decode_boundary: 0.3139, decode_scale_reg: 0.0008, decode_lambda_bound: 0.6200, decode_boundary_boost: 0.1200, aux.loss_ce: 0.0678, aux.acc_seg: 94.9773, loss: 0.6168
2026-05-11 14:01:19,124 - mmseg - INFO - Iter [25350/40000]	lr: 3.472e-05, eta: 3:53:02, time: 0.929, data_time: 0.009, memory: 21505, loss_decode: 0.5728, decode_ce: 0.1210, decode_dice: 0.2084, decode_lovasz: 0.2106, decode_boundary: 0.3058, decode_scale_reg: 0.0006, decode_lambda_bound: 0.6200, decode_boundary_boost: 0.1200, aux.loss_ce: 0.0694, aux.acc_seg: 95.0309, loss: 0.6421
2026-05-11 14:02:05,576 - mmseg - INFO - Iter [25400/40000]	lr: 3.461e-05, eta: 3:52:13, time: 0.929, data_time: 0.009, memory: 21505, loss_decode: 0.5345, decode_ce: 0.1168, decode_dice: 0.1592, decode_lovasz: 0.1934, decode_boundary: 0.3113, decode_scale_reg: 0.0008, decode_lambda_bound: 0.6200, decode_boundary_boost: 0.1200, aux.loss_ce: 0.0669, aux.acc_seg: 95.2681, loss: 0.6014
2026-05-11 14:02:51,946 - mmseg - INFO - Iter [25450/40000]	lr: 3.450e-05, eta: 3:51:25, time: 0.927, data_time: 0.009, memory: 21505, loss_decode: 0.5125, decode_ce: 0.0956, decode_dice: 0.1798, decode_lovasz: 0.1827, decode_boundary: 0.3064, decode_scale_reg: 0.0005, decode_lambda_bound: 0.6200, decode_boundary_boost: 0.1200, aux.loss_ce: 0.0592, aux.acc_seg: 95.7530, loss: 0.5717
2026-05-11 14:03:38,363 - mmseg - INFO - Iter [25500/40000]	lr: 3.439e-05, eta: 3:50:36, time: 0.928, data_time: 0.009, memory: 21505, loss_decode: 0.5064, decode_ce: 0.1100, decode_dice: 0.1443, decode_lovasz: 0.1732, decode_boundary: 0.3135, decode_scale_reg: 0.0006, decode_lambda_bound: 0.6200, decode_boundary_boost: 0.1200, aux.loss_ce: 0.0666, aux.acc_seg: 95.1651, loss: 0.5730
2026-05-11 14:04:24,780 - mmseg - INFO - Iter [25550/40000]	lr: 3.427e-05, eta: 3:49:48, time: 0.928, data_time: 0.009, memory: 21505, loss_decode: 0.5522, decode_ce: 0.1250, decode_dice: 0.1765, decode_lovasz: 0.1886, decode_boundary: 0.3184, decode_scale_reg: 0.0008, decode_lambda_bound: 0.6200, decode_boundary_boost: 0.1200, aux.loss_ce: 0.0702, aux.acc_seg: 95.0733, loss: 0.6224
2026-05-11 14:05:11,138 - mmseg - INFO - Iter [25600/40000]	lr: 3.416e-05, eta: 3:48:59, time: 0.927, data_time: 0.009, memory: 21505, loss_decode: 0.5634, decode_ce: 0.1216, decode_dice: 0.2061, decode_lovasz: 0.1915, decode_boundary: 0.3147, decode_scale_reg: 0.0010, decode_lambda_bound: 0.6200, decode_boundary_boost: 0.1200, aux.loss_ce: 0.0729, aux.acc_seg: 94.7114, loss: 0.6363
2026-05-11 14:05:57,554 - mmseg - INFO - Iter [25650/40000]	lr: 3.405e-05, eta: 3:48:11, time: 0.928, data_time: 0.009, memory: 21505, loss_decode: 0.5331, decode_ce: 0.1068, decode_dice: 0.1950, decode_lovasz: 0.1776, decode_boundary: 0.3180, decode_scale_reg: 0.0007, decode_lambda_bound: 0.6151, decode_boundary_boost: 0.1150, aux.loss_ce: 0.0650, aux.acc_seg: 95.3253, loss: 0.5982
2026-05-11 14:06:43,991 - mmseg - INFO - Iter [25700/40000]	lr: 3.394e-05, eta: 3:47:23, time: 0.929, data_time: 0.009, memory: 21505, loss_decode: 0.5110, decode_ce: 0.1049, decode_dice: 0.1665, decode_lovasz: 0.1766, decode_boundary: 0.3096, decode_scale_reg: 0.0007, decode_lambda_bound: 0.6150, decode_boundary_boost: 0.1150, aux.loss_ce: 0.0648, aux.acc_seg: 95.3497, loss: 0.5758
2026-05-11 14:07:30,428 - mmseg - INFO - Iter [25750/40000]	lr: 3.383e-05, eta: 3:46:34, time: 0.929, data_time: 0.009, memory: 21505, loss_decode: 0.5524, decode_ce: 0.1264, decode_dice: 0.1923, decode_lovasz: 0.1796, decode_boundary: 0.3173, decode_scale_reg: 0.0010, decode_lambda_bound: 0.6150, decode_boundary_boost: 0.1150, aux.loss_ce: 0.0711, aux.acc_seg: 94.7782, loss: 0.6235
2026-05-11 14:08:16,828 - mmseg - INFO - Iter [25800/40000]	lr: 3.371e-05, eta: 3:45:46, time: 0.928, data_time: 0.009, memory: 21505, loss_decode: 0.5133, decode_ce: 0.1045, decode_dice: 0.1779, decode_lovasz: 0.1710, decode_boundary: 0.3115, decode_scale_reg: 0.0011, decode_lambda_bound: 0.6150, decode_boundary_boost: 0.1150, aux.loss_ce: 0.0621, aux.acc_seg: 95.4501, loss: 0.5755
2026-05-11 14:09:03,219 - mmseg - INFO - Iter [25850/40000]	lr: 3.360e-05, eta: 3:44:57, time: 0.928, data_time: 0.009, memory: 21505, loss_decode: 0.5491, decode_ce: 0.1190, decode_dice: 0.2019, decode_lovasz: 0.1878, decode_boundary: 0.3062, decode_scale_reg: 0.0016, decode_lambda_bound: 0.6150, decode_boundary_boost: 0.1150, aux.loss_ce: 0.0688, aux.acc_seg: 95.0194, loss: 0.6180
2026-05-11 14:09:49,584 - mmseg - INFO - Iter [25900/40000]	lr: 3.349e-05, eta: 3:44:09, time: 0.927, data_time: 0.009, memory: 21505, loss_decode: 0.5177, decode_ce: 0.1079, decode_dice: 0.1841, decode_lovasz: 0.1674, decode_boundary: 0.3124, decode_scale_reg: 0.0008, decode_lambda_bound: 0.6150, decode_boundary_boost: 0.1150, aux.loss_ce: 0.0652, aux.acc_seg: 95.3001, loss: 0.5829
2026-05-11 14:10:36,103 - mmseg - INFO - Iter [25950/40000]	lr: 3.338e-05, eta: 3:43:21, time: 0.930, data_time: 0.009, memory: 21505, loss_decode: 0.5392, decode_ce: 0.1098, decode_dice: 0.1908, decode_lovasz: 0.1901, decode_boundary: 0.3113, decode_scale_reg: 0.0007, decode_lambda_bound: 0.6150, decode_boundary_boost: 0.1150, aux.loss_ce: 0.0642, aux.acc_seg: 95.3742, loss: 0.6034
2026-05-11 14:11:22,503 - mmseg - INFO - Exp name: uper_cosnet_zerowaste_40k.py
2026-05-11 14:11:22,504 - mmseg - INFO - Iter [26000/40000]	lr: 3.326e-05, eta: 3:42:32, time: 0.928, data_time: 0.009, memory: 21505, loss_decode: 0.5252, decode_ce: 0.1109, decode_dice: 0.1869, decode_lovasz: 0.1758, decode_boundary: 0.3075, decode_scale_reg: 0.0006, decode_lambda_bound: 0.6150, decode_boundary_boost: 0.1150, aux.loss_ce: 0.0646, aux.acc_seg: 95.3941, loss: 0.5898
2026-05-11 14:12:08,894 - mmseg - INFO - Iter [26050/40000]	lr: 3.315e-05, eta: 3:41:44, time: 0.928, data_time: 0.009, memory: 21505, loss_decode: 0.4988, decode_ce: 0.1114, decode_dice: 0.1515, decode_lovasz: 0.1615, decode_boundary: 0.3122, decode_scale_reg: 0.0007, decode_lambda_bound: 0.6101, decode_boundary_boost: 0.1100, aux.loss_ce: 0.0655, aux.acc_seg: 95.2767, loss: 0.5643
2026-05-11 14:12:55,277 - mmseg - INFO - Iter [26100/40000]	lr: 3.304e-05, eta: 3:40:55, time: 0.928, data_time: 0.009, memory: 21505, loss_decode: 0.5434, decode_ce: 0.1130, decode_dice: 0.1860, decode_lovasz: 0.1997, decode_boundary: 0.3075, decode_scale_reg: 0.0007, decode_lambda_bound: 0.6100, decode_boundary_boost: 0.1100, aux.loss_ce: 0.0651, aux.acc_seg: 95.2260, loss: 0.6085
2026-05-11 14:13:41,658 - mmseg - INFO - Iter [26150/40000]	lr: 3.293e-05, eta: 3:40:07, time: 0.928, data_time: 0.009, memory: 21505, loss_decode: 0.5467, decode_ce: 0.1149, decode_dice: 0.1856, decode_lovasz: 0.2006, decode_boundary: 0.3090, decode_scale_reg: 0.0005, decode_lambda_bound: 0.6100, decode_boundary_boost: 0.1100, aux.loss_ce: 0.0652, aux.acc_seg: 95.2782, loss: 0.6119
2026-05-11 14:14:27,993 - mmseg - INFO - Iter [26200/40000]	lr: 3.281e-05, eta: 3:39:19, time: 0.927, data_time: 0.009, memory: 21505, loss_decode: 0.5658, decode_ce: 0.1224, decode_dice: 0.2108, decode_lovasz: 0.2009, decode_boundary: 0.3071, decode_scale_reg: 0.0005, decode_lambda_bound: 0.6100, decode_boundary_boost: 0.1100, aux.loss_ce: 0.0705, aux.acc_seg: 94.8862, loss: 0.6363
2026-05-11 14:15:14,431 - mmseg - INFO - Iter [26250/40000]	lr: 3.270e-05, eta: 3:38:30, time: 0.929, data_time: 0.009, memory: 21505, loss_decode: 0.5603, decode_ce: 0.1269, decode_dice: 0.1820, decode_lovasz: 0.1969, decode_boundary: 0.3193, decode_scale_reg: 0.0007, decode_lambda_bound: 0.6100, decode_boundary_boost: 0.1100, aux.loss_ce: 0.0701, aux.acc_seg: 94.8885, loss: 0.6305
2026-05-11 14:16:00,801 - mmseg - INFO - Iter [26300/40000]	lr: 3.259e-05, eta: 3:37:42, time: 0.927, data_time: 0.009, memory: 21505, loss_decode: 0.5239, decode_ce: 0.1111, decode_dice: 0.1652, decode_lovasz: 0.1859, decode_boundary: 0.3126, decode_scale_reg: 0.0007, decode_lambda_bound: 0.6100, decode_boundary_boost: 0.1100, aux.loss_ce: 0.0646, aux.acc_seg: 95.3453, loss: 0.5884
2026-05-11 14:16:47,190 - mmseg - INFO - Iter [26350/40000]	lr: 3.247e-05, eta: 3:36:54, time: 0.928, data_time: 0.009, memory: 21505, loss_decode: 0.5081, decode_ce: 0.1084, decode_dice: 0.1766, decode_lovasz: 0.1707, decode_boundary: 0.3007, decode_scale_reg: 0.0004, decode_lambda_bound: 0.6100, decode_boundary_boost: 0.1100, aux.loss_ce: 0.0619, aux.acc_seg: 95.4748, loss: 0.5700
2026-05-11 14:17:33,618 - mmseg - INFO - Iter [26400/40000]	lr: 3.236e-05, eta: 3:36:05, time: 0.929, data_time: 0.009, memory: 21505, loss_decode: 0.5061, decode_ce: 0.1060, decode_dice: 0.1577, decode_lovasz: 0.1861, decode_boundary: 0.2978, decode_scale_reg: 0.0006, decode_lambda_bound: 0.6100, decode_boundary_boost: 0.1100, aux.loss_ce: 0.0622, aux.acc_seg: 95.4687, loss: 0.5682
2026-05-11 14:18:20,013 - mmseg - INFO - Iter [26450/40000]	lr: 3.225e-05, eta: 3:35:17, time: 0.928, data_time: 0.009, memory: 21505, loss_decode: 0.5355, decode_ce: 0.1147, decode_dice: 0.1881, decode_lovasz: 0.1817, decode_boundary: 0.3073, decode_scale_reg: 0.0009, decode_lambda_bound: 0.6198, decode_boundary_boost: 0.1200, aux.loss_ce: 0.0684, aux.acc_seg: 95.1545, loss: 0.6039
2026-05-11 14:19:06,371 - mmseg - INFO - Iter [26500/40000]	lr: 3.214e-05, eta: 3:34:29, time: 0.927, data_time: 0.009, memory: 21505, loss_decode: 0.5345, decode_ce: 0.1136, decode_dice: 0.1833, decode_lovasz: 0.1933, decode_boundary: 0.2972, decode_scale_reg: 0.0004, decode_lambda_bound: 0.6200, decode_boundary_boost: 0.1200, aux.loss_ce: 0.0669, aux.acc_seg: 95.1945, loss: 0.6013
2026-05-11 14:19:52,750 - mmseg - INFO - Iter [26550/40000]	lr: 3.202e-05, eta: 3:33:40, time: 0.928, data_time: 0.009, memory: 21505, loss_decode: 0.5535, decode_ce: 0.1192, decode_dice: 0.2001, decode_lovasz: 0.1900, decode_boundary: 0.3094, decode_scale_reg: 0.0005, decode_lambda_bound: 0.6200, decode_boundary_boost: 0.1200, aux.loss_ce: 0.0687, aux.acc_seg: 94.9735, loss: 0.6222
2026-05-11 14:20:39,158 - mmseg - INFO - Iter [26600/40000]	lr: 3.191e-05, eta: 3:32:52, time: 0.928, data_time: 0.009, memory: 21505, loss_decode: 0.5250, decode_ce: 0.1079, decode_dice: 0.1787, decode_lovasz: 0.1878, decode_boundary: 0.3015, decode_scale_reg: 0.0007, decode_lambda_bound: 0.6200, decode_boundary_boost: 0.1200, aux.loss_ce: 0.0634, aux.acc_seg: 95.4169, loss: 0.5884
2026-05-11 14:21:25,550 - mmseg - INFO - Iter [26650/40000]	lr: 3.180e-05, eta: 3:32:04, time: 0.928, data_time: 0.009, memory: 21505, loss_decode: 0.5163, decode_ce: 0.1026, decode_dice: 0.1761, decode_lovasz: 0.1783, decode_boundary: 0.3096, decode_scale_reg: 0.0006, decode_lambda_bound: 0.6200, decode_boundary_boost: 0.1200, aux.loss_ce: 0.0607, aux.acc_seg: 95.6497, loss: 0.5770
2026-05-11 14:22:11,923 - mmseg - INFO - Iter [26700/40000]	lr: 3.169e-05, eta: 3:31:15, time: 0.927, data_time: 0.009, memory: 21505, loss_decode: 0.5023, decode_ce: 0.1050, decode_dice: 0.1584, decode_lovasz: 0.1707, decode_boundary: 0.3066, decode_scale_reg: 0.0006, decode_lambda_bound: 0.6200, decode_boundary_boost: 0.1200, aux.loss_ce: 0.0592, aux.acc_seg: 95.6962, loss: 0.5615
2026-05-11 14:22:58,430 - mmseg - INFO - Iter [26750/40000]	lr: 3.157e-05, eta: 3:30:27, time: 0.930, data_time: 0.009, memory: 21505, loss_decode: 0.5066, decode_ce: 0.1032, decode_dice: 0.1690, decode_lovasz: 0.1750, decode_boundary: 0.3025, decode_scale_reg: 0.0006, decode_lambda_bound: 0.6200, decode_boundary_boost: 0.1200, aux.loss_ce: 0.0617, aux.acc_seg: 95.5466, loss: 0.5682
2026-05-11 14:23:44,825 - mmseg - INFO - Iter [26800/40000]	lr: 3.146e-05, eta: 3:29:39, time: 0.928, data_time: 0.009, memory: 21505, loss_decode: 0.4941, decode_ce: 0.0989, decode_dice: 0.1518, decode_lovasz: 0.1696, decode_boundary: 0.3097, decode_scale_reg: 0.0006, decode_lambda_bound: 0.6200, decode_boundary_boost: 0.1200, aux.loss_ce: 0.0602, aux.acc_seg: 95.6841, loss: 0.5543
2026-05-11 14:24:31,255 - mmseg - INFO - Iter [26850/40000]	lr: 3.135e-05, eta: 3:28:51, time: 0.929, data_time: 0.009, memory: 21505, loss_decode: 0.5226, decode_ce: 0.1167, decode_dice: 0.1563, decode_lovasz: 0.1783, decode_boundary: 0.3154, decode_scale_reg: 0.0006, decode_lambda_bound: 0.6151, decode_boundary_boost: 0.1150, aux.loss_ce: 0.0666, aux.acc_seg: 95.2662, loss: 0.5892
2026-05-11 14:25:17,686 - mmseg - INFO - Iter [26900/40000]	lr: 3.123e-05, eta: 3:28:02, time: 0.929, data_time: 0.009, memory: 21505, loss_decode: 0.5070, decode_ce: 0.1038, decode_dice: 0.1705, decode_lovasz: 0.1755, decode_boundary: 0.3028, decode_scale_reg: 0.0006, decode_lambda_bound: 0.6150, decode_boundary_boost: 0.1150, aux.loss_ce: 0.0613, aux.acc_seg: 95.6750, loss: 0.5682
2026-05-11 14:26:04,103 - mmseg - INFO - Iter [26950/40000]	lr: 3.112e-05, eta: 3:27:14, time: 0.928, data_time: 0.009, memory: 21505, loss_decode: 0.4987, decode_ce: 0.1033, decode_dice: 0.1648, decode_lovasz: 0.1652, decode_boundary: 0.3074, decode_scale_reg: 0.0008, decode_lambda_bound: 0.6150, decode_boundary_boost: 0.1150, aux.loss_ce: 0.0615, aux.acc_seg: 95.5170, loss: 0.5602
2026-05-11 14:26:50,513 - mmseg - INFO - Exp name: uper_cosnet_zerowaste_40k.py
2026-05-11 14:26:50,513 - mmseg - INFO - Iter [27000/40000]	lr: 3.101e-05, eta: 3:26:26, time: 0.928, data_time: 0.009, memory: 21505, loss_decode: 0.5129, decode_ce: 0.1114, decode_dice: 0.1661, decode_lovasz: 0.1769, decode_boundary: 0.3022, decode_scale_reg: 0.0011, decode_lambda_bound: 0.6150, decode_boundary_boost: 0.1150, aux.loss_ce: 0.0660, aux.acc_seg: 95.1977, loss: 0.5790
2026-05-11 14:27:36,984 - mmseg - INFO - Iter [27050/40000]	lr: 3.090e-05, eta: 3:25:38, time: 0.929, data_time: 0.009, memory: 21505, loss_decode: 0.4920, decode_ce: 0.1047, decode_dice: 0.1502, decode_lovasz: 0.1642, decode_boundary: 0.3074, decode_scale_reg: 0.0007, decode_lambda_bound: 0.6150, decode_boundary_boost: 0.1150, aux.loss_ce: 0.0627, aux.acc_seg: 95.4522, loss: 0.5547
2026-05-11 14:28:23,391 - mmseg - INFO - Iter [27100/40000]	lr: 3.078e-05, eta: 3:24:50, time: 0.928, data_time: 0.009, memory: 21505, loss_decode: 0.4776, decode_ce: 0.1054, decode_dice: 0.1341, decode_lovasz: 0.1564, decode_boundary: 0.3054, decode_scale_reg: 0.0007, decode_lambda_bound: 0.6150, decode_boundary_boost: 0.1150, aux.loss_ce: 0.0638, aux.acc_seg: 95.3915, loss: 0.5414
2026-05-11 14:29:09,782 - mmseg - INFO - Iter [27150/40000]	lr: 3.067e-05, eta: 3:24:01, time: 0.928, data_time: 0.009, memory: 21505, loss_decode: 0.5592, decode_ce: 0.1219, decode_dice: 0.2065, decode_lovasz: 0.1900, decode_boundary: 0.3115, decode_scale_reg: 0.0009, decode_lambda_bound: 0.6150, decode_boundary_boost: 0.1150, aux.loss_ce: 0.0705, aux.acc_seg: 94.9211, loss: 0.6297
2026-05-11 14:29:56,188 - mmseg - INFO - Iter [27200/40000]	lr: 3.056e-05, eta: 3:23:13, time: 0.928, data_time: 0.009, memory: 21505, loss_decode: 0.5475, decode_ce: 0.1178, decode_dice: 0.1997, decode_lovasz: 0.1902, decode_boundary: 0.3043, decode_scale_reg: 0.0005, decode_lambda_bound: 0.6150, decode_boundary_boost: 0.1150, aux.loss_ce: 0.0661, aux.acc_seg: 95.2969, loss: 0.6136
2026-05-11 14:30:42,641 - mmseg - INFO - Iter [27250/40000]	lr: 3.044e-05, eta: 3:22:25, time: 0.929, data_time: 0.009, memory: 21505, loss_decode: 0.4951, decode_ce: 0.1030, decode_dice: 0.1624, decode_lovasz: 0.1616, decode_boundary: 0.3061, decode_scale_reg: 0.0006, decode_lambda_bound: 0.6199, decode_boundary_boost: 0.1200, aux.loss_ce: 0.0627, aux.acc_seg: 95.4448, loss: 0.5578
2026-05-11 14:31:29,056 - mmseg - INFO - Iter [27300/40000]	lr: 3.033e-05, eta: 3:21:37, time: 0.928, data_time: 0.009, memory: 21505, loss_decode: 0.4837, decode_ce: 0.0990, decode_dice: 0.1653, decode_lovasz: 0.1551, decode_boundary: 0.2996, decode_scale_reg: 0.0005, decode_lambda_bound: 0.6200, decode_boundary_boost: 0.1200, aux.loss_ce: 0.0592, aux.acc_seg: 95.7178, loss: 0.5429
2026-05-11 14:32:15,483 - mmseg - INFO - Iter [27350/40000]	lr: 3.022e-05, eta: 3:20:49, time: 0.929, data_time: 0.009, memory: 21505, loss_decode: 0.4977, decode_ce: 0.1045, decode_dice: 0.1567, decode_lovasz: 0.1672, decode_boundary: 0.3056, decode_scale_reg: 0.0003, decode_lambda_bound: 0.6200, decode_boundary_boost: 0.1200, aux.loss_ce: 0.0620, aux.acc_seg: 95.6069, loss: 0.5597
2026-05-11 14:33:01,948 - mmseg - INFO - Iter [27400/40000]	lr: 3.010e-05, eta: 3:20:00, time: 0.929, data_time: 0.009, memory: 21505, loss_decode: 0.5103, decode_ce: 0.1041, decode_dice: 0.1706, decode_lovasz: 0.1777, decode_boundary: 0.3026, decode_scale_reg: 0.0007, decode_lambda_bound: 0.6200, decode_boundary_boost: 0.1200, aux.loss_ce: 0.0643, aux.acc_seg: 95.3788, loss: 0.5745
2026-05-11 14:33:48,436 - mmseg - INFO - Iter [27450/40000]	lr: 2.999e-05, eta: 3:19:12, time: 0.930, data_time: 0.009, memory: 21505, loss_decode: 0.5242, decode_ce: 0.1157, decode_dice: 0.1663, decode_lovasz: 0.1798, decode_boundary: 0.3071, decode_scale_reg: 0.0012, decode_lambda_bound: 0.6200, decode_boundary_boost: 0.1200, aux.loss_ce: 0.0676, aux.acc_seg: 95.2383, loss: 0.5918
2026-05-11 14:34:34,931 - mmseg - INFO - Iter [27500/40000]	lr: 2.988e-05, eta: 3:18:24, time: 0.930, data_time: 0.009, memory: 21505, loss_decode: 0.5418, decode_ce: 0.1205, decode_dice: 0.1853, decode_lovasz: 0.1872, decode_boundary: 0.3037, decode_scale_reg: 0.0004, decode_lambda_bound: 0.6200, decode_boundary_boost: 0.1200, aux.loss_ce: 0.0701, aux.acc_seg: 95.0056, loss: 0.6119
2026-05-11 14:35:21,475 - mmseg - INFO - Iter [27550/40000]	lr: 2.977e-05, eta: 3:17:36, time: 0.931, data_time: 0.009, memory: 21505, loss_decode: 0.5135, decode_ce: 0.1085, decode_dice: 0.1756, decode_lovasz: 0.1746, decode_boundary: 0.3004, decode_scale_reg: 0.0006, decode_lambda_bound: 0.6200, decode_boundary_boost: 0.1200, aux.loss_ce: 0.0666, aux.acc_seg: 95.2286, loss: 0.5802
2026-05-11 14:36:07,920 - mmseg - INFO - Iter [27600/40000]	lr: 2.965e-05, eta: 3:16:48, time: 0.929, data_time: 0.009, memory: 21505, loss_decode: 0.5035, decode_ce: 0.1104, decode_dice: 0.1537, decode_lovasz: 0.1683, decode_boundary: 0.3065, decode_scale_reg: 0.0008, decode_lambda_bound: 0.6200, decode_boundary_boost: 0.1200, aux.loss_ce: 0.0633, aux.acc_seg: 95.3627, loss: 0.5668
2026-05-11 14:36:54,333 - mmseg - INFO - Iter [27650/40000]	lr: 2.954e-05, eta: 3:16:00, time: 0.928, data_time: 0.009, memory: 21505, loss_decode: 0.5433, decode_ce: 0.1166, decode_dice: 0.1771, decode_lovasz: 0.2009, decode_boundary: 0.3048, decode_scale_reg: 0.0005, decode_lambda_bound: 0.6151, decode_boundary_boost: 0.1150, aux.loss_ce: 0.0666, aux.acc_seg: 95.2343, loss: 0.6100
2026-05-11 14:37:40,796 - mmseg - INFO - Iter [27700/40000]	lr: 2.943e-05, eta: 3:15:12, time: 0.929, data_time: 0.009, memory: 21505, loss_decode: 0.5450, decode_ce: 0.1166, decode_dice: 0.1882, decode_lovasz: 0.1887, decode_boundary: 0.3133, decode_scale_reg: 0.0005, decode_lambda_bound: 0.6150, decode_boundary_boost: 0.1150, aux.loss_ce: 0.0682, aux.acc_seg: 94.9954, loss: 0.6131
2026-05-11 14:38:27,195 - mmseg - INFO - Iter [27750/40000]	lr: 2.931e-05, eta: 3:14:23, time: 0.928, data_time: 0.009, memory: 21505, loss_decode: 0.5196, decode_ce: 0.1106, decode_dice: 0.1859, decode_lovasz: 0.1684, decode_boundary: 0.3085, decode_scale_reg: 0.0006, decode_lambda_bound: 0.6150, decode_boundary_boost: 0.1150, aux.loss_ce: 0.0653, aux.acc_seg: 95.3093, loss: 0.5848
2026-05-11 14:39:13,625 - mmseg - INFO - Iter [27800/40000]	lr: 2.920e-05, eta: 3:13:35, time: 0.929, data_time: 0.009, memory: 21505, loss_decode: 0.5127, decode_ce: 0.1110, decode_dice: 0.1681, decode_lovasz: 0.1749, decode_boundary: 0.3033, decode_scale_reg: 0.0005, decode_lambda_bound: 0.6150, decode_boundary_boost: 0.1150, aux.loss_ce: 0.0644, aux.acc_seg: 95.3875, loss: 0.5771
2026-05-11 14:40:00,079 - mmseg - INFO - Iter [27850/40000]	lr: 2.909e-05, eta: 3:12:47, time: 0.929, data_time: 0.009, memory: 21505, loss_decode: 0.5184, decode_ce: 0.1134, decode_dice: 0.1762, decode_lovasz: 0.1701, decode_boundary: 0.3079, decode_scale_reg: 0.0007, decode_lambda_bound: 0.6150, decode_boundary_boost: 0.1150, aux.loss_ce: 0.0667, aux.acc_seg: 95.2389, loss: 0.5852
2026-05-11 14:40:46,466 - mmseg - INFO - Iter [27900/40000]	lr: 2.897e-05, eta: 3:11:59, time: 0.928, data_time: 0.009, memory: 21505, loss_decode: 0.5210, decode_ce: 0.1083, decode_dice: 0.1814, decode_lovasz: 0.1756, decode_boundary: 0.3095, decode_scale_reg: 0.0005, decode_lambda_bound: 0.6150, decode_boundary_boost: 0.1150, aux.loss_ce: 0.0633, aux.acc_seg: 95.4642, loss: 0.5844
2026-05-11 14:41:32,849 - mmseg - INFO - Iter [27950/40000]	lr: 2.886e-05, eta: 3:11:11, time: 0.928, data_time: 0.009, memory: 21505, loss_decode: 0.4894, decode_ce: 0.0973, decode_dice: 0.1730, decode_lovasz: 0.1561, decode_boundary: 0.3065, decode_scale_reg: 0.0007, decode_lambda_bound: 0.6150, decode_boundary_boost: 0.1150, aux.loss_ce: 0.0594, aux.acc_seg: 95.6839, loss: 0.5488
2026-05-11 14:42:19,237 - mmseg - INFO - Saving checkpoint at 28000 iterations
2026-05-11 14:42:19,962 - mmseg - INFO - Exp name: uper_cosnet_zerowaste_40k.py
2026-05-11 14:42:19,963 - mmseg - INFO - Iter [28000/40000]	lr: 2.875e-05, eta: 3:10:23, time: 0.942, data_time: 0.009, memory: 21505, loss_decode: 0.5051, decode_ce: 0.1072, decode_dice: 0.1758, decode_lovasz: 0.1609, decode_boundary: 0.3079, decode_scale_reg: 0.0010, decode_lambda_bound: 0.6150, decode_boundary_boost: 0.1150, aux.loss_ce: 0.0646, aux.acc_seg: 95.4020, loss: 0.5698
2026-05-11 14:43:12,747 - mmseg - INFO - per class results:
2026-05-11 14:43:12,748 - mmseg - INFO - 
+---------------+-------+-------+
|     Class     |  IoU  |  Acc  |
+---------------+-------+-------+
|   background  | 90.67 | 96.54 |
| rigid_plastic | 20.23 | 22.05 |
|   cardboard   | 55.96 | 66.62 |
|     metal     |  7.66 |  8.42 |
|  soft_plastic | 61.24 |  77.0 |
+---------------+-------+-------+
2026-05-11 14:43:12,748 - mmseg - INFO - Summary:
2026-05-11 14:43:12,748 - mmseg - INFO - 
+-------+-------+-------+
|  aAcc |  mIoU |  mAcc |
+-------+-------+-------+
| 90.93 | 47.15 | 54.13 |
+-------+-------+-------+
2026-05-11 14:43:12,748 - mmseg - INFO - Exp name: uper_cosnet_zerowaste_40k.py
2026-05-11 14:43:12,748 - mmseg - INFO - Iter(val) [572]	aAcc: 0.9093, mIoU: 0.4715, mAcc: 0.5413, IoU.background: 0.9067, IoU.rigid_plastic: 0.2023, IoU.cardboard: 0.5596, IoU.metal: 0.0766, IoU.soft_plastic: 0.6124, Acc.background: 0.9654, Acc.rigid_plastic: 0.2205, Acc.cardboard: 0.6662, Acc.metal: 0.0842, Acc.soft_plastic: 0.7700
2026-05-11 14:43:59,054 - mmseg - INFO - Iter [28050/40000]	lr: 2.863e-05, eta: 3:09:58, time: 1.982, data_time: 1.065, memory: 21505, loss_decode: 0.5094, decode_ce: 0.1017, decode_dice: 0.1912, decode_lovasz: 0.1669, decode_boundary: 0.3015, decode_scale_reg: 0.0007, decode_lambda_bound: 0.6199, decode_boundary_boost: 0.1200, aux.loss_ce: 0.0615, aux.acc_seg: 95.5334, loss: 0.5709
2026-05-11 14:44:46,867 - mmseg - INFO - Iter [28100/40000]	lr: 2.852e-05, eta: 3:09:10, time: 0.956, data_time: 0.009, memory: 21505, loss_decode: 0.4896, decode_ce: 0.1084, decode_dice: 0.1502, decode_lovasz: 0.1506, decode_boundary: 0.3115, decode_scale_reg: 0.0007, decode_lambda_bound: 0.6200, decode_boundary_boost: 0.1200, aux.loss_ce: 0.0631, aux.acc_seg: 95.4895, loss: 0.5526
2026-05-11 14:45:34,092 - mmseg - INFO - Iter [28150/40000]	lr: 2.841e-05, eta: 3:08:22, time: 0.945, data_time: 0.009, memory: 21505, loss_decode: 0.4951, decode_ce: 0.0999, decode_dice: 0.1772, decode_lovasz: 0.1553, decode_boundary: 0.3068, decode_scale_reg: 0.0013, decode_lambda_bound: 0.6200, decode_boundary_boost: 0.1200, aux.loss_ce: 0.0615, aux.acc_seg: 95.5684, loss: 0.5567
2026-05-11 14:46:20,833 - mmseg - INFO - Iter [28200/40000]	lr: 2.829e-05, eta: 3:07:34, time: 0.935, data_time: 0.009, memory: 21505, loss_decode: 0.5541, decode_ce: 0.1224, decode_dice: 0.1842, decode_lovasz: 0.1934, decode_boundary: 0.3137, decode_scale_reg: 0.0016, decode_lambda_bound: 0.6200, decode_boundary_boost: 0.1200, aux.loss_ce: 0.0710, aux.acc_seg: 94.9294, loss: 0.6251
2026-05-11 14:47:07,437 - mmseg - INFO - Iter [28250/40000]	lr: 2.818e-05, eta: 3:06:46, time: 0.932, data_time: 0.009, memory: 21505, loss_decode: 0.5188, decode_ce: 0.1074, decode_dice: 0.1745, decode_lovasz: 0.1729, decode_boundary: 0.3136, decode_scale_reg: 0.0011, decode_lambda_bound: 0.6200, decode_boundary_boost: 0.1200, aux.loss_ce: 0.0633, aux.acc_seg: 95.4707, loss: 0.5821
2026-05-11 14:47:54,294 - mmseg - INFO - Iter [28300/40000]	lr: 2.806e-05, eta: 3:05:58, time: 0.937, data_time: 0.010, memory: 21505, loss_decode: 0.5289, decode_ce: 0.1064, decode_dice: 0.1824, decode_lovasz: 0.1852, decode_boundary: 0.3103, decode_scale_reg: 0.0007, decode_lambda_bound: 0.6200, decode_boundary_boost: 0.1200, aux.loss_ce: 0.0633, aux.acc_seg: 95.4753, loss: 0.5922
2026-05-11 14:48:40,836 - mmseg - INFO - Iter [28350/40000]	lr: 2.795e-05, eta: 3:05:10, time: 0.931, data_time: 0.009, memory: 21505, loss_decode: 0.5284, decode_ce: 0.1085, decode_dice: 0.1835, decode_lovasz: 0.1826, decode_boundary: 0.3083, decode_scale_reg: 0.0012, decode_lambda_bound: 0.6200, decode_boundary_boost: 0.1200, aux.loss_ce: 0.0642, aux.acc_seg: 95.5071, loss: 0.5925
2026-05-11 14:49:27,347 - mmseg - INFO - Iter [28400/40000]	lr: 2.784e-05, eta: 3:04:21, time: 0.930, data_time: 0.009, memory: 21505, loss_decode: 0.4902, decode_ce: 0.1051, decode_dice: 0.1605, decode_lovasz: 0.1575, decode_boundary: 0.3010, decode_scale_reg: 0.0011, decode_lambda_bound: 0.6200, decode_boundary_boost: 0.1200, aux.loss_ce: 0.0613, aux.acc_seg: 95.6047, loss: 0.5515
2026-05-11 14:50:13,832 - mmseg - INFO - Iter [28450/40000]	lr: 2.772e-05, eta: 3:03:33, time: 0.930, data_time: 0.009, memory: 21505, loss_decode: 0.4750, decode_ce: 0.0982, decode_dice: 0.1554, decode_lovasz: 0.1542, decode_boundary: 0.2981, decode_scale_reg: 0.0011, decode_lambda_bound: 0.6151, decode_boundary_boost: 0.1150, aux.loss_ce: 0.0589, aux.acc_seg: 95.7265, loss: 0.5338
2026-05-11 14:51:00,241 - mmseg - INFO - Iter [28500/40000]	lr: 2.761e-05, eta: 3:02:45, time: 0.928, data_time: 0.009, memory: 21505, loss_decode: 0.5030, decode_ce: 0.1078, decode_dice: 0.1621, decode_lovasz: 0.1657, decode_boundary: 0.3088, decode_scale_reg: 0.0011, decode_lambda_bound: 0.6150, decode_boundary_boost: 0.1150, aux.loss_ce: 0.0626, aux.acc_seg: 95.3861, loss: 0.5656
2026-05-11 14:51:46,680 - mmseg - INFO - Iter [28550/40000]	lr: 2.750e-05, eta: 3:01:57, time: 0.929, data_time: 0.009, memory: 21505, loss_decode: 0.5516, decode_ce: 0.1083, decode_dice: 0.2060, decode_lovasz: 0.2031, decode_boundary: 0.3056, decode_scale_reg: 0.0010, decode_lambda_bound: 0.6150, decode_boundary_boost: 0.1150, aux.loss_ce: 0.0643, aux.acc_seg: 95.2458, loss: 0.6159
2026-05-11 14:52:33,178 - mmseg - INFO - Iter [28600/40000]	lr: 2.738e-05, eta: 3:01:09, time: 0.930, data_time: 0.009, memory: 21505, loss_decode: 0.5236, decode_ce: 0.1089, decode_dice: 0.1851, decode_lovasz: 0.1817, decode_boundary: 0.3023, decode_scale_reg: 0.0010, decode_lambda_bound: 0.6150, decode_boundary_boost: 0.1150, aux.loss_ce: 0.0621, aux.acc_seg: 95.5792, loss: 0.5857
2026-05-11 14:53:19,625 - mmseg - INFO - Iter [28650/40000]	lr: 2.727e-05, eta: 3:00:21, time: 0.929, data_time: 0.009, memory: 21505, loss_decode: 0.4963, decode_ce: 0.0999, decode_dice: 0.1765, decode_lovasz: 0.1616, decode_boundary: 0.3040, decode_scale_reg: 0.0011, decode_lambda_bound: 0.6150, decode_boundary_boost: 0.1150, aux.loss_ce: 0.0616, aux.acc_seg: 95.5335, loss: 0.5579
2026-05-11 14:54:06,037 - mmseg - INFO - Iter [28700/40000]	lr: 2.716e-05, eta: 2:59:32, time: 0.928, data_time: 0.009, memory: 21505, loss_decode: 0.5193, decode_ce: 0.1106, decode_dice: 0.1959, decode_lovasz: 0.1642, decode_boundary: 0.3050, decode_scale_reg: 0.0011, decode_lambda_bound: 0.6150, decode_boundary_boost: 0.1150, aux.loss_ce: 0.0680, aux.acc_seg: 94.9877, loss: 0.5872
2026-05-11 14:54:52,437 - mmseg - INFO - Iter [28750/40000]	lr: 2.704e-05, eta: 2:58:44, time: 0.928, data_time: 0.009, memory: 21505, loss_decode: 0.5294, decode_ce: 0.1124, decode_dice: 0.1679, decode_lovasz: 0.1915, decode_boundary: 0.3080, decode_scale_reg: 0.0012, decode_lambda_bound: 0.6150, decode_boundary_boost: 0.1150, aux.loss_ce: 0.0645, aux.acc_seg: 95.3929, loss: 0.5939
2026-05-11 14:55:38,812 - mmseg - INFO - Iter [28800/40000]	lr: 2.693e-05, eta: 2:57:56, time: 0.927, data_time: 0.009, memory: 21505, loss_decode: 0.5103, decode_ce: 0.1071, decode_dice: 0.1738, decode_lovasz: 0.1737, decode_boundary: 0.3024, decode_scale_reg: 0.0011, decode_lambda_bound: 0.6150, decode_boundary_boost: 0.1150, aux.loss_ce: 0.0629, aux.acc_seg: 95.5145, loss: 0.5731
2026-05-11 14:56:25,269 - mmseg - INFO - Iter [28850/40000]	lr: 2.681e-05, eta: 2:57:08, time: 0.929, data_time: 0.009, memory: 21505, loss_decode: 0.5114, decode_ce: 0.1108, decode_dice: 0.1588, decode_lovasz: 0.1717, decode_boundary: 0.3104, decode_scale_reg: 0.0009, decode_lambda_bound: 0.6199, decode_boundary_boost: 0.1200, aux.loss_ce: 0.0625, aux.acc_seg: 95.4842, loss: 0.5738
2026-05-11 14:57:11,703 - mmseg - INFO - Iter [28900/40000]	lr: 2.670e-05, eta: 2:56:20, time: 0.929, data_time: 0.009, memory: 21505, loss_decode: 0.4730, decode_ce: 0.1002, decode_dice: 0.1499, decode_lovasz: 0.1573, decode_boundary: 0.2900, decode_scale_reg: 0.0008, decode_lambda_bound: 0.6200, decode_boundary_boost: 0.1200, aux.loss_ce: 0.0602, aux.acc_seg: 95.6357, loss: 0.5332
2026-05-11 14:57:58,156 - mmseg - INFO - Iter [28950/40000]	lr: 2.659e-05, eta: 2:55:32, time: 0.929, data_time: 0.009, memory: 21505, loss_decode: 0.5254, decode_ce: 0.1085, decode_dice: 0.1821, decode_lovasz: 0.1793, decode_boundary: 0.3085, decode_scale_reg: 0.0007, decode_lambda_bound: 0.6200, decode_boundary_boost: 0.1200, aux.loss_ce: 0.0652, aux.acc_seg: 95.3294, loss: 0.5906
2026-05-11 14:58:44,609 - mmseg - INFO - Exp name: uper_cosnet_zerowaste_40k.py
2026-05-11 14:58:44,609 - mmseg - INFO - Iter [29000/40000]	lr: 2.647e-05, eta: 2:54:44, time: 0.929, data_time: 0.009, memory: 21505, loss_decode: 0.5302, decode_ce: 0.1021, decode_dice: 0.1960, decode_lovasz: 0.1851, decode_boundary: 0.3085, decode_scale_reg: 0.0007, decode_lambda_bound: 0.6200, decode_boundary_boost: 0.1200, aux.loss_ce: 0.0593, aux.acc_seg: 95.7342, loss: 0.5896
2026-05-11 14:59:31,135 - mmseg - INFO - Iter [29050/40000]	lr: 2.636e-05, eta: 2:53:56, time: 0.931, data_time: 0.009, memory: 21505, loss_decode: 0.5373, decode_ce: 0.1130, decode_dice: 0.2065, decode_lovasz: 0.1790, decode_boundary: 0.3012, decode_scale_reg: 0.0006, decode_lambda_bound: 0.6200, decode_boundary_boost: 0.1200, aux.loss_ce: 0.0623, aux.acc_seg: 95.5815, loss: 0.5996
2026-05-11 15:00:17,624 - mmseg - INFO - Iter [29100/40000]	lr: 2.625e-05, eta: 2:53:07, time: 0.930, data_time: 0.009, memory: 21505, loss_decode: 0.5197, decode_ce: 0.1093, decode_dice: 0.1684, decode_lovasz: 0.1816, decode_boundary: 0.3064, decode_scale_reg: 0.0004, decode_lambda_bound: 0.6200, decode_boundary_boost: 0.1200, aux.loss_ce: 0.0641, aux.acc_seg: 95.3337, loss: 0.5838
2026-05-11 15:01:04,013 - mmseg - INFO - Iter [29150/40000]	lr: 2.613e-05, eta: 2:52:19, time: 0.928, data_time: 0.009, memory: 21505, loss_decode: 0.4833, decode_ce: 0.0968, decode_dice: 0.1439, decode_lovasz: 0.1636, decode_boundary: 0.3095, decode_scale_reg: 0.0005, decode_lambda_bound: 0.6200, decode_boundary_boost: 0.1200, aux.loss_ce: 0.0579, aux.acc_seg: 95.7297, loss: 0.5412
2026-05-11 15:01:50,434 - mmseg - INFO - Iter [29200/40000]	lr: 2.602e-05, eta: 2:51:31, time: 0.928, data_time: 0.009, memory: 21505, loss_decode: 0.4930, decode_ce: 0.0977, decode_dice: 0.1725, decode_lovasz: 0.1650, decode_boundary: 0.2988, decode_scale_reg: 0.0005, decode_lambda_bound: 0.6200, decode_boundary_boost: 0.1200, aux.loss_ce: 0.0576, aux.acc_seg: 95.7853, loss: 0.5506
2026-05-11 15:02:36,851 - mmseg - INFO - Iter [29250/40000]	lr: 2.590e-05, eta: 2:50:43, time: 0.928, data_time: 0.009, memory: 21505, loss_decode: 0.4818, decode_ce: 0.0997, decode_dice: 0.1417, decode_lovasz: 0.1640, decode_boundary: 0.3061, decode_scale_reg: 0.0004, decode_lambda_bound: 0.6151, decode_boundary_boost: 0.1150, aux.loss_ce: 0.0589, aux.acc_seg: 95.7644, loss: 0.5408
2026-05-11 15:03:23,292 - mmseg - INFO - Iter [29300/40000]	lr: 2.579e-05, eta: 2:49:55, time: 0.929, data_time: 0.009, memory: 21505, loss_decode: 0.4917, decode_ce: 0.0998, decode_dice: 0.1674, decode_lovasz: 0.1572, decode_boundary: 0.3095, decode_scale_reg: 0.0009, decode_lambda_bound: 0.6150, decode_boundary_boost: 0.1150, aux.loss_ce: 0.0616, aux.acc_seg: 95.4558, loss: 0.5533
2026-05-11 15:04:09,747 - mmseg - INFO - Iter [29350/40000]	lr: 2.568e-05, eta: 2:49:07, time: 0.929, data_time: 0.009, memory: 21505, loss_decode: 0.4731, decode_ce: 0.0984, decode_dice: 0.1485, decode_lovasz: 0.1548, decode_boundary: 0.2996, decode_scale_reg: 0.0007, decode_lambda_bound: 0.6150, decode_boundary_boost: 0.1150, aux.loss_ce: 0.0586, aux.acc_seg: 95.7370, loss: 0.5317
2026-05-11 15:04:56,135 - mmseg - INFO - Iter [29400/40000]	lr: 2.556e-05, eta: 2:48:19, time: 0.928, data_time: 0.009, memory: 21505, loss_decode: 0.4934, decode_ce: 0.1100, decode_dice: 0.1539, decode_lovasz: 0.1571, decode_boundary: 0.3066, decode_scale_reg: 0.0008, decode_lambda_bound: 0.6150, decode_boundary_boost: 0.1150, aux.loss_ce: 0.0641, aux.acc_seg: 95.4409, loss: 0.5575
2026-05-11 15:05:42,592 - mmseg - INFO - Iter [29450/40000]	lr: 2.545e-05, eta: 2:47:31, time: 0.929, data_time: 0.009, memory: 21505, loss_decode: 0.5060, decode_ce: 0.1056, decode_dice: 0.1709, decode_lovasz: 0.1690, decode_boundary: 0.3060, decode_scale_reg: 0.0009, decode_lambda_bound: 0.6150, decode_boundary_boost: 0.1150, aux.loss_ce: 0.0614, aux.acc_seg: 95.5873, loss: 0.5674
2026-05-11 15:06:28,995 - mmseg - INFO - Iter [29500/40000]	lr: 2.533e-05, eta: 2:46:43, time: 0.928, data_time: 0.009, memory: 21505, loss_decode: 0.5224, decode_ce: 0.1105, decode_dice: 0.1700, decode_lovasz: 0.1820, decode_boundary: 0.3095, decode_scale_reg: 0.0008, decode_lambda_bound: 0.6150, decode_boundary_boost: 0.1150, aux.loss_ce: 0.0650, aux.acc_seg: 95.3065, loss: 0.5874
2026-05-11 15:07:15,413 - mmseg - INFO - Iter [29550/40000]	lr: 2.522e-05, eta: 2:45:55, time: 0.928, data_time: 0.009, memory: 21505, loss_decode: 0.5084, decode_ce: 0.1077, decode_dice: 0.1726, decode_lovasz: 0.1656, decode_boundary: 0.3090, decode_scale_reg: 0.0010, decode_lambda_bound: 0.6150, decode_boundary_boost: 0.1150, aux.loss_ce: 0.0623, aux.acc_seg: 95.3809, loss: 0.5707
2026-05-11 15:08:01,808 - mmseg - INFO - Iter [29600/40000]	lr: 2.510e-05, eta: 2:45:07, time: 0.928, data_time: 0.009, memory: 21505, loss_decode: 0.5106, decode_ce: 0.1085, decode_dice: 0.1921, decode_lovasz: 0.1640, decode_boundary: 0.2976, decode_scale_reg: 0.0005, decode_lambda_bound: 0.6150, decode_boundary_boost: 0.1150, aux.loss_ce: 0.0613, aux.acc_seg: 95.5291, loss: 0.5719
2026-05-11 15:08:48,241 - mmseg - INFO - Iter [29650/40000]	lr: 2.499e-05, eta: 2:44:19, time: 0.929, data_time: 0.009, memory: 21505, loss_decode: 0.4781, decode_ce: 0.0974, decode_dice: 0.1564, decode_lovasz: 0.1676, decode_boundary: 0.2852, decode_scale_reg: 0.0006, decode_lambda_bound: 0.6199, decode_boundary_boost: 0.1200, aux.loss_ce: 0.0582, aux.acc_seg: 95.8775, loss: 0.5364
2026-05-11 15:09:34,626 - mmseg - INFO - Iter [29700/40000]	lr: 2.488e-05, eta: 2:43:30, time: 0.928, data_time: 0.009, memory: 21505, loss_decode: 0.4955, decode_ce: 0.1103, decode_dice: 0.1469, decode_lovasz: 0.1621, decode_boundary: 0.3069, decode_scale_reg: 0.0006, decode_lambda_bound: 0.6200, decode_boundary_boost: 0.1200, aux.loss_ce: 0.0642, aux.acc_seg: 95.2917, loss: 0.5597
2026-05-11 15:10:21,049 - mmseg - INFO - Iter [29750/40000]	lr: 2.476e-05, eta: 2:42:42, time: 0.928, data_time: 0.009, memory: 21505, loss_decode: 0.5224, decode_ce: 0.1075, decode_dice: 0.1779, decode_lovasz: 0.1801, decode_boundary: 0.3079, decode_scale_reg: 0.0007, decode_lambda_bound: 0.6200, decode_boundary_boost: 0.1200, aux.loss_ce: 0.0630, aux.acc_seg: 95.3741, loss: 0.5854
2026-05-11 15:11:07,427 - mmseg - INFO - Iter [29800/40000]	lr: 2.465e-05, eta: 2:41:54, time: 0.928, data_time: 0.009, memory: 21505, loss_decode: 0.5158, decode_ce: 0.1095, decode_dice: 0.1579, decode_lovasz: 0.1779, decode_boundary: 0.3126, decode_scale_reg: 0.0007, decode_lambda_bound: 0.6200, decode_boundary_boost: 0.1200, aux.loss_ce: 0.0646, aux.acc_seg: 95.2740, loss: 0.5804
2026-05-11 15:11:53,898 - mmseg - INFO - Iter [29850/40000]	lr: 2.453e-05, eta: 2:41:06, time: 0.929, data_time: 0.009, memory: 21505, loss_decode: 0.4997, decode_ce: 0.1066, decode_dice: 0.1503, decode_lovasz: 0.1716, decode_boundary: 0.3052, decode_scale_reg: 0.0007, decode_lambda_bound: 0.6200, decode_boundary_boost: 0.1200, aux.loss_ce: 0.0613, aux.acc_seg: 95.5952, loss: 0.5610
2026-05-11 15:12:40,297 - mmseg - INFO - Iter [29900/40000]	lr: 2.442e-05, eta: 2:40:18, time: 0.928, data_time: 0.009, memory: 21505, loss_decode: 0.5366, decode_ce: 0.1097, decode_dice: 0.2007, decode_lovasz: 0.1795, decode_boundary: 0.3096, decode_scale_reg: 0.0006, decode_lambda_bound: 0.6200, decode_boundary_boost: 0.1200, aux.loss_ce: 0.0663, aux.acc_seg: 95.2695, loss: 0.6030
2026-05-11 15:13:26,646 - mmseg - INFO - Iter [29950/40000]	lr: 2.430e-05, eta: 2:39:30, time: 0.927, data_time: 0.009, memory: 21505, loss_decode: 0.4695, decode_ce: 0.1018, decode_dice: 0.1260, decode_lovasz: 0.1517, decode_boundary: 0.3080, decode_scale_reg: 0.0005, decode_lambda_bound: 0.6200, decode_boundary_boost: 0.1200, aux.loss_ce: 0.0599, aux.acc_seg: 95.6961, loss: 0.5294
2026-05-11 15:14:13,050 - mmseg - INFO - Exp name: uper_cosnet_zerowaste_40k.py
2026-05-11 15:14:13,050 - mmseg - INFO - Iter [30000/40000]	lr: 2.419e-05, eta: 2:38:42, time: 0.928, data_time: 0.009, memory: 21505, loss_decode: 0.5497, decode_ce: 0.1131, decode_dice: 0.2021, decode_lovasz: 0.1874, decode_boundary: 0.3147, decode_scale_reg: 0.0008, decode_lambda_bound: 0.6200, decode_boundary_boost: 0.1200, aux.loss_ce: 0.0653, aux.acc_seg: 95.2979, loss: 0.6150
2026-05-11 15:14:59,508 - mmseg - INFO - Iter [30050/40000]	lr: 2.408e-05, eta: 2:37:54, time: 0.929, data_time: 0.009, memory: 21505, loss_decode: 0.5039, decode_ce: 0.1124, decode_dice: 0.1367, decode_lovasz: 0.1744, decode_boundary: 0.3103, decode_scale_reg: 0.0006, decode_lambda_bound: 0.6200, decode_boundary_boost: 0.1200, aux.loss_ce: 0.0649, aux.acc_seg: 95.3661, loss: 0.5687
2026-05-11 15:15:45,947 - mmseg - INFO - Iter [30100/40000]	lr: 2.396e-05, eta: 2:37:06, time: 0.929, data_time: 0.009, memory: 21505, loss_decode: 0.5223, decode_ce: 0.1041, decode_dice: 0.1894, decode_lovasz: 0.1744, decode_boundary: 0.3108, decode_scale_reg: 0.0009, decode_lambda_bound: 0.6200, decode_boundary_boost: 0.1200, aux.loss_ce: 0.0624, aux.acc_seg: 95.4621, loss: 0.5846
2026-05-11 15:16:32,357 - mmseg - INFO - Iter [30150/40000]	lr: 2.385e-05, eta: 2:36:18, time: 0.928, data_time: 0.009, memory: 21505, loss_decode: 0.5068, decode_ce: 0.0981, decode_dice: 0.1903, decode_lovasz: 0.1722, decode_boundary: 0.2973, decode_scale_reg: 0.0007, decode_lambda_bound: 0.6200, decode_boundary_boost: 0.1200, aux.loss_ce: 0.0591, aux.acc_seg: 95.6769, loss: 0.5659
2026-05-11 15:17:18,795 - mmseg - INFO - Iter [30200/40000]	lr: 2.373e-05, eta: 2:35:30, time: 0.929, data_time: 0.009, memory: 21505, loss_decode: 0.5138, decode_ce: 0.1121, decode_dice: 0.1576, decode_lovasz: 0.1718, decode_boundary: 0.3129, decode_scale_reg: 0.0008, decode_lambda_bound: 0.6200, decode_boundary_boost: 0.1200, aux.loss_ce: 0.0624, aux.acc_seg: 95.5697, loss: 0.5762
2026-05-11 15:18:05,223 - mmseg - INFO - Iter [30250/40000]	lr: 2.362e-05, eta: 2:34:42, time: 0.929, data_time: 0.009, memory: 21505, loss_decode: 0.5113, decode_ce: 0.1031, decode_dice: 0.1809, decode_lovasz: 0.1732, decode_boundary: 0.3030, decode_scale_reg: 0.0006, decode_lambda_bound: 0.6200, decode_boundary_boost: 0.1200, aux.loss_ce: 0.0603, aux.acc_seg: 95.6678, loss: 0.5717
2026-05-11 15:18:51,664 - mmseg - INFO - Iter [30300/40000]	lr: 2.350e-05, eta: 2:33:54, time: 0.929, data_time: 0.009, memory: 21505, loss_decode: 0.5378, decode_ce: 0.1091, decode_dice: 0.2087, decode_lovasz: 0.1866, decode_boundary: 0.2974, decode_scale_reg: 0.0010, decode_lambda_bound: 0.6200, decode_boundary_boost: 0.1200, aux.loss_ce: 0.0651, aux.acc_seg: 95.2039, loss: 0.6029
2026-05-11 15:19:38,025 - mmseg - INFO - Iter [30350/40000]	lr: 2.339e-05, eta: 2:33:06, time: 0.927, data_time: 0.009, memory: 21505, loss_decode: 0.5048, decode_ce: 0.1057, decode_dice: 0.1539, decode_lovasz: 0.1668, decode_boundary: 0.3179, decode_scale_reg: 0.0008, decode_lambda_bound: 0.6200, decode_boundary_boost: 0.1200, aux.loss_ce: 0.0644, aux.acc_seg: 95.2119, loss: 0.5693
2026-05-11 15:20:24,437 - mmseg - INFO - Iter [30400/40000]	lr: 2.327e-05, eta: 2:32:18, time: 0.928, data_time: 0.009, memory: 21505, loss_decode: 0.4974, decode_ce: 0.1052, decode_dice: 0.1554, decode_lovasz: 0.1705, decode_boundary: 0.3010, decode_scale_reg: 0.0007, decode_lambda_bound: 0.6200, decode_boundary_boost: 0.1200, aux.loss_ce: 0.0618, aux.acc_seg: 95.6068, loss: 0.5592
2026-05-11 15:21:10,967 - mmseg - INFO - Iter [30450/40000]	lr: 2.316e-05, eta: 2:31:30, time: 0.931, data_time: 0.009, memory: 21505, loss_decode: 0.5063, decode_ce: 0.0941, decode_dice: 0.1811, decode_lovasz: 0.1805, decode_boundary: 0.3028, decode_scale_reg: 0.0005, decode_lambda_bound: 0.6151, decode_boundary_boost: 0.1150, aux.loss_ce: 0.0575, aux.acc_seg: 95.8126, loss: 0.5637
2026-05-11 15:21:57,400 - mmseg - INFO - Iter [30500/40000]	lr: 2.304e-05, eta: 2:30:42, time: 0.929, data_time: 0.009, memory: 21505, loss_decode: 0.5062, decode_ce: 0.0987, decode_dice: 0.1665, decode_lovasz: 0.1810, decode_boundary: 0.3064, decode_scale_reg: 0.0007, decode_lambda_bound: 0.6150, decode_boundary_boost: 0.1150, aux.loss_ce: 0.0610, aux.acc_seg: 95.6054, loss: 0.5672
2026-05-11 15:22:43,802 - mmseg - INFO - Iter [30550/40000]	lr: 2.293e-05, eta: 2:29:55, time: 0.928, data_time: 0.009, memory: 21505, loss_decode: 0.5135, decode_ce: 0.1082, decode_dice: 0.1671, decode_lovasz: 0.1834, decode_boundary: 0.2996, decode_scale_reg: 0.0006, decode_lambda_bound: 0.6150, decode_boundary_boost: 0.1150, aux.loss_ce: 0.0610, aux.acc_seg: 95.6156, loss: 0.5745
2026-05-11 15:23:30,194 - mmseg - INFO - Iter [30600/40000]	lr: 2.282e-05, eta: 2:29:07, time: 0.928, data_time: 0.009, memory: 21505, loss_decode: 0.5121, decode_ce: 0.1069, decode_dice: 0.1636, decode_lovasz: 0.1837, decode_boundary: 0.3018, decode_scale_reg: 0.0007, decode_lambda_bound: 0.6150, decode_boundary_boost: 0.1150, aux.loss_ce: 0.0629, aux.acc_seg: 95.3534, loss: 0.5751
2026-05-11 15:24:16,684 - mmseg - INFO - Iter [30650/40000]	lr: 2.270e-05, eta: 2:28:19, time: 0.930, data_time: 0.009, memory: 21505, loss_decode: 0.4907, decode_ce: 0.0999, decode_dice: 0.1673, decode_lovasz: 0.1677, decode_boundary: 0.2949, decode_scale_reg: 0.0008, decode_lambda_bound: 0.6150, decode_boundary_boost: 0.1150, aux.loss_ce: 0.0573, aux.acc_seg: 95.8618, loss: 0.5479
2026-05-11 15:25:03,087 - mmseg - INFO - Iter [30700/40000]	lr: 2.259e-05, eta: 2:27:31, time: 0.928, data_time: 0.009, memory: 21505, loss_decode: 0.4705, decode_ce: 0.0974, decode_dice: 0.1387, decode_lovasz: 0.1572, decode_boundary: 0.3021, decode_scale_reg: 0.0006, decode_lambda_bound: 0.6150, decode_boundary_boost: 0.1150, aux.loss_ce: 0.0574, aux.acc_seg: 95.9345, loss: 0.5279
2026-05-11 15:25:49,514 - mmseg - INFO - Iter [30750/40000]	lr: 2.247e-05, eta: 2:26:43, time: 0.929, data_time: 0.009, memory: 21505, loss_decode: 0.5195, decode_ce: 0.1087, decode_dice: 0.1709, decode_lovasz: 0.1751, decode_boundary: 0.3153, decode_scale_reg: 0.0005, decode_lambda_bound: 0.6150, decode_boundary_boost: 0.1150, aux.loss_ce: 0.0610, aux.acc_seg: 95.6001, loss: 0.5804
2026-05-11 15:26:35,932 - mmseg - INFO - Iter [30800/40000]	lr: 2.236e-05, eta: 2:25:55, time: 0.928, data_time: 0.009, memory: 21505, loss_decode: 0.5039, decode_ce: 0.1108, decode_dice: 0.1647, decode_lovasz: 0.1672, decode_boundary: 0.3013, decode_scale_reg: 0.0004, decode_lambda_bound: 0.6150, decode_boundary_boost: 0.1150, aux.loss_ce: 0.0646, aux.acc_seg: 95.4195, loss: 0.5685
2026-05-11 15:27:22,380 - mmseg - INFO - Iter [30850/40000]	lr: 2.224e-05, eta: 2:25:07, time: 0.929, data_time: 0.009, memory: 21505, loss_decode: 0.5058, decode_ce: 0.1022, decode_dice: 0.1751, decode_lovasz: 0.1741, decode_boundary: 0.3041, decode_scale_reg: 0.0007, decode_lambda_bound: 0.6101, decode_boundary_boost: 0.1100, aux.loss_ce: 0.0624, aux.acc_seg: 95.3780, loss: 0.5682
2026-05-11 15:28:08,795 - mmseg - INFO - Iter [30900/40000]	lr: 2.213e-05, eta: 2:24:19, time: 0.928, data_time: 0.009, memory: 21505, loss_decode: 0.4705, decode_ce: 0.0954, decode_dice: 0.1611, decode_lovasz: 0.1505, decode_boundary: 0.2977, decode_scale_reg: 0.0008, decode_lambda_bound: 0.6100, decode_boundary_boost: 0.1100, aux.loss_ce: 0.0590, aux.acc_seg: 95.8033, loss: 0.5294
2026-05-11 15:28:55,282 - mmseg - INFO - Iter [30950/40000]	lr: 2.201e-05, eta: 2:23:31, time: 0.930, data_time: 0.009, memory: 21505, loss_decode: 0.5329, decode_ce: 0.1076, decode_dice: 0.1953, decode_lovasz: 0.1912, decode_boundary: 0.3021, decode_scale_reg: 0.0006, decode_lambda_bound: 0.6100, decode_boundary_boost: 0.1100, aux.loss_ce: 0.0620, aux.acc_seg: 95.4693, loss: 0.5950
2026-05-11 15:29:41,756 - mmseg - INFO - Exp name: uper_cosnet_zerowaste_40k.py
2026-05-11 15:29:41,756 - mmseg - INFO - Iter [31000/40000]	lr: 2.190e-05, eta: 2:22:43, time: 0.929, data_time: 0.009, memory: 21505, loss_decode: 0.4859, decode_ce: 0.1016, decode_dice: 0.1426, decode_lovasz: 0.1676, decode_boundary: 0.3070, decode_scale_reg: 0.0007, decode_lambda_bound: 0.6100, decode_boundary_boost: 0.1100, aux.loss_ce: 0.0611, aux.acc_seg: 95.6079, loss: 0.5471
2026-05-11 15:30:28,240 - mmseg - INFO - Iter [31050/40000]	lr: 2.178e-05, eta: 2:21:55, time: 0.930, data_time: 0.009, memory: 21505, loss_decode: 0.5241, decode_ce: 0.1130, decode_dice: 0.1532, decode_lovasz: 0.1929, decode_boundary: 0.3111, decode_scale_reg: 0.0008, decode_lambda_bound: 0.6100, decode_boundary_boost: 0.1100, aux.loss_ce: 0.0644, aux.acc_seg: 95.4681, loss: 0.5884
2026-05-11 15:31:14,652 - mmseg - INFO - Iter [31100/40000]	lr: 2.167e-05, eta: 2:21:07, time: 0.928, data_time: 0.009, memory: 21505, loss_decode: 0.4894, decode_ce: 0.1035, decode_dice: 0.1634, decode_lovasz: 0.1587, decode_boundary: 0.3036, decode_scale_reg: 0.0009, decode_lambda_bound: 0.6100, decode_boundary_boost: 0.1100, aux.loss_ce: 0.0610, aux.acc_seg: 95.7081, loss: 0.5504
2026-05-11 15:32:01,100 - mmseg - INFO - Iter [31150/40000]	lr: 2.155e-05, eta: 2:20:19, time: 0.929, data_time: 0.009, memory: 21505, loss_decode: 0.4812, decode_ce: 0.0966, decode_dice: 0.1673, decode_lovasz: 0.1595, decode_boundary: 0.2972, decode_scale_reg: 0.0009, decode_lambda_bound: 0.6100, decode_boundary_boost: 0.1100, aux.loss_ce: 0.0566, aux.acc_seg: 95.8026, loss: 0.5378
2026-05-11 15:32:47,575 - mmseg - INFO - Iter [31200/40000]	lr: 2.144e-05, eta: 2:19:32, time: 0.929, data_time: 0.009, memory: 21505, loss_decode: 0.4752, decode_ce: 0.0954, decode_dice: 0.1461, decode_lovasz: 0.1650, decode_boundary: 0.3000, decode_scale_reg: 0.0007, decode_lambda_bound: 0.6100, decode_boundary_boost: 0.1100, aux.loss_ce: 0.0577, aux.acc_seg: 95.8264, loss: 0.5329
2026-05-11 15:33:33,982 - mmseg - INFO - Iter [31250/40000]	lr: 2.132e-05, eta: 2:18:44, time: 0.928, data_time: 0.009, memory: 21505, loss_decode: 0.4809, decode_ce: 0.0994, decode_dice: 0.1485, decode_lovasz: 0.1662, decode_boundary: 0.3017, decode_scale_reg: 0.0005, decode_lambda_bound: 0.6051, decode_boundary_boost: 0.1050, aux.loss_ce: 0.0593, aux.acc_seg: 95.6843, loss: 0.5402
2026-05-11 15:34:20,430 - mmseg - INFO - Iter [31300/40000]	lr: 2.121e-05, eta: 2:17:56, time: 0.929, data_time: 0.009, memory: 21505, loss_decode: 0.4824, decode_ce: 0.1049, decode_dice: 0.1556, decode_lovasz: 0.1542, decode_boundary: 0.3041, decode_scale_reg: 0.0005, decode_lambda_bound: 0.6050, decode_boundary_boost: 0.1050, aux.loss_ce: 0.0609, aux.acc_seg: 95.6141, loss: 0.5433
2026-05-11 15:35:06,937 - mmseg - INFO - Iter [31350/40000]	lr: 2.109e-05, eta: 2:17:08, time: 0.930, data_time: 0.009, memory: 21505, loss_decode: 0.4532, decode_ce: 0.0877, decode_dice: 0.1546, decode_lovasz: 0.1462, decode_boundary: 0.2952, decode_scale_reg: 0.0007, decode_lambda_bound: 0.6050, decode_boundary_boost: 0.1050, aux.loss_ce: 0.0552, aux.acc_seg: 96.0056, loss: 0.5084
2026-05-11 15:35:53,395 - mmseg - INFO - Iter [31400/40000]	lr: 2.097e-05, eta: 2:16:20, time: 0.929, data_time: 0.009, memory: 21505, loss_decode: 0.5188, decode_ce: 0.1032, decode_dice: 0.2033, decode_lovasz: 0.1766, decode_boundary: 0.3000, decode_scale_reg: 0.0007, decode_lambda_bound: 0.6050, decode_boundary_boost: 0.1050, aux.loss_ce: 0.0591, aux.acc_seg: 95.7161, loss: 0.5779
2026-05-11 15:36:39,913 - mmseg - INFO - Iter [31450/40000]	lr: 2.086e-05, eta: 2:15:32, time: 0.930, data_time: 0.009, memory: 21505, loss_decode: 0.4933, decode_ce: 0.1062, decode_dice: 0.1538, decode_lovasz: 0.1606, decode_boundary: 0.3137, decode_scale_reg: 0.0008, decode_lambda_bound: 0.6050, decode_boundary_boost: 0.1050, aux.loss_ce: 0.0616, aux.acc_seg: 95.5060, loss: 0.5550
2026-05-11 15:37:26,383 - mmseg - INFO - Iter [31500/40000]	lr: 2.074e-05, eta: 2:14:44, time: 0.929, data_time: 0.009, memory: 21505, loss_decode: 0.4769, decode_ce: 0.0897, decode_dice: 0.1600, decode_lovasz: 0.1673, decode_boundary: 0.3002, decode_scale_reg: 0.0007, decode_lambda_bound: 0.6050, decode_boundary_boost: 0.1050, aux.loss_ce: 0.0554, aux.acc_seg: 95.9619, loss: 0.5323
2026-05-11 15:38:12,792 - mmseg - INFO - Iter [31550/40000]	lr: 2.063e-05, eta: 2:13:57, time: 0.928, data_time: 0.009, memory: 21505, loss_decode: 0.4879, decode_ce: 0.0940, decode_dice: 0.1776, decode_lovasz: 0.1674, decode_boundary: 0.2970, decode_scale_reg: 0.0005, decode_lambda_bound: 0.6050, decode_boundary_boost: 0.1050, aux.loss_ce: 0.0557, aux.acc_seg: 96.0849, loss: 0.5436
2026-05-11 15:38:59,185 - mmseg - INFO - Iter [31600/40000]	lr: 2.051e-05, eta: 2:13:09, time: 0.928, data_time: 0.009, memory: 21505, loss_decode: 0.4855, decode_ce: 0.1065, decode_dice: 0.1577, decode_lovasz: 0.1589, decode_boundary: 0.2990, decode_scale_reg: 0.0007, decode_lambda_bound: 0.6050, decode_boundary_boost: 0.1050, aux.loss_ce: 0.0606, aux.acc_seg: 95.5947, loss: 0.5461
2026-05-11 15:39:45,654 - mmseg - INFO - Iter [31650/40000]	lr: 2.040e-05, eta: 2:12:21, time: 0.929, data_time: 0.009, memory: 21505, loss_decode: 0.4832, decode_ce: 0.0892, decode_dice: 0.1792, decode_lovasz: 0.1687, decode_boundary: 0.2963, decode_scale_reg: 0.0009, decode_lambda_bound: 0.6001, decode_boundary_boost: 0.1000, aux.loss_ce: 0.0560, aux.acc_seg: 95.9475, loss: 0.5392
2026-05-11 15:40:32,070 - mmseg - INFO - Iter [31700/40000]	lr: 2.028e-05, eta: 2:11:33, time: 0.928, data_time: 0.009, memory: 21505, loss_decode: 0.4955, decode_ce: 0.0964, decode_dice: 0.1671, decode_lovasz: 0.1804, decode_boundary: 0.3005, decode_scale_reg: 0.0008, decode_lambda_bound: 0.6000, decode_boundary_boost: 0.1000, aux.loss_ce: 0.0579, aux.acc_seg: 95.8573, loss: 0.5534
2026-05-11 15:41:18,498 - mmseg - INFO - Iter [31750/40000]	lr: 2.017e-05, eta: 2:10:45, time: 0.929, data_time: 0.009, memory: 21505, loss_decode: 0.4781, decode_ce: 0.0970, decode_dice: 0.1542, decode_lovasz: 0.1622, decode_boundary: 0.3039, decode_scale_reg: 0.0006, decode_lambda_bound: 0.6000, decode_boundary_boost: 0.1000, aux.loss_ce: 0.0573, aux.acc_seg: 95.9461, loss: 0.5354
2026-05-11 15:42:04,889 - mmseg - INFO - Iter [31800/40000]	lr: 2.005e-05, eta: 2:09:57, time: 0.928, data_time: 0.009, memory: 21505, loss_decode: 0.5060, decode_ce: 0.1057, decode_dice: 0.1830, decode_lovasz: 0.1696, decode_boundary: 0.3026, decode_scale_reg: 0.0011, decode_lambda_bound: 0.6000, decode_boundary_boost: 0.1000, aux.loss_ce: 0.0622, aux.acc_seg: 95.5302, loss: 0.5683
2026-05-11 15:42:51,392 - mmseg - INFO - Iter [31850/40000]	lr: 1.994e-05, eta: 2:09:09, time: 0.930, data_time: 0.009, memory: 21505, loss_decode: 0.4521, decode_ce: 0.0890, decode_dice: 0.1414, decode_lovasz: 0.1483, decode_boundary: 0.3018, decode_scale_reg: 0.0008, decode_lambda_bound: 0.6000, decode_boundary_boost: 0.1000, aux.loss_ce: 0.0558, aux.acc_seg: 95.9960, loss: 0.5078
2026-05-11 15:43:37,828 - mmseg - INFO - Iter [31900/40000]	lr: 1.982e-05, eta: 2:08:22, time: 0.929, data_time: 0.009, memory: 21505, loss_decode: 0.4726, decode_ce: 0.0994, decode_dice: 0.1534, decode_lovasz: 0.1517, decode_boundary: 0.3045, decode_scale_reg: 0.0008, decode_lambda_bound: 0.6000, decode_boundary_boost: 0.1000, aux.loss_ce: 0.0606, aux.acc_seg: 95.5552, loss: 0.5332
2026-05-11 15:44:24,244 - mmseg - INFO - Iter [31950/40000]	lr: 1.970e-05, eta: 2:07:34, time: 0.928, data_time: 0.009, memory: 21505, loss_decode: 0.5081, decode_ce: 0.0997, decode_dice: 0.1860, decode_lovasz: 0.1747, decode_boundary: 0.3073, decode_scale_reg: 0.0010, decode_lambda_bound: 0.6000, decode_boundary_boost: 0.1000, aux.loss_ce: 0.0569, aux.acc_seg: 95.8769, loss: 0.5651
2026-05-11 15:45:10,663 - mmseg - INFO - Saving checkpoint at 32000 iterations
2026-05-11 15:45:11,256 - mmseg - INFO - Exp name: uper_cosnet_zerowaste_40k.py
2026-05-11 15:45:11,256 - mmseg - INFO - Iter [32000/40000]	lr: 1.959e-05, eta: 2:06:46, time: 0.940, data_time: 0.009, memory: 21505, loss_decode: 0.5158, decode_ce: 0.1090, decode_dice: 0.1706, decode_lovasz: 0.1830, decode_boundary: 0.3070, decode_scale_reg: 0.0010, decode_lambda_bound: 0.6000, decode_boundary_boost: 0.1000, aux.loss_ce: 0.0628, aux.acc_seg: 95.4951, loss: 0.5786
2026-05-11 15:46:04,183 - mmseg - INFO - per class results:
2026-05-11 15:46:04,184 - mmseg - INFO - 
+---------------+-------+-------+
|     Class     |  IoU  |  Acc  |
+---------------+-------+-------+
|   background  | 90.62 | 96.49 |
| rigid_plastic | 19.08 | 20.42 |
|   cardboard   | 55.91 | 66.01 |
|     metal     | 13.68 | 15.25 |
|  soft_plastic | 60.52 |  78.1 |
+---------------+-------+-------+
2026-05-11 15:46:04,184 - mmseg - INFO - Summary:
2026-05-11 15:46:04,184 - mmseg - INFO - 
+-------+-------+-------+
|  aAcc |  mIoU |  mAcc |
+-------+-------+-------+
| 90.87 | 47.96 | 55.25 |
+-------+-------+-------+
2026-05-11 15:46:04,184 - mmseg - INFO - Exp name: uper_cosnet_zerowaste_40k.py
2026-05-11 15:46:04,184 - mmseg - INFO - Iter(val) [572]	aAcc: 0.9087, mIoU: 0.4796, mAcc: 0.5525, IoU.background: 0.9062, IoU.rigid_plastic: 0.1908, IoU.cardboard: 0.5591, IoU.metal: 0.1368, IoU.soft_plastic: 0.6052, Acc.background: 0.9649, Acc.rigid_plastic: 0.2042, Acc.cardboard: 0.6601, Acc.metal: 0.1525, Acc.soft_plastic: 0.7810
2026-05-11 15:46:50,434 - mmseg - INFO - Iter [32050/40000]	lr: 1.947e-05, eta: 2:06:11, time: 1.984, data_time: 1.067, memory: 21505, loss_decode: 0.4975, decode_ce: 0.1045, decode_dice: 0.1708, decode_lovasz: 0.1654, decode_boundary: 0.3083, decode_scale_reg: 0.0011, decode_lambda_bound: 0.5951, decode_boundary_boost: 0.0950, aux.loss_ce: 0.0635, aux.acc_seg: 95.3988, loss: 0.5610
2026-05-11 15:47:38,623 - mmseg - INFO - Iter [32100/40000]	lr: 1.936e-05, eta: 2:05:24, time: 0.964, data_time: 0.010, memory: 21505, loss_decode: 0.4577, decode_ce: 0.0994, decode_dice: 0.1336, decode_lovasz: 0.1485, decode_boundary: 0.3027, decode_scale_reg: 0.0007, decode_lambda_bound: 0.5950, decode_boundary_boost: 0.0950, aux.loss_ce: 0.0589, aux.acc_seg: 95.7170, loss: 0.5166
2026-05-11 15:48:26,011 - mmseg - INFO - Iter [32150/40000]	lr: 1.924e-05, eta: 2:04:36, time: 0.948, data_time: 0.009, memory: 21505, loss_decode: 0.4605, decode_ce: 0.0939, decode_dice: 0.1519, decode_lovasz: 0.1465, decode_boundary: 0.3039, decode_scale_reg: 0.0007, decode_lambda_bound: 0.5950, decode_boundary_boost: 0.0950, aux.loss_ce: 0.0575, aux.acc_seg: 95.8307, loss: 0.5180
2026-05-11 15:49:12,929 - mmseg - INFO - Iter [32200/40000]	lr: 1.913e-05, eta: 2:03:48, time: 0.938, data_time: 0.009, memory: 21505, loss_decode: 0.4679, decode_ce: 0.1005, decode_dice: 0.1391, decode_lovasz: 0.1584, decode_boundary: 0.3009, decode_scale_reg: 0.0006, decode_lambda_bound: 0.5950, decode_boundary_boost: 0.0950, aux.loss_ce: 0.0595, aux.acc_seg: 95.6947, loss: 0.5274
2026-05-11 15:49:59,533 - mmseg - INFO - Iter [32250/40000]	lr: 1.901e-05, eta: 2:03:01, time: 0.932, data_time: 0.009, memory: 21505, loss_decode: 0.4771, decode_ce: 0.0986, decode_dice: 0.1547, decode_lovasz: 0.1601, decode_boundary: 0.3044, decode_scale_reg: 0.0007, decode_lambda_bound: 0.5950, decode_boundary_boost: 0.0950, aux.loss_ce: 0.0597, aux.acc_seg: 95.7325, loss: 0.5368
2026-05-11 15:50:46,072 - mmseg - INFO - Iter [32300/40000]	lr: 1.889e-05, eta: 2:02:13, time: 0.931, data_time: 0.009, memory: 21505, loss_decode: 0.4566, decode_ce: 0.0908, decode_dice: 0.1680, decode_lovasz: 0.1453, decode_boundary: 0.2905, decode_scale_reg: 0.0007, decode_lambda_bound: 0.5950, decode_boundary_boost: 0.0950, aux.loss_ce: 0.0577, aux.acc_seg: 95.8028, loss: 0.5143
2026-05-11 15:51:32,522 - mmseg - INFO - Iter [32350/40000]	lr: 1.878e-05, eta: 2:01:25, time: 0.929, data_time: 0.009, memory: 21505, loss_decode: 0.4288, decode_ce: 0.0838, decode_dice: 0.1324, decode_lovasz: 0.1399, decode_boundary: 0.2921, decode_scale_reg: 0.0008, decode_lambda_bound: 0.5950, decode_boundary_boost: 0.0950, aux.loss_ce: 0.0535, aux.acc_seg: 96.1191, loss: 0.4822
2026-05-11 15:52:18,925 - mmseg - INFO - Iter [32400/40000]	lr: 1.866e-05, eta: 2:00:37, time: 0.928, data_time: 0.009, memory: 21505, loss_decode: 0.4877, decode_ce: 0.1059, decode_dice: 0.1635, decode_lovasz: 0.1545, decode_boundary: 0.3095, decode_scale_reg: 0.0010, decode_lambda_bound: 0.5950, decode_boundary_boost: 0.0950, aux.loss_ce: 0.0629, aux.acc_seg: 95.4945, loss: 0.5506
2026-05-11 15:53:05,336 - mmseg - INFO - Iter [32450/40000]	lr: 1.855e-05, eta: 1:59:49, time: 0.928, data_time: 0.009, memory: 21505, loss_decode: 0.4437, decode_ce: 0.0893, decode_dice: 0.1439, decode_lovasz: 0.1422, decode_boundary: 0.2979, decode_scale_reg: 0.0005, decode_lambda_bound: 0.5901, decode_boundary_boost: 0.0900, aux.loss_ce: 0.0535, aux.acc_seg: 96.1699, loss: 0.4973
2026-05-11 15:53:51,775 - mmseg - INFO - Iter [32500/40000]	lr: 1.843e-05, eta: 1:59:01, time: 0.929, data_time: 0.009, memory: 21505, loss_decode: 0.4526, decode_ce: 0.0898, decode_dice: 0.1473, decode_lovasz: 0.1470, decode_boundary: 0.3032, decode_scale_reg: 0.0007, decode_lambda_bound: 0.5900, decode_boundary_boost: 0.0900, aux.loss_ce: 0.0554, aux.acc_seg: 96.0367, loss: 0.5080
2026-05-11 15:54:38,291 - mmseg - INFO - Iter [32550/40000]	lr: 1.831e-05, eta: 1:58:13, time: 0.930, data_time: 0.009, memory: 21505, loss_decode: 0.4802, decode_ce: 0.0992, decode_dice: 0.1563, decode_lovasz: 0.1739, decode_boundary: 0.2923, decode_scale_reg: 0.0006, decode_lambda_bound: 0.5900, decode_boundary_boost: 0.0900, aux.loss_ce: 0.0580, aux.acc_seg: 95.7707, loss: 0.5383
2026-05-11 15:55:24,743 - mmseg - INFO - Iter [32600/40000]	lr: 1.820e-05, eta: 1:57:25, time: 0.929, data_time: 0.009, memory: 21505, loss_decode: 0.4621, decode_ce: 0.0936, decode_dice: 0.1559, decode_lovasz: 0.1528, decode_boundary: 0.2982, decode_scale_reg: 0.0007, decode_lambda_bound: 0.5900, decode_boundary_boost: 0.0900, aux.loss_ce: 0.0542, aux.acc_seg: 96.0725, loss: 0.5163
2026-05-11 15:56:11,167 - mmseg - INFO - Iter [32650/40000]	lr: 1.808e-05, eta: 1:56:38, time: 0.928, data_time: 0.009, memory: 21505, loss_decode: 0.4819, decode_ce: 0.0982, decode_dice: 0.1664, decode_lovasz: 0.1658, decode_boundary: 0.2986, decode_scale_reg: 0.0008, decode_lambda_bound: 0.5900, decode_boundary_boost: 0.0900, aux.loss_ce: 0.0567, aux.acc_seg: 96.0114, loss: 0.5386
2026-05-11 15:56:57,580 - mmseg - INFO - Iter [32700/40000]	lr: 1.797e-05, eta: 1:55:50, time: 0.928, data_time: 0.009, memory: 21505, loss_decode: 0.4904, decode_ce: 0.1007, decode_dice: 0.1828, decode_lovasz: 0.1591, decode_boundary: 0.3034, decode_scale_reg: 0.0007, decode_lambda_bound: 0.5900, decode_boundary_boost: 0.0900, aux.loss_ce: 0.0582, aux.acc_seg: 95.7316, loss: 0.5487
2026-05-11 15:57:43,994 - mmseg - INFO - Iter [32750/40000]	lr: 1.785e-05, eta: 1:55:02, time: 0.928, data_time: 0.009, memory: 21505, loss_decode: 0.4683, decode_ce: 0.0945, decode_dice: 0.1641, decode_lovasz: 0.1526, decode_boundary: 0.3005, decode_scale_reg: 0.0007, decode_lambda_bound: 0.5900, decode_boundary_boost: 0.0900, aux.loss_ce: 0.0557, aux.acc_seg: 95.9581, loss: 0.5240
2026-05-11 15:58:30,362 - mmseg - INFO - Iter [32800/40000]	lr: 1.773e-05, eta: 1:54:14, time: 0.927, data_time: 0.009, memory: 21505, loss_decode: 0.5075, decode_ce: 0.1088, decode_dice: 0.1849, decode_lovasz: 0.1746, decode_boundary: 0.2971, decode_scale_reg: 0.0007, decode_lambda_bound: 0.5900, decode_boundary_boost: 0.0900, aux.loss_ce: 0.0637, aux.acc_seg: 95.4248, loss: 0.5712
2026-05-11 15:59:16,788 - mmseg - INFO - Iter [32850/40000]	lr: 1.762e-05, eta: 1:53:26, time: 0.929, data_time: 0.009, memory: 21505, loss_decode: 0.4592, decode_ce: 0.0936, decode_dice: 0.1473, decode_lovasz: 0.1499, decode_boundary: 0.2993, decode_scale_reg: 0.0008, decode_lambda_bound: 0.5998, decode_boundary_boost: 0.1000, aux.loss_ce: 0.0559, aux.acc_seg: 96.0615, loss: 0.5151
2026-05-11 16:00:03,283 - mmseg - INFO - Iter [32900/40000]	lr: 1.750e-05, eta: 1:52:38, time: 0.930, data_time: 0.009, memory: 21505, loss_decode: 0.5106, decode_ce: 0.1049, decode_dice: 0.1952, decode_lovasz: 0.1680, decode_boundary: 0.3034, decode_scale_reg: 0.0009, decode_lambda_bound: 0.6000, decode_boundary_boost: 0.1000, aux.loss_ce: 0.0611, aux.acc_seg: 95.6178, loss: 0.5717
2026-05-11 16:00:49,723 - mmseg - INFO - Iter [32950/40000]	lr: 1.738e-05, eta: 1:51:50, time: 0.929, data_time: 0.009, memory: 21505, loss_decode: 0.4873, decode_ce: 0.0941, decode_dice: 0.1723, decode_lovasz: 0.1684, decode_boundary: 0.3011, decode_scale_reg: 0.0012, decode_lambda_bound: 0.6000, decode_boundary_boost: 0.1000, aux.loss_ce: 0.0574, aux.acc_seg: 95.7870, loss: 0.5447
2026-05-11 16:01:36,168 - mmseg - INFO - Exp name: uper_cosnet_zerowaste_40k.py
2026-05-11 16:01:36,168 - mmseg - INFO - Iter [33000/40000]	lr: 1.727e-05, eta: 1:51:03, time: 0.929, data_time: 0.009, memory: 21505, loss_decode: 0.4720, decode_ce: 0.0967, decode_dice: 0.1579, decode_lovasz: 0.1536, decode_boundary: 0.3020, decode_scale_reg: 0.0013, decode_lambda_bound: 0.6000, decode_boundary_boost: 0.1000, aux.loss_ce: 0.0576, aux.acc_seg: 95.7725, loss: 0.5296
2026-05-11 16:02:22,596 - mmseg - INFO - Iter [33050/40000]	lr: 1.715e-05, eta: 1:50:15, time: 0.929, data_time: 0.009, memory: 21505, loss_decode: 0.4746, decode_ce: 0.0936, decode_dice: 0.1604, decode_lovasz: 0.1637, decode_boundary: 0.2966, decode_scale_reg: 0.0009, decode_lambda_bound: 0.6000, decode_boundary_boost: 0.1000, aux.loss_ce: 0.0536, aux.acc_seg: 96.0329, loss: 0.5282
2026-05-11 16:03:09,077 - mmseg - INFO - Iter [33100/40000]	lr: 1.703e-05, eta: 1:49:27, time: 0.930, data_time: 0.009, memory: 21505, loss_decode: 0.4676, decode_ce: 0.1046, decode_dice: 0.1308, decode_lovasz: 0.1538, decode_boundary: 0.3037, decode_scale_reg: 0.0012, decode_lambda_bound: 0.6000, decode_boundary_boost: 0.1000, aux.loss_ce: 0.0625, aux.acc_seg: 95.4232, loss: 0.5301
2026-05-11 16:03:55,480 - mmseg - INFO - Iter [33150/40000]	lr: 1.692e-05, eta: 1:48:39, time: 0.928, data_time: 0.009, memory: 21505, loss_decode: 0.4927, decode_ce: 0.1020, decode_dice: 0.1637, decode_lovasz: 0.1716, decode_boundary: 0.3001, decode_scale_reg: 0.0010, decode_lambda_bound: 0.6000, decode_boundary_boost: 0.1000, aux.loss_ce: 0.0593, aux.acc_seg: 95.6464, loss: 0.5520
2026-05-11 16:04:41,955 - mmseg - INFO - Iter [33200/40000]	lr: 1.680e-05, eta: 1:47:51, time: 0.929, data_time: 0.009, memory: 21505, loss_decode: 0.4793, decode_ce: 0.0984, decode_dice: 0.1652, decode_lovasz: 0.1551, decode_boundary: 0.3033, decode_scale_reg: 0.0013, decode_lambda_bound: 0.6000, decode_boundary_boost: 0.1000, aux.loss_ce: 0.0602, aux.acc_seg: 95.6135, loss: 0.5396
2026-05-11 16:05:28,393 - mmseg - INFO - Iter [33250/40000]	lr: 1.668e-05, eta: 1:47:03, time: 0.929, data_time: 0.009, memory: 21505, loss_decode: 0.4813, decode_ce: 0.0926, decode_dice: 0.1788, decode_lovasz: 0.1603, decode_boundary: 0.2937, decode_scale_reg: 0.0009, decode_lambda_bound: 0.6098, decode_boundary_boost: 0.1100, aux.loss_ce: 0.0573, aux.acc_seg: 95.8305, loss: 0.5386
2026-05-11 16:06:14,816 - mmseg - INFO - Iter [33300/40000]	lr: 1.657e-05, eta: 1:46:16, time: 0.928, data_time: 0.009, memory: 21505, loss_decode: 0.5066, decode_ce: 0.1128, decode_dice: 0.1638, decode_lovasz: 0.1673, decode_boundary: 0.3055, decode_scale_reg: 0.0011, decode_lambda_bound: 0.6100, decode_boundary_boost: 0.1100, aux.loss_ce: 0.0656, aux.acc_seg: 95.2368, loss: 0.5722
2026-05-11 16:07:01,235 - mmseg - INFO - Iter [33350/40000]	lr: 1.645e-05, eta: 1:45:28, time: 0.928, data_time: 0.009, memory: 21505, loss_decode: 0.4677, decode_ce: 0.0888, decode_dice: 0.1574, decode_lovasz: 0.1591, decode_boundary: 0.2964, decode_scale_reg: 0.0008, decode_lambda_bound: 0.6100, decode_boundary_boost: 0.1100, aux.loss_ce: 0.0540, aux.acc_seg: 95.9730, loss: 0.5217
2026-05-11 16:07:47,652 - mmseg - INFO - Iter [33400/40000]	lr: 1.633e-05, eta: 1:44:40, time: 0.928, data_time: 0.009, memory: 21505, loss_decode: 0.4569, decode_ce: 0.0908, decode_dice: 0.1462, decode_lovasz: 0.1478, decode_boundary: 0.2987, decode_scale_reg: 0.0005, decode_lambda_bound: 0.6100, decode_boundary_boost: 0.1100, aux.loss_ce: 0.0549, aux.acc_seg: 96.0290, loss: 0.5118
2026-05-11 16:08:34,165 - mmseg - INFO - Iter [33450/40000]	lr: 1.622e-05, eta: 1:43:52, time: 0.930, data_time: 0.009, memory: 21505, loss_decode: 0.4662, decode_ce: 0.0912, decode_dice: 0.1607, decode_lovasz: 0.1510, decode_boundary: 0.2973, decode_scale_reg: 0.0008, decode_lambda_bound: 0.6100, decode_boundary_boost: 0.1100, aux.loss_ce: 0.0533, aux.acc_seg: 96.1615, loss: 0.5196
2026-05-11 16:09:20,628 - mmseg - INFO - Iter [33500/40000]	lr: 1.610e-05, eta: 1:43:04, time: 0.929, data_time: 0.009, memory: 21505, loss_decode: 0.4723, decode_ce: 0.0956, decode_dice: 0.1677, decode_lovasz: 0.1451, decode_boundary: 0.3017, decode_scale_reg: 0.0009, decode_lambda_bound: 0.6100, decode_boundary_boost: 0.1100, aux.loss_ce: 0.0590, aux.acc_seg: 95.7156, loss: 0.5313
2026-05-11 16:10:07,107 - mmseg - INFO - Iter [33550/40000]	lr: 1.598e-05, eta: 1:42:17, time: 0.930, data_time: 0.009, memory: 21505, loss_decode: 0.4878, decode_ce: 0.1005, decode_dice: 0.1616, decode_lovasz: 0.1631, decode_boundary: 0.3019, decode_scale_reg: 0.0007, decode_lambda_bound: 0.6100, decode_boundary_boost: 0.1100, aux.loss_ce: 0.0592, aux.acc_seg: 95.7164, loss: 0.5470
2026-05-11 16:10:53,476 - mmseg - INFO - Iter [33600/40000]	lr: 1.587e-05, eta: 1:41:29, time: 0.927, data_time: 0.009, memory: 21505, loss_decode: 0.5073, decode_ce: 0.0962, decode_dice: 0.1991, decode_lovasz: 0.1718, decode_boundary: 0.2995, decode_scale_reg: 0.0009, decode_lambda_bound: 0.6100, decode_boundary_boost: 0.1100, aux.loss_ce: 0.0559, aux.acc_seg: 96.0790, loss: 0.5632
2026-05-11 16:11:39,846 - mmseg - INFO - Iter [33650/40000]	lr: 1.575e-05, eta: 1:40:41, time: 0.927, data_time: 0.009, memory: 21505, loss_decode: 0.4966, decode_ce: 0.1019, decode_dice: 0.1682, decode_lovasz: 0.1726, decode_boundary: 0.2995, decode_scale_reg: 0.0007, decode_lambda_bound: 0.6051, decode_boundary_boost: 0.1050, aux.loss_ce: 0.0599, aux.acc_seg: 95.6266, loss: 0.5565
2026-05-11 16:12:26,307 - mmseg - INFO - Iter [33700/40000]	lr: 1.563e-05, eta: 1:39:53, time: 0.929, data_time: 0.009, memory: 21505, loss_decode: 0.4960, decode_ce: 0.1051, decode_dice: 0.1690, decode_lovasz: 0.1724, decode_boundary: 0.2928, decode_scale_reg: 0.0009, decode_lambda_bound: 0.6050, decode_boundary_boost: 0.1050, aux.loss_ce: 0.0604, aux.acc_seg: 95.7342, loss: 0.5564
2026-05-11 16:13:12,777 - mmseg - INFO - Iter [33750/40000]	lr: 1.552e-05, eta: 1:39:05, time: 0.929, data_time: 0.009, memory: 21505, loss_decode: 0.5169, decode_ce: 0.0990, decode_dice: 0.1867, decode_lovasz: 0.1877, decode_boundary: 0.3038, decode_scale_reg: 0.0012, decode_lambda_bound: 0.6050, decode_boundary_boost: 0.1050, aux.loss_ce: 0.0578, aux.acc_seg: 95.8348, loss: 0.5747
2026-05-11 16:13:59,142 - mmseg - INFO - Iter [33800/40000]	lr: 1.540e-05, eta: 1:38:18, time: 0.927, data_time: 0.009, memory: 21505, loss_decode: 0.4884, decode_ce: 0.0918, decode_dice: 0.1823, decode_lovasz: 0.1652, decode_boundary: 0.2999, decode_scale_reg: 0.0008, decode_lambda_bound: 0.6050, decode_boundary_boost: 0.1050, aux.loss_ce: 0.0540, aux.acc_seg: 96.0563, loss: 0.5423
2026-05-11 16:14:45,546 - mmseg - INFO - Iter [33850/40000]	lr: 1.528e-05, eta: 1:37:30, time: 0.928, data_time: 0.009, memory: 21505, loss_decode: 0.4635, decode_ce: 0.0963, decode_dice: 0.1456, decode_lovasz: 0.1528, decode_boundary: 0.2972, decode_scale_reg: 0.0010, decode_lambda_bound: 0.6050, decode_boundary_boost: 0.1050, aux.loss_ce: 0.0564, aux.acc_seg: 95.9094, loss: 0.5199
2026-05-11 16:15:31,991 - mmseg - INFO - Iter [33900/40000]	lr: 1.516e-05, eta: 1:36:42, time: 0.929, data_time: 0.009, memory: 21505, loss_decode: 0.4776, decode_ce: 0.0985, decode_dice: 0.1567, decode_lovasz: 0.1552, decode_boundary: 0.3048, decode_scale_reg: 0.0006, decode_lambda_bound: 0.6050, decode_boundary_boost: 0.1050, aux.loss_ce: 0.0583, aux.acc_seg: 95.7326, loss: 0.5360
2026-05-11 16:16:18,444 - mmseg - INFO - Iter [33950/40000]	lr: 1.505e-05, eta: 1:35:54, time: 0.929, data_time: 0.009, memory: 21505, loss_decode: 0.4814, decode_ce: 0.1003, decode_dice: 0.1614, decode_lovasz: 0.1596, decode_boundary: 0.2985, decode_scale_reg: 0.0010, decode_lambda_bound: 0.6050, decode_boundary_boost: 0.1050, aux.loss_ce: 0.0579, aux.acc_seg: 95.6340, loss: 0.5393
2026-05-11 16:17:04,902 - mmseg - INFO - Exp name: uper_cosnet_zerowaste_40k.py
2026-05-11 16:17:04,902 - mmseg - INFO - Iter [34000/40000]	lr: 1.493e-05, eta: 1:35:07, time: 0.929, data_time: 0.009, memory: 21505, loss_decode: 0.4612, decode_ce: 0.0960, decode_dice: 0.1431, decode_lovasz: 0.1554, decode_boundary: 0.2926, decode_scale_reg: 0.0011, decode_lambda_bound: 0.6050, decode_boundary_boost: 0.1050, aux.loss_ce: 0.0570, aux.acc_seg: 95.9862, loss: 0.5182
2026-05-11 16:17:51,350 - mmseg - INFO - Iter [34050/40000]	lr: 1.481e-05, eta: 1:34:19, time: 0.929, data_time: 0.009, memory: 21505, loss_decode: 0.4547, decode_ce: 0.0891, decode_dice: 0.1511, decode_lovasz: 0.1423, decode_boundary: 0.2982, decode_scale_reg: 0.0006, decode_lambda_bound: 0.6148, decode_boundary_boost: 0.1150, aux.loss_ce: 0.0542, aux.acc_seg: 96.0327, loss: 0.5089
2026-05-11 16:18:37,802 - mmseg - INFO - Iter [34100/40000]	lr: 1.469e-05, eta: 1:33:31, time: 0.929, data_time: 0.009, memory: 21505, loss_decode: 0.4790, decode_ce: 0.0948, decode_dice: 0.1617, decode_lovasz: 0.1583, decode_boundary: 0.3001, decode_scale_reg: 0.0008, decode_lambda_bound: 0.6150, decode_boundary_boost: 0.1150, aux.loss_ce: 0.0558, aux.acc_seg: 95.9132, loss: 0.5347
2026-05-11 16:19:24,247 - mmseg - INFO - Iter [34150/40000]	lr: 1.458e-05, eta: 1:32:43, time: 0.929, data_time: 0.009, memory: 21505, loss_decode: 0.4625, decode_ce: 0.0864, decode_dice: 0.1465, decode_lovasz: 0.1578, decode_boundary: 0.2999, decode_scale_reg: 0.0009, decode_lambda_bound: 0.6150, decode_boundary_boost: 0.1150, aux.loss_ce: 0.0527, aux.acc_seg: 96.0562, loss: 0.5152
2026-05-11 16:20:10,685 - mmseg - INFO - Iter [34200/40000]	lr: 1.446e-05, eta: 1:31:56, time: 0.929, data_time: 0.009, memory: 21505, loss_decode: 0.5108, decode_ce: 0.1063, decode_dice: 0.1685, decode_lovasz: 0.1731, decode_boundary: 0.3095, decode_scale_reg: 0.0013, decode_lambda_bound: 0.6150, decode_boundary_boost: 0.1150, aux.loss_ce: 0.0614, aux.acc_seg: 95.5840, loss: 0.5722
2026-05-11 16:20:57,111 - mmseg - INFO - Iter [34250/40000]	lr: 1.434e-05, eta: 1:31:08, time: 0.929, data_time: 0.009, memory: 21505, loss_decode: 0.4645, decode_ce: 0.0942, decode_dice: 0.1396, decode_lovasz: 0.1525, decode_boundary: 0.3026, decode_scale_reg: 0.0011, decode_lambda_bound: 0.6150, decode_boundary_boost: 0.1150, aux.loss_ce: 0.0571, aux.acc_seg: 95.8659, loss: 0.5216
2026-05-11 16:21:43,548 - mmseg - INFO - Iter [34300/40000]	lr: 1.422e-05, eta: 1:30:20, time: 0.929, data_time: 0.009, memory: 21505, loss_decode: 0.4615, decode_ce: 0.0908, decode_dice: 0.1432, decode_lovasz: 0.1540, decode_boundary: 0.2986, decode_scale_reg: 0.0006, decode_lambda_bound: 0.6150, decode_boundary_boost: 0.1150, aux.loss_ce: 0.0547, aux.acc_seg: 96.0145, loss: 0.5163
2026-05-11 16:22:29,956 - mmseg - INFO - Iter [34350/40000]	lr: 1.411e-05, eta: 1:29:32, time: 0.928, data_time: 0.009, memory: 21505, loss_decode: 0.4740, decode_ce: 0.0952, decode_dice: 0.1456, decode_lovasz: 0.1588, decode_boundary: 0.3039, decode_scale_reg: 0.0009, decode_lambda_bound: 0.6150, decode_boundary_boost: 0.1150, aux.loss_ce: 0.0571, aux.acc_seg: 95.8789, loss: 0.5310
2026-05-11 16:23:16,413 - mmseg - INFO - Iter [34400/40000]	lr: 1.399e-05, eta: 1:28:45, time: 0.929, data_time: 0.009, memory: 21505, loss_decode: 0.4635, decode_ce: 0.0952, decode_dice: 0.1469, decode_lovasz: 0.1461, decode_boundary: 0.3013, decode_scale_reg: 0.0011, decode_lambda_bound: 0.6150, decode_boundary_boost: 0.1150, aux.loss_ce: 0.0580, aux.acc_seg: 95.8287, loss: 0.5215
2026-05-11 16:24:02,859 - mmseg - INFO - Iter [34450/40000]	lr: 1.387e-05, eta: 1:27:57, time: 0.929, data_time: 0.009, memory: 21505, loss_decode: 0.4832, decode_ce: 0.0895, decode_dice: 0.1678, decode_lovasz: 0.1695, decode_boundary: 0.2994, decode_scale_reg: 0.0012, decode_lambda_bound: 0.6101, decode_boundary_boost: 0.1100, aux.loss_ce: 0.0532, aux.acc_seg: 96.1578, loss: 0.5364
2026-05-11 16:24:49,319 - mmseg - INFO - Iter [34500/40000]	lr: 1.375e-05, eta: 1:27:09, time: 0.929, data_time: 0.009, memory: 21505, loss_decode: 0.4830, decode_ce: 0.0991, decode_dice: 0.1648, decode_lovasz: 0.1556, decode_boundary: 0.3030, decode_scale_reg: 0.0013, decode_lambda_bound: 0.6100, decode_boundary_boost: 0.1100, aux.loss_ce: 0.0588, aux.acc_seg: 95.7844, loss: 0.5419
2026-05-11 16:25:35,778 - mmseg - INFO - Iter [34550/40000]	lr: 1.363e-05, eta: 1:26:22, time: 0.929, data_time: 0.009, memory: 21505, loss_decode: 0.4787, decode_ce: 0.0867, decode_dice: 0.1630, decode_lovasz: 0.1666, decode_boundary: 0.3041, decode_scale_reg: 0.0007, decode_lambda_bound: 0.6100, decode_boundary_boost: 0.1100, aux.loss_ce: 0.0543, aux.acc_seg: 95.9859, loss: 0.5330
2026-05-11 16:26:22,192 - mmseg - INFO - Iter [34600/40000]	lr: 1.352e-05, eta: 1:25:34, time: 0.928, data_time: 0.009, memory: 21505, loss_decode: 0.5191, decode_ce: 0.1099, decode_dice: 0.1964, decode_lovasz: 0.1620, decode_boundary: 0.3106, decode_scale_reg: 0.0010, decode_lambda_bound: 0.6100, decode_boundary_boost: 0.1100, aux.loss_ce: 0.0684, aux.acc_seg: 95.1261, loss: 0.5875
2026-05-11 16:27:08,614 - mmseg - INFO - Iter [34650/40000]	lr: 1.340e-05, eta: 1:24:46, time: 0.928, data_time: 0.009, memory: 21505, loss_decode: 0.4980, decode_ce: 0.1041, decode_dice: 0.1826, decode_lovasz: 0.1596, decode_boundary: 0.2999, decode_scale_reg: 0.0007, decode_lambda_bound: 0.6100, decode_boundary_boost: 0.1100, aux.loss_ce: 0.0599, aux.acc_seg: 95.6980, loss: 0.5579
2026-05-11 16:27:55,074 - mmseg - INFO - Iter [34700/40000]	lr: 1.328e-05, eta: 1:23:58, time: 0.929, data_time: 0.009, memory: 21505, loss_decode: 0.4473, decode_ce: 0.0862, decode_dice: 0.1389, decode_lovasz: 0.1490, decode_boundary: 0.2947, decode_scale_reg: 0.0006, decode_lambda_bound: 0.6100, decode_boundary_boost: 0.1100, aux.loss_ce: 0.0527, aux.acc_seg: 96.2340, loss: 0.5000
2026-05-11 16:28:41,453 - mmseg - INFO - Iter [34750/40000]	lr: 1.316e-05, eta: 1:23:11, time: 0.928, data_time: 0.009, memory: 21505, loss_decode: 0.4714, decode_ce: 0.0934, decode_dice: 0.1663, decode_lovasz: 0.1504, decode_boundary: 0.2984, decode_scale_reg: 0.0008, decode_lambda_bound: 0.6100, decode_boundary_boost: 0.1100, aux.loss_ce: 0.0559, aux.acc_seg: 95.9464, loss: 0.5274
2026-05-11 16:29:27,827 - mmseg - INFO - Iter [34800/40000]	lr: 1.304e-05, eta: 1:22:23, time: 0.927, data_time: 0.009, memory: 21505, loss_decode: 0.4633, decode_ce: 0.0907, decode_dice: 0.1523, decode_lovasz: 0.1505, decode_boundary: 0.3008, decode_scale_reg: 0.0008, decode_lambda_bound: 0.6100, decode_boundary_boost: 0.1100, aux.loss_ce: 0.0554, aux.acc_seg: 95.9615, loss: 0.5187
2026-05-11 16:30:14,199 - mmseg - INFO - Iter [34850/40000]	lr: 1.293e-05, eta: 1:21:35, time: 0.927, data_time: 0.009, memory: 21505, loss_decode: 0.4670, decode_ce: 0.0884, decode_dice: 0.1501, decode_lovasz: 0.1575, decode_boundary: 0.2991, decode_scale_reg: 0.0008, decode_lambda_bound: 0.6198, decode_boundary_boost: 0.1200, aux.loss_ce: 0.0549, aux.acc_seg: 95.9443, loss: 0.5219
2026-05-11 16:31:00,636 - mmseg - INFO - Iter [34900/40000]	lr: 1.281e-05, eta: 1:20:48, time: 0.929, data_time: 0.009, memory: 21505, loss_decode: 0.4901, decode_ce: 0.0965, decode_dice: 0.1696, decode_lovasz: 0.1669, decode_boundary: 0.2961, decode_scale_reg: 0.0004, decode_lambda_bound: 0.6200, decode_boundary_boost: 0.1200, aux.loss_ce: 0.0576, aux.acc_seg: 95.8647, loss: 0.5477
2026-05-11 16:31:47,017 - mmseg - INFO - Iter [34950/40000]	lr: 1.269e-05, eta: 1:20:00, time: 0.928, data_time: 0.009, memory: 21505, loss_decode: 0.4443, decode_ce: 0.0858, decode_dice: 0.1356, decode_lovasz: 0.1447, decode_boundary: 0.2938, decode_scale_reg: 0.0008, decode_lambda_bound: 0.6200, decode_boundary_boost: 0.1200, aux.loss_ce: 0.0531, aux.acc_seg: 96.1653, loss: 0.4974
2026-05-11 16:32:33,495 - mmseg - INFO - Exp name: uper_cosnet_zerowaste_40k.py
2026-05-11 16:32:33,495 - mmseg - INFO - Iter [35000/40000]	lr: 1.257e-05, eta: 1:19:12, time: 0.930, data_time: 0.009, memory: 21505, loss_decode: 0.4734, decode_ce: 0.0890, decode_dice: 0.1592, decode_lovasz: 0.1640, decode_boundary: 0.2932, decode_scale_reg: 0.0005, decode_lambda_bound: 0.6200, decode_boundary_boost: 0.1200, aux.loss_ce: 0.0531, aux.acc_seg: 96.1721, loss: 0.5266
2026-05-11 16:33:19,911 - mmseg - INFO - Iter [35050/40000]	lr: 1.245e-05, eta: 1:18:24, time: 0.928, data_time: 0.009, memory: 21505, loss_decode: 0.4824, decode_ce: 0.1011, decode_dice: 0.1539, decode_lovasz: 0.1574, decode_boundary: 0.3005, decode_scale_reg: 0.0007, decode_lambda_bound: 0.6200, decode_boundary_boost: 0.1200, aux.loss_ce: 0.0591, aux.acc_seg: 95.7567, loss: 0.5416
2026-05-11 16:34:06,286 - mmseg - INFO - Iter [35100/40000]	lr: 1.233e-05, eta: 1:17:37, time: 0.927, data_time: 0.009, memory: 21505, loss_decode: 0.4781, decode_ce: 0.1034, decode_dice: 0.1419, decode_lovasz: 0.1553, decode_boundary: 0.3020, decode_scale_reg: 0.0008, decode_lambda_bound: 0.6200, decode_boundary_boost: 0.1200, aux.loss_ce: 0.0611, aux.acc_seg: 95.5510, loss: 0.5392
2026-05-11 16:34:52,677 - mmseg - INFO - Iter [35150/40000]	lr: 1.222e-05, eta: 1:16:49, time: 0.928, data_time: 0.009, memory: 21505, loss_decode: 0.4766, decode_ce: 0.0950, decode_dice: 0.1497, decode_lovasz: 0.1582, decode_boundary: 0.3034, decode_scale_reg: 0.0008, decode_lambda_bound: 0.6200, decode_boundary_boost: 0.1200, aux.loss_ce: 0.0601, aux.acc_seg: 95.8537, loss: 0.5368
2026-05-11 16:35:39,049 - mmseg - INFO - Iter [35200/40000]	lr: 1.210e-05, eta: 1:16:01, time: 0.927, data_time: 0.009, memory: 21505, loss_decode: 0.4606, decode_ce: 0.0982, decode_dice: 0.1281, decode_lovasz: 0.1476, decode_boundary: 0.3028, decode_scale_reg: 0.0010, decode_lambda_bound: 0.6200, decode_boundary_boost: 0.1200, aux.loss_ce: 0.0595, aux.acc_seg: 95.7777, loss: 0.5201
2026-05-11 16:36:25,462 - mmseg - INFO - Iter [35250/40000]	lr: 1.198e-05, eta: 1:15:14, time: 0.928, data_time: 0.009, memory: 21505, loss_decode: 0.4573, decode_ce: 0.0858, decode_dice: 0.1554, decode_lovasz: 0.1475, decode_boundary: 0.2954, decode_scale_reg: 0.0008, decode_lambda_bound: 0.6200, decode_boundary_boost: 0.1200, aux.loss_ce: 0.0543, aux.acc_seg: 96.0741, loss: 0.5116
2026-05-11 16:37:11,946 - mmseg - INFO - Iter [35300/40000]	lr: 1.186e-05, eta: 1:14:26, time: 0.930, data_time: 0.009, memory: 21505, loss_decode: 0.4918, decode_ce: 0.0942, decode_dice: 0.1664, decode_lovasz: 0.1687, decode_boundary: 0.3031, decode_scale_reg: 0.0009, decode_lambda_bound: 0.6200, decode_boundary_boost: 0.1200, aux.loss_ce: 0.0566, aux.acc_seg: 95.9677, loss: 0.5484
2026-05-11 16:37:58,358 - mmseg - INFO - Iter [35350/40000]	lr: 1.174e-05, eta: 1:13:38, time: 0.928, data_time: 0.009, memory: 21505, loss_decode: 0.4739, decode_ce: 0.0946, decode_dice: 0.1533, decode_lovasz: 0.1521, decode_boundary: 0.3041, decode_scale_reg: 0.0008, decode_lambda_bound: 0.6200, decode_boundary_boost: 0.1200, aux.loss_ce: 0.0553, aux.acc_seg: 96.0205, loss: 0.5293
2026-05-11 16:38:44,769 - mmseg - INFO - Iter [35400/40000]	lr: 1.162e-05, eta: 1:12:51, time: 0.928, data_time: 0.009, memory: 21505, loss_decode: 0.4687, decode_ce: 0.0917, decode_dice: 0.1380, decode_lovasz: 0.1641, decode_boundary: 0.2982, decode_scale_reg: 0.0008, decode_lambda_bound: 0.6200, decode_boundary_boost: 0.1200, aux.loss_ce: 0.0558, aux.acc_seg: 96.0391, loss: 0.5245
2026-05-11 16:39:31,184 - mmseg - INFO - Iter [35450/40000]	lr: 1.150e-05, eta: 1:12:03, time: 0.928, data_time: 0.009, memory: 21505, loss_decode: 0.4869, decode_ce: 0.0937, decode_dice: 0.1644, decode_lovasz: 0.1641, decode_boundary: 0.3032, decode_scale_reg: 0.0011, decode_lambda_bound: 0.6200, decode_boundary_boost: 0.1200, aux.loss_ce: 0.0584, aux.acc_seg: 95.7362, loss: 0.5454
2026-05-11 16:40:17,617 - mmseg - INFO - Iter [35500/40000]	lr: 1.138e-05, eta: 1:11:15, time: 0.929, data_time: 0.009, memory: 21505, loss_decode: 0.4702, decode_ce: 0.0860, decode_dice: 0.1550, decode_lovasz: 0.1612, decode_boundary: 0.2995, decode_scale_reg: 0.0008, decode_lambda_bound: 0.6200, decode_boundary_boost: 0.1200, aux.loss_ce: 0.0521, aux.acc_seg: 96.2083, loss: 0.5222
2026-05-11 16:41:04,013 - mmseg - INFO - Iter [35550/40000]	lr: 1.126e-05, eta: 1:10:28, time: 0.928, data_time: 0.009, memory: 21505, loss_decode: 0.4831, decode_ce: 0.0877, decode_dice: 0.1673, decode_lovasz: 0.1736, decode_boundary: 0.2927, decode_scale_reg: 0.0006, decode_lambda_bound: 0.6200, decode_boundary_boost: 0.1200, aux.loss_ce: 0.0522, aux.acc_seg: 96.2843, loss: 0.5353
2026-05-11 16:41:50,342 - mmseg - INFO - Iter [35600/40000]	lr: 1.115e-05, eta: 1:09:40, time: 0.927, data_time: 0.009, memory: 21505, loss_decode: 0.4698, decode_ce: 0.0875, decode_dice: 0.1616, decode_lovasz: 0.1536, decode_boundary: 0.3005, decode_scale_reg: 0.0007, decode_lambda_bound: 0.6200, decode_boundary_boost: 0.1200, aux.loss_ce: 0.0530, aux.acc_seg: 96.1358, loss: 0.5228
2026-05-11 16:42:36,743 - mmseg - INFO - Iter [35650/40000]	lr: 1.103e-05, eta: 1:08:53, time: 0.928, data_time: 0.009, memory: 21505, loss_decode: 0.4954, decode_ce: 0.0959, decode_dice: 0.1838, decode_lovasz: 0.1617, decode_boundary: 0.3029, decode_scale_reg: 0.0008, decode_lambda_bound: 0.6151, decode_boundary_boost: 0.1150, aux.loss_ce: 0.0564, aux.acc_seg: 95.9579, loss: 0.5519
2026-05-11 16:43:23,181 - mmseg - INFO - Iter [35700/40000]	lr: 1.091e-05, eta: 1:08:05, time: 0.929, data_time: 0.009, memory: 21505, loss_decode: 0.4725, decode_ce: 0.0988, decode_dice: 0.1448, decode_lovasz: 0.1547, decode_boundary: 0.3012, decode_scale_reg: 0.0006, decode_lambda_bound: 0.6150, decode_boundary_boost: 0.1150, aux.loss_ce: 0.0589, aux.acc_seg: 95.9322, loss: 0.5314
2026-05-11 16:44:09,612 - mmseg - INFO - Iter [35750/40000]	lr: 1.079e-05, eta: 1:07:17, time: 0.929, data_time: 0.009, memory: 21505, loss_decode: 0.4803, decode_ce: 0.0902, decode_dice: 0.1816, decode_lovasz: 0.1618, decode_boundary: 0.2892, decode_scale_reg: 0.0009, decode_lambda_bound: 0.6150, decode_boundary_boost: 0.1150, aux.loss_ce: 0.0540, aux.acc_seg: 96.0717, loss: 0.5343
2026-05-11 16:44:56,034 - mmseg - INFO - Iter [35800/40000]	lr: 1.067e-05, eta: 1:06:30, time: 0.928, data_time: 0.009, memory: 21505, loss_decode: 0.4692, decode_ce: 0.0942, decode_dice: 0.1516, decode_lovasz: 0.1474, decode_boundary: 0.3066, decode_scale_reg: 0.0011, decode_lambda_bound: 0.6150, decode_boundary_boost: 0.1150, aux.loss_ce: 0.0574, aux.acc_seg: 95.7944, loss: 0.5265
2026-05-11 16:45:42,434 - mmseg - INFO - Iter [35850/40000]	lr: 1.055e-05, eta: 1:05:42, time: 0.928, data_time: 0.009, memory: 21505, loss_decode: 0.4855, decode_ce: 0.0994, decode_dice: 0.1530, decode_lovasz: 0.1627, decode_boundary: 0.3050, decode_scale_reg: 0.0014, decode_lambda_bound: 0.6150, decode_boundary_boost: 0.1150, aux.loss_ce: 0.0584, aux.acc_seg: 95.7556, loss: 0.5438
2026-05-11 16:46:29,359 - mmseg - INFO - Iter [35900/40000]	lr: 1.043e-05, eta: 1:04:54, time: 0.938, data_time: 0.011, memory: 21505, loss_decode: 0.5034, decode_ce: 0.0998, decode_dice: 0.1815, decode_lovasz: 0.1683, decode_boundary: 0.3034, decode_scale_reg: 0.0008, decode_lambda_bound: 0.6150, decode_boundary_boost: 0.1150, aux.loss_ce: 0.0582, aux.acc_seg: 95.8389, loss: 0.5616
2026-05-11 16:47:15,832 - mmseg - INFO - Iter [35950/40000]	lr: 1.031e-05, eta: 1:04:07, time: 0.929, data_time: 0.009, memory: 21505, loss_decode: 0.4414, decode_ce: 0.0827, decode_dice: 0.1440, decode_lovasz: 0.1337, decode_boundary: 0.3031, decode_scale_reg: 0.0009, decode_lambda_bound: 0.6150, decode_boundary_boost: 0.1150, aux.loss_ce: 0.0527, aux.acc_seg: 96.1817, loss: 0.4941
2026-05-11 16:48:02,242 - mmseg - INFO - Saving checkpoint at 36000 iterations
2026-05-11 16:48:03,044 - mmseg - INFO - Exp name: uper_cosnet_zerowaste_40k.py
2026-05-11 16:48:03,044 - mmseg - INFO - Iter [36000/40000]	lr: 1.019e-05, eta: 1:03:19, time: 0.944, data_time: 0.009, memory: 21505, loss_decode: 0.5063, decode_ce: 0.1057, decode_dice: 0.1847, decode_lovasz: 0.1647, decode_boundary: 0.3002, decode_scale_reg: 0.0009, decode_lambda_bound: 0.6150, decode_boundary_boost: 0.1150, aux.loss_ce: 0.0628, aux.acc_seg: 95.5889, loss: 0.5692
2026-05-11 16:48:56,183 - mmseg - INFO - per class results:
2026-05-11 16:48:56,184 - mmseg - INFO - 
+---------------+-------+-------+
|     Class     |  IoU  |  Acc  |
+---------------+-------+-------+
|   background  | 90.77 | 95.92 |
| rigid_plastic | 22.53 | 25.26 |
|   cardboard   | 57.89 | 71.99 |
|     metal     |  3.75 |  3.88 |
|  soft_plastic | 61.53 | 76.13 |
+---------------+-------+-------+
2026-05-11 16:48:56,184 - mmseg - INFO - Summary:
2026-05-11 16:48:56,184 - mmseg - INFO - 
+-------+------+-------+
|  aAcc | mIoU |  mAcc |
+-------+------+-------+
| 91.04 | 47.3 | 54.63 |
+-------+------+-------+
2026-05-11 16:48:56,184 - mmseg - INFO - Exp name: uper_cosnet_zerowaste_40k.py
2026-05-11 16:48:56,184 - mmseg - INFO - Iter(val) [572]	aAcc: 0.9104, mIoU: 0.4730, mAcc: 0.5463, IoU.background: 0.9077, IoU.rigid_plastic: 0.2253, IoU.cardboard: 0.5789, IoU.metal: 0.0375, IoU.soft_plastic: 0.6153, Acc.background: 0.9592, Acc.rigid_plastic: 0.2526, Acc.cardboard: 0.7199, Acc.metal: 0.0388, Acc.soft_plastic: 0.7613
2026-05-11 16:49:42,381 - mmseg - INFO - Iter [36050/40000]	lr: 1.007e-05, eta: 1:02:37, time: 1.987, data_time: 1.072, memory: 21505, loss_decode: 0.4837, decode_ce: 0.0991, decode_dice: 0.1458, decode_lovasz: 0.1586, decode_boundary: 0.3107, decode_scale_reg: 0.0008, decode_lambda_bound: 0.6199, decode_boundary_boost: 0.1200, aux.loss_ce: 0.0579, aux.acc_seg: 95.8045, loss: 0.5416
2026-05-11 16:50:30,119 - mmseg - INFO - Iter [36100/40000]	lr: 9.950e-06, eta: 1:01:50, time: 0.955, data_time: 0.009, memory: 21505, loss_decode: 0.4790, decode_ce: 0.1023, decode_dice: 0.1485, decode_lovasz: 0.1507, decode_boundary: 0.3056, decode_scale_reg: 0.0010, decode_lambda_bound: 0.6200, decode_boundary_boost: 0.1200, aux.loss_ce: 0.0598, aux.acc_seg: 95.7813, loss: 0.5388
2026-05-11 16:51:17,388 - mmseg - INFO - Iter [36150/40000]	lr: 9.830e-06, eta: 1:01:02, time: 0.945, data_time: 0.009, memory: 21505, loss_decode: 0.4651, decode_ce: 0.0952, decode_dice: 0.1411, decode_lovasz: 0.1541, decode_boundary: 0.2964, decode_scale_reg: 0.0006, decode_lambda_bound: 0.6200, decode_boundary_boost: 0.1200, aux.loss_ce: 0.0568, aux.acc_seg: 95.8719, loss: 0.5219
2026-05-11 16:52:04,185 - mmseg - INFO - Iter [36200/40000]	lr: 9.710e-06, eta: 1:00:15, time: 0.936, data_time: 0.009, memory: 21505, loss_decode: 0.4421, decode_ce: 0.0926, decode_dice: 0.1196, decode_lovasz: 0.1352, decode_boundary: 0.3038, decode_scale_reg: 0.0007, decode_lambda_bound: 0.6200, decode_boundary_boost: 0.1200, aux.loss_ce: 0.0577, aux.acc_seg: 95.7455, loss: 0.4998
2026-05-11 16:52:50,725 - mmseg - INFO - Iter [36250/40000]	lr: 9.589e-06, eta: 0:59:27, time: 0.931, data_time: 0.009, memory: 21505, loss_decode: 0.4754, decode_ce: 0.0921, decode_dice: 0.1500, decode_lovasz: 0.1566, decode_boundary: 0.3078, decode_scale_reg: 0.0010, decode_lambda_bound: 0.6200, decode_boundary_boost: 0.1200, aux.loss_ce: 0.0540, aux.acc_seg: 96.1225, loss: 0.5294
2026-05-11 16:53:37,212 - mmseg - INFO - Iter [36300/40000]	lr: 9.469e-06, eta: 0:58:39, time: 0.930, data_time: 0.009, memory: 21505, loss_decode: 0.4751, decode_ce: 0.0973, decode_dice: 0.1430, decode_lovasz: 0.1595, decode_boundary: 0.3010, decode_scale_reg: 0.0009, decode_lambda_bound: 0.6200, decode_boundary_boost: 0.1200, aux.loss_ce: 0.0570, aux.acc_seg: 95.8266, loss: 0.5321
2026-05-11 16:54:23,674 - mmseg - INFO - Iter [36350/40000]	lr: 9.349e-06, eta: 0:57:52, time: 0.929, data_time: 0.009, memory: 21505, loss_decode: 0.4686, decode_ce: 0.0928, decode_dice: 0.1378, decode_lovasz: 0.1528, decode_boundary: 0.3102, decode_scale_reg: 0.0009, decode_lambda_bound: 0.6200, decode_boundary_boost: 0.1200, aux.loss_ce: 0.0558, aux.acc_seg: 95.9299, loss: 0.5244
2026-05-11 16:55:10,060 - mmseg - INFO - Iter [36400/40000]	lr: 9.229e-06, eta: 0:57:04, time: 0.928, data_time: 0.009, memory: 21505, loss_decode: 0.4662, decode_ce: 0.0965, decode_dice: 0.1364, decode_lovasz: 0.1485, decode_boundary: 0.3066, decode_scale_reg: 0.0009, decode_lambda_bound: 0.6200, decode_boundary_boost: 0.1200, aux.loss_ce: 0.0575, aux.acc_seg: 95.8011, loss: 0.5237
2026-05-11 16:55:56,525 - mmseg - INFO - Iter [36450/40000]	lr: 9.108e-06, eta: 0:56:16, time: 0.929, data_time: 0.009, memory: 21505, loss_decode: 0.4907, decode_ce: 0.0902, decode_dice: 0.1761, decode_lovasz: 0.1697, decode_boundary: 0.2987, decode_scale_reg: 0.0007, decode_lambda_bound: 0.6200, decode_boundary_boost: 0.1200, aux.loss_ce: 0.0545, aux.acc_seg: 96.0198, loss: 0.5452
2026-05-11 16:56:42,951 - mmseg - INFO - Iter [36500/40000]	lr: 8.988e-06, eta: 0:55:29, time: 0.929, data_time: 0.009, memory: 21505, loss_decode: 0.4778, decode_ce: 0.0882, decode_dice: 0.1818, decode_lovasz: 0.1558, decode_boundary: 0.2932, decode_scale_reg: 0.0009, decode_lambda_bound: 0.6200, decode_boundary_boost: 0.1200, aux.loss_ce: 0.0535, aux.acc_seg: 96.1439, loss: 0.5313
2026-05-11 16:57:29,376 - mmseg - INFO - Iter [36550/40000]	lr: 8.867e-06, eta: 0:54:41, time: 0.929, data_time: 0.009, memory: 21505, loss_decode: 0.4688, decode_ce: 0.0918, decode_dice: 0.1414, decode_lovasz: 0.1584, decode_boundary: 0.3024, decode_scale_reg: 0.0009, decode_lambda_bound: 0.6200, decode_boundary_boost: 0.1200, aux.loss_ce: 0.0536, aux.acc_seg: 96.0315, loss: 0.5224
2026-05-11 16:58:15,782 - mmseg - INFO - Iter [36600/40000]	lr: 8.746e-06, eta: 0:53:53, time: 0.928, data_time: 0.009, memory: 21505, loss_decode: 0.4668, decode_ce: 0.0978, decode_dice: 0.1528, decode_lovasz: 0.1444, decode_boundary: 0.2971, decode_scale_reg: 0.0008, decode_lambda_bound: 0.6200, decode_boundary_boost: 0.1200, aux.loss_ce: 0.0563, aux.acc_seg: 95.9489, loss: 0.5231
2026-05-11 16:59:02,210 - mmseg - INFO - Iter [36650/40000]	lr: 8.625e-06, eta: 0:53:06, time: 0.929, data_time: 0.009, memory: 21505, loss_decode: 0.4698, decode_ce: 0.0943, decode_dice: 0.1427, decode_lovasz: 0.1543, decode_boundary: 0.3038, decode_scale_reg: 0.0011, decode_lambda_bound: 0.6200, decode_boundary_boost: 0.1200, aux.loss_ce: 0.0571, aux.acc_seg: 95.8107, loss: 0.5269
2026-05-11 16:59:48,627 - mmseg - INFO - Iter [36700/40000]	lr: 8.505e-06, eta: 0:52:18, time: 0.928, data_time: 0.009, memory: 21505, loss_decode: 0.4622, decode_ce: 0.0883, decode_dice: 0.1465, decode_lovasz: 0.1529, decode_boundary: 0.3000, decode_scale_reg: 0.0010, decode_lambda_bound: 0.6200, decode_boundary_boost: 0.1200, aux.loss_ce: 0.0538, aux.acc_seg: 96.0530, loss: 0.5160
2026-05-11 17:00:35,066 - mmseg - INFO - Iter [36750/40000]	lr: 8.384e-06, eta: 0:51:30, time: 0.929, data_time: 0.009, memory: 21505, loss_decode: 0.4616, decode_ce: 0.0958, decode_dice: 0.1261, decode_lovasz: 0.1518, decode_boundary: 0.3046, decode_scale_reg: 0.0008, decode_lambda_bound: 0.6200, decode_boundary_boost: 0.1200, aux.loss_ce: 0.0547, aux.acc_seg: 95.9685, loss: 0.5163
2026-05-11 17:01:21,503 - mmseg - INFO - Iter [36800/40000]	lr: 8.263e-06, eta: 0:50:43, time: 0.929, data_time: 0.009, memory: 21505, loss_decode: 0.4743, decode_ce: 0.0893, decode_dice: 0.1712, decode_lovasz: 0.1536, decode_boundary: 0.2972, decode_scale_reg: 0.0009, decode_lambda_bound: 0.6200, decode_boundary_boost: 0.1200, aux.loss_ce: 0.0556, aux.acc_seg: 95.9689, loss: 0.5299
2026-05-11 17:02:08,025 - mmseg - INFO - Iter [36850/40000]	lr: 8.141e-06, eta: 0:49:55, time: 0.930, data_time: 0.009, memory: 21505, loss_decode: 0.4532, decode_ce: 0.0768, decode_dice: 0.1696, decode_lovasz: 0.1502, decode_boundary: 0.2909, decode_scale_reg: 0.0005, decode_lambda_bound: 0.6151, decode_boundary_boost: 0.1150, aux.loss_ce: 0.0470, aux.acc_seg: 96.5090, loss: 0.5001
2026-05-11 17:02:54,413 - mmseg - INFO - Iter [36900/40000]	lr: 8.020e-06, eta: 0:49:07, time: 0.928, data_time: 0.009, memory: 21505, loss_decode: 0.4862, decode_ce: 0.0929, decode_dice: 0.1676, decode_lovasz: 0.1682, decode_boundary: 0.2982, decode_scale_reg: 0.0007, decode_lambda_bound: 0.6150, decode_boundary_boost: 0.1150, aux.loss_ce: 0.0532, aux.acc_seg: 96.1365, loss: 0.5394
2026-05-11 17:03:40,830 - mmseg - INFO - Iter [36950/40000]	lr: 7.899e-06, eta: 0:48:20, time: 0.928, data_time: 0.009, memory: 21505, loss_decode: 0.4869, decode_ce: 0.0901, decode_dice: 0.1718, decode_lovasz: 0.1714, decode_boundary: 0.2965, decode_scale_reg: 0.0007, decode_lambda_bound: 0.6150, decode_boundary_boost: 0.1150, aux.loss_ce: 0.0538, aux.acc_seg: 96.1209, loss: 0.5407
2026-05-11 17:04:27,211 - mmseg - INFO - Exp name: uper_cosnet_zerowaste_40k.py
2026-05-11 17:04:27,211 - mmseg - INFO - Iter [37000/40000]	lr: 7.777e-06, eta: 0:47:32, time: 0.928, data_time: 0.009, memory: 21505, loss_decode: 0.4460, decode_ce: 0.0910, decode_dice: 0.1147, decode_lovasz: 0.1482, decode_boundary: 0.3034, decode_scale_reg: 0.0007, decode_lambda_bound: 0.6150, decode_boundary_boost: 0.1150, aux.loss_ce: 0.0549, aux.acc_seg: 96.0519, loss: 0.5009
2026-05-11 17:05:13,593 - mmseg - INFO - Iter [37050/40000]	lr: 7.656e-06, eta: 0:46:44, time: 0.928, data_time: 0.009, memory: 21505, loss_decode: 0.4738, decode_ce: 0.0977, decode_dice: 0.1484, decode_lovasz: 0.1609, decode_boundary: 0.2946, decode_scale_reg: 0.0010, decode_lambda_bound: 0.6150, decode_boundary_boost: 0.1150, aux.loss_ce: 0.0582, aux.acc_seg: 95.8130, loss: 0.5320
2026-05-11 17:05:59,971 - mmseg - INFO - Iter [37100/40000]	lr: 7.534e-06, eta: 0:45:57, time: 0.928, data_time: 0.009, memory: 21505, loss_decode: 0.4927, decode_ce: 0.0961, decode_dice: 0.1684, decode_lovasz: 0.1677, decode_boundary: 0.3033, decode_scale_reg: 0.0006, decode_lambda_bound: 0.6150, decode_boundary_boost: 0.1150, aux.loss_ce: 0.0564, aux.acc_seg: 95.9330, loss: 0.5491
2026-05-11 17:06:46,345 - mmseg - INFO - Iter [37150/40000]	lr: 7.412e-06, eta: 0:45:09, time: 0.927, data_time: 0.009, memory: 21505, loss_decode: 0.4376, decode_ce: 0.0852, decode_dice: 0.1347, decode_lovasz: 0.1372, decode_boundary: 0.2962, decode_scale_reg: 0.0007, decode_lambda_bound: 0.6150, decode_boundary_boost: 0.1150, aux.loss_ce: 0.0520, aux.acc_seg: 96.1486, loss: 0.4896
2026-05-11 17:07:32,810 - mmseg - INFO - Iter [37200/40000]	lr: 7.290e-06, eta: 0:44:22, time: 0.929, data_time: 0.009, memory: 21505, loss_decode: 0.4390, decode_ce: 0.0885, decode_dice: 0.1391, decode_lovasz: 0.1352, decode_boundary: 0.2920, decode_scale_reg: 0.0008, decode_lambda_bound: 0.6150, decode_boundary_boost: 0.1150, aux.loss_ce: 0.0557, aux.acc_seg: 95.9639, loss: 0.4947
2026-05-11 17:08:19,241 - mmseg - INFO - Iter [37250/40000]	lr: 7.168e-06, eta: 0:43:34, time: 0.929, data_time: 0.009, memory: 21505, loss_decode: 0.4560, decode_ce: 0.0968, decode_dice: 0.1246, decode_lovasz: 0.1457, decode_boundary: 0.3076, decode_scale_reg: 0.0008, decode_lambda_bound: 0.6101, decode_boundary_boost: 0.1100, aux.loss_ce: 0.0577, aux.acc_seg: 95.7166, loss: 0.5137
2026-05-11 17:09:05,659 - mmseg - INFO - Iter [37300/40000]	lr: 7.046e-06, eta: 0:42:46, time: 0.928, data_time: 0.009, memory: 21505, loss_decode: 0.4715, decode_ce: 0.0972, decode_dice: 0.1478, decode_lovasz: 0.1606, decode_boundary: 0.2950, decode_scale_reg: 0.0009, decode_lambda_bound: 0.6100, decode_boundary_boost: 0.1100, aux.loss_ce: 0.0587, aux.acc_seg: 95.7349, loss: 0.5302
2026-05-11 17:09:52,020 - mmseg - INFO - Iter [37350/40000]	lr: 6.924e-06, eta: 0:41:59, time: 0.927, data_time: 0.009, memory: 21505, loss_decode: 0.4943, decode_ce: 0.0893, decode_dice: 0.1858, decode_lovasz: 0.1700, decode_boundary: 0.3026, decode_scale_reg: 0.0008, decode_lambda_bound: 0.6100, decode_boundary_boost: 0.1100, aux.loss_ce: 0.0534, aux.acc_seg: 96.1334, loss: 0.5478
2026-05-11 17:10:38,433 - mmseg - INFO - Iter [37400/40000]	lr: 6.802e-06, eta: 0:41:11, time: 0.928, data_time: 0.009, memory: 21505, loss_decode: 0.4591, decode_ce: 0.0898, decode_dice: 0.1411, decode_lovasz: 0.1519, decode_boundary: 0.3028, decode_scale_reg: 0.0012, decode_lambda_bound: 0.6100, decode_boundary_boost: 0.1100, aux.loss_ce: 0.0575, aux.acc_seg: 95.8762, loss: 0.5166
2026-05-11 17:11:24,787 - mmseg - INFO - Iter [37450/40000]	lr: 6.679e-06, eta: 0:40:24, time: 0.927, data_time: 0.009, memory: 21505, loss_decode: 0.4486, decode_ce: 0.0857, decode_dice: 0.1468, decode_lovasz: 0.1421, decode_boundary: 0.2998, decode_scale_reg: 0.0006, decode_lambda_bound: 0.6100, decode_boundary_boost: 0.1100, aux.loss_ce: 0.0533, aux.acc_seg: 96.0501, loss: 0.5018
2026-05-11 17:12:11,171 - mmseg - INFO - Iter [37500/40000]	lr: 6.557e-06, eta: 0:39:36, time: 0.928, data_time: 0.009, memory: 21505, loss_decode: 0.4793, decode_ce: 0.0980, decode_dice: 0.1476, decode_lovasz: 0.1532, decode_boundary: 0.3156, decode_scale_reg: 0.0011, decode_lambda_bound: 0.6100, decode_boundary_boost: 0.1100, aux.loss_ce: 0.0580, aux.acc_seg: 95.7813, loss: 0.5373
2026-05-11 17:13:00,400 - mmseg - INFO - Iter [37550/40000]	lr: 6.434e-06, eta: 0:38:49, time: 0.985, data_time: 0.066, memory: 21505, loss_decode: 0.4820, decode_ce: 0.0910, decode_dice: 0.1841, decode_lovasz: 0.1589, decode_boundary: 0.2948, decode_scale_reg: 0.0008, decode_lambda_bound: 0.6100, decode_boundary_boost: 0.1100, aux.loss_ce: 0.0556, aux.acc_seg: 95.9692, loss: 0.5376
2026-05-11 17:13:46,874 - mmseg - INFO - Iter [37600/40000]	lr: 6.311e-06, eta: 0:38:01, time: 0.929, data_time: 0.009, memory: 21505, loss_decode: 0.4715, decode_ce: 0.0878, decode_dice: 0.1552, decode_lovasz: 0.1606, decode_boundary: 0.3043, decode_scale_reg: 0.0010, decode_lambda_bound: 0.6100, decode_boundary_boost: 0.1100, aux.loss_ce: 0.0532, aux.acc_seg: 96.2049, loss: 0.5247
2026-05-11 17:14:33,479 - mmseg - INFO - Iter [37650/40000]	lr: 6.188e-06, eta: 0:37:13, time: 0.932, data_time: 0.009, memory: 21505, loss_decode: 0.4709, decode_ce: 0.0891, decode_dice: 0.1626, decode_lovasz: 0.1507, decode_boundary: 0.3025, decode_scale_reg: 0.0007, decode_lambda_bound: 0.6198, decode_boundary_boost: 0.1200, aux.loss_ce: 0.0528, aux.acc_seg: 96.1494, loss: 0.5237
2026-05-11 17:15:19,980 - mmseg - INFO - Iter [37700/40000]	lr: 6.065e-06, eta: 0:36:26, time: 0.930, data_time: 0.009, memory: 21505, loss_decode: 0.4430, decode_ce: 0.0877, decode_dice: 0.1315, decode_lovasz: 0.1376, decode_boundary: 0.3005, decode_scale_reg: 0.0007, decode_lambda_bound: 0.6200, decode_boundary_boost: 0.1200, aux.loss_ce: 0.0551, aux.acc_seg: 95.9667, loss: 0.4981
2026-05-11 17:16:06,435 - mmseg - INFO - Iter [37750/40000]	lr: 5.942e-06, eta: 0:35:38, time: 0.929, data_time: 0.009, memory: 21505, loss_decode: 0.4527, decode_ce: 0.0843, decode_dice: 0.1484, decode_lovasz: 0.1526, decode_boundary: 0.2898, decode_scale_reg: 0.0006, decode_lambda_bound: 0.6200, decode_boundary_boost: 0.1200, aux.loss_ce: 0.0521, aux.acc_seg: 96.2395, loss: 0.5048
2026-05-11 17:16:52,829 - mmseg - INFO - Iter [37800/40000]	lr: 5.819e-06, eta: 0:34:51, time: 0.928, data_time: 0.009, memory: 21505, loss_decode: 0.4688, decode_ce: 0.0901, decode_dice: 0.1606, decode_lovasz: 0.1495, decode_boundary: 0.3005, decode_scale_reg: 0.0007, decode_lambda_bound: 0.6200, decode_boundary_boost: 0.1200, aux.loss_ce: 0.0556, aux.acc_seg: 95.9182, loss: 0.5244
2026-05-11 17:17:39,251 - mmseg - INFO - Iter [37850/40000]	lr: 5.695e-06, eta: 0:34:03, time: 0.928, data_time: 0.009, memory: 21505, loss_decode: 0.4768, decode_ce: 0.0849, decode_dice: 0.1771, decode_lovasz: 0.1597, decode_boundary: 0.2960, decode_scale_reg: 0.0007, decode_lambda_bound: 0.6200, decode_boundary_boost: 0.1200, aux.loss_ce: 0.0530, aux.acc_seg: 96.1355, loss: 0.5298
2026-05-11 17:18:25,572 - mmseg - INFO - Iter [37900/40000]	lr: 5.572e-06, eta: 0:33:15, time: 0.926, data_time: 0.009, memory: 21505, loss_decode: 0.4409, decode_ce: 0.0872, decode_dice: 0.1356, decode_lovasz: 0.1358, decode_boundary: 0.2968, decode_scale_reg: 0.0006, decode_lambda_bound: 0.6200, decode_boundary_boost: 0.1200, aux.loss_ce: 0.0539, aux.acc_seg: 96.0654, loss: 0.4948
2026-05-11 17:19:11,984 - mmseg - INFO - Iter [37950/40000]	lr: 5.448e-06, eta: 0:32:28, time: 0.928, data_time: 0.009, memory: 21505, loss_decode: 0.4570, decode_ce: 0.0891, decode_dice: 0.1447, decode_lovasz: 0.1471, decode_boundary: 0.2987, decode_scale_reg: 0.0009, decode_lambda_bound: 0.6200, decode_boundary_boost: 0.1200, aux.loss_ce: 0.0524, aux.acc_seg: 96.1388, loss: 0.5093
2026-05-11 17:19:58,289 - mmseg - INFO - Exp name: uper_cosnet_zerowaste_40k.py
2026-05-11 17:19:58,289 - mmseg - INFO - Iter [38000/40000]	lr: 5.324e-06, eta: 0:31:40, time: 0.926, data_time: 0.009, memory: 21505, loss_decode: 0.4541, decode_ce: 0.0823, decode_dice: 0.1418, decode_lovasz: 0.1528, decode_boundary: 0.3005, decode_scale_reg: 0.0009, decode_lambda_bound: 0.6200, decode_boundary_boost: 0.1200, aux.loss_ce: 0.0517, aux.acc_seg: 96.2625, loss: 0.5058
2026-05-11 17:20:44,692 - mmseg - INFO - Iter [38050/40000]	lr: 5.200e-06, eta: 0:30:53, time: 0.928, data_time: 0.009, memory: 21505, loss_decode: 0.4786, decode_ce: 0.0914, decode_dice: 0.1737, decode_lovasz: 0.1558, decode_boundary: 0.2982, decode_scale_reg: 0.0005, decode_lambda_bound: 0.6151, decode_boundary_boost: 0.1150, aux.loss_ce: 0.0549, aux.acc_seg: 96.0689, loss: 0.5334
2026-05-11 17:21:31,045 - mmseg - INFO - Iter [38100/40000]	lr: 5.075e-06, eta: 0:30:05, time: 0.927, data_time: 0.009, memory: 21505, loss_decode: 0.4719, decode_ce: 0.0968, decode_dice: 0.1668, decode_lovasz: 0.1433, decode_boundary: 0.2997, decode_scale_reg: 0.0007, decode_lambda_bound: 0.6150, decode_boundary_boost: 0.1150, aux.loss_ce: 0.0560, aux.acc_seg: 96.0373, loss: 0.5280
2026-05-11 17:22:17,389 - mmseg - INFO - Iter [38150/40000]	lr: 4.951e-06, eta: 0:29:17, time: 0.927, data_time: 0.009, memory: 21505, loss_decode: 0.4407, decode_ce: 0.0859, decode_dice: 0.1328, decode_lovasz: 0.1357, decode_boundary: 0.3036, decode_scale_reg: 0.0008, decode_lambda_bound: 0.6150, decode_boundary_boost: 0.1150, aux.loss_ce: 0.0537, aux.acc_seg: 96.1120, loss: 0.4944
2026-05-11 17:23:03,738 - mmseg - INFO - Iter [38200/40000]	lr: 4.827e-06, eta: 0:28:30, time: 0.927, data_time: 0.009, memory: 21505, loss_decode: 0.4514, decode_ce: 0.0859, decode_dice: 0.1577, decode_lovasz: 0.1404, decode_boundary: 0.2948, decode_scale_reg: 0.0005, decode_lambda_bound: 0.6150, decode_boundary_boost: 0.1150, aux.loss_ce: 0.0521, aux.acc_seg: 96.2303, loss: 0.5034
2026-05-11 17:23:50,099 - mmseg - INFO - Iter [38250/40000]	lr: 4.702e-06, eta: 0:27:42, time: 0.927, data_time: 0.009, memory: 21505, loss_decode: 0.4981, decode_ce: 0.1004, decode_dice: 0.1708, decode_lovasz: 0.1625, decode_boundary: 0.3096, decode_scale_reg: 0.0006, decode_lambda_bound: 0.6150, decode_boundary_boost: 0.1150, aux.loss_ce: 0.0580, aux.acc_seg: 95.7576, loss: 0.5561
2026-05-11 17:24:36,478 - mmseg - INFO - Iter [38300/40000]	lr: 4.577e-06, eta: 0:26:55, time: 0.928, data_time: 0.009, memory: 21505, loss_decode: 0.4467, decode_ce: 0.0860, decode_dice: 0.1439, decode_lovasz: 0.1386, decode_boundary: 0.3006, decode_scale_reg: 0.0008, decode_lambda_bound: 0.6150, decode_boundary_boost: 0.1150, aux.loss_ce: 0.0553, aux.acc_seg: 95.9576, loss: 0.5021
2026-05-11 17:25:22,881 - mmseg - INFO - Iter [38350/40000]	lr: 4.452e-06, eta: 0:26:07, time: 0.928, data_time: 0.009, memory: 21505, loss_decode: 0.4032, decode_ce: 0.0780, decode_dice: 0.1196, decode_lovasz: 0.1188, decode_boundary: 0.2868, decode_scale_reg: 0.0008, decode_lambda_bound: 0.6150, decode_boundary_boost: 0.1150, aux.loss_ce: 0.0488, aux.acc_seg: 96.4408, loss: 0.4520
2026-05-11 17:26:09,264 - mmseg - INFO - Iter [38400/40000]	lr: 4.326e-06, eta: 0:25:20, time: 0.928, data_time: 0.009, memory: 21505, loss_decode: 0.4517, decode_ce: 0.0885, decode_dice: 0.1269, decode_lovasz: 0.1596, decode_boundary: 0.2928, decode_scale_reg: 0.0007, decode_lambda_bound: 0.6150, decode_boundary_boost: 0.1150, aux.loss_ce: 0.0524, aux.acc_seg: 96.2166, loss: 0.5041
2026-05-11 17:26:55,647 - mmseg - INFO - Iter [38450/40000]	lr: 4.201e-06, eta: 0:24:32, time: 0.928, data_time: 0.008, memory: 21505, loss_decode: 0.4384, decode_ce: 0.0853, decode_dice: 0.1360, decode_lovasz: 0.1365, decode_boundary: 0.2947, decode_scale_reg: 0.0010, decode_lambda_bound: 0.6199, decode_boundary_boost: 0.1200, aux.loss_ce: 0.0526, aux.acc_seg: 96.2165, loss: 0.4910
2026-05-11 17:27:41,930 - mmseg - INFO - Iter [38500/40000]	lr: 4.075e-06, eta: 0:23:45, time: 0.926, data_time: 0.008, memory: 21505, loss_decode: 0.4800, decode_ce: 0.0887, decode_dice: 0.1612, decode_lovasz: 0.1639, decode_boundary: 0.3027, decode_scale_reg: 0.0011, decode_lambda_bound: 0.6200, decode_boundary_boost: 0.1200, aux.loss_ce: 0.0563, aux.acc_seg: 95.8092, loss: 0.5362
2026-05-11 17:28:28,318 - mmseg - INFO - Iter [38550/40000]	lr: 3.949e-06, eta: 0:22:57, time: 0.928, data_time: 0.008, memory: 21505, loss_decode: 0.4895, decode_ce: 0.0886, decode_dice: 0.1723, decode_lovasz: 0.1732, decode_boundary: 0.2982, decode_scale_reg: 0.0008, decode_lambda_bound: 0.6200, decode_boundary_boost: 0.1200, aux.loss_ce: 0.0523, aux.acc_seg: 96.2803, loss: 0.5418
2026-05-11 17:29:14,664 - mmseg - INFO - Iter [38600/40000]	lr: 3.823e-06, eta: 0:22:09, time: 0.927, data_time: 0.009, memory: 21505, loss_decode: 0.4578, decode_ce: 0.0789, decode_dice: 0.1462, decode_lovasz: 0.1602, decode_boundary: 0.2995, decode_scale_reg: 0.0006, decode_lambda_bound: 0.6200, decode_boundary_boost: 0.1200, aux.loss_ce: 0.0495, aux.acc_seg: 96.3246, loss: 0.5073
2026-05-11 17:30:01,007 - mmseg - INFO - Iter [38650/40000]	lr: 3.697e-06, eta: 0:21:22, time: 0.927, data_time: 0.008, memory: 21505, loss_decode: 0.4701, decode_ce: 0.0840, decode_dice: 0.1669, decode_lovasz: 0.1533, decode_boundary: 0.3027, decode_scale_reg: 0.0009, decode_lambda_bound: 0.6200, decode_boundary_boost: 0.1200, aux.loss_ce: 0.0518, aux.acc_seg: 96.2583, loss: 0.5219
2026-05-11 17:30:47,374 - mmseg - INFO - Iter [38700/40000]	lr: 3.570e-06, eta: 0:20:34, time: 0.927, data_time: 0.008, memory: 21505, loss_decode: 0.4337, decode_ce: 0.0753, decode_dice: 0.1450, decode_lovasz: 0.1394, decode_boundary: 0.2924, decode_scale_reg: 0.0005, decode_lambda_bound: 0.6200, decode_boundary_boost: 0.1200, aux.loss_ce: 0.0457, aux.acc_seg: 96.6749, loss: 0.4793
2026-05-11 17:31:33,685 - mmseg - INFO - Iter [38750/40000]	lr: 3.443e-06, eta: 0:19:47, time: 0.926, data_time: 0.008, memory: 21505, loss_decode: 0.4561, decode_ce: 0.0814, decode_dice: 0.1570, decode_lovasz: 0.1523, decode_boundary: 0.2934, decode_scale_reg: 0.0007, decode_lambda_bound: 0.6200, decode_boundary_boost: 0.1200, aux.loss_ce: 0.0525, aux.acc_seg: 96.0845, loss: 0.5086
2026-05-11 17:32:20,029 - mmseg - INFO - Iter [38800/40000]	lr: 3.316e-06, eta: 0:18:59, time: 0.927, data_time: 0.008, memory: 21505, loss_decode: 0.4391, decode_ce: 0.0878, decode_dice: 0.1262, decode_lovasz: 0.1389, decode_boundary: 0.2969, decode_scale_reg: 0.0007, decode_lambda_bound: 0.6200, decode_boundary_boost: 0.1200, aux.loss_ce: 0.0518, aux.acc_seg: 96.2171, loss: 0.4909
2026-05-11 17:33:06,386 - mmseg - INFO - Iter [38850/40000]	lr: 3.189e-06, eta: 0:18:12, time: 0.927, data_time: 0.008, memory: 21505, loss_decode: 0.4487, decode_ce: 0.0863, decode_dice: 0.1371, decode_lovasz: 0.1451, decode_boundary: 0.3006, decode_scale_reg: 0.0010, decode_lambda_bound: 0.6151, decode_boundary_boost: 0.1150, aux.loss_ce: 0.0548, aux.acc_seg: 96.0426, loss: 0.5035
2026-05-11 17:33:52,735 - mmseg - INFO - Iter [38900/40000]	lr: 3.061e-06, eta: 0:17:24, time: 0.927, data_time: 0.009, memory: 21505, loss_decode: 0.4703, decode_ce: 0.0942, decode_dice: 0.1673, decode_lovasz: 0.1433, decode_boundary: 0.3007, decode_scale_reg: 0.0008, decode_lambda_bound: 0.6150, decode_boundary_boost: 0.1150, aux.loss_ce: 0.0557, aux.acc_seg: 96.0512, loss: 0.5260
2026-05-11 17:34:39,081 - mmseg - INFO - Iter [38950/40000]	lr: 2.934e-06, eta: 0:16:37, time: 0.927, data_time: 0.008, memory: 21505, loss_decode: 0.4571, decode_ce: 0.0867, decode_dice: 0.1484, decode_lovasz: 0.1511, decode_boundary: 0.2974, decode_scale_reg: 0.0008, decode_lambda_bound: 0.6150, decode_boundary_boost: 0.1150, aux.loss_ce: 0.0534, aux.acc_seg: 96.1240, loss: 0.5104
2026-05-11 17:35:25,412 - mmseg - INFO - Exp name: uper_cosnet_zerowaste_40k.py
2026-05-11 17:35:25,412 - mmseg - INFO - Iter [39000/40000]	lr: 2.805e-06, eta: 0:15:49, time: 0.927, data_time: 0.009, memory: 21505, loss_decode: 0.4389, decode_ce: 0.0914, decode_dice: 0.1180, decode_lovasz: 0.1336, decode_boundary: 0.3060, decode_scale_reg: 0.0007, decode_lambda_bound: 0.6150, decode_boundary_boost: 0.1150, aux.loss_ce: 0.0544, aux.acc_seg: 96.0121, loss: 0.4933
2026-05-11 17:36:11,829 - mmseg - INFO - Iter [39050/40000]	lr: 2.677e-06, eta: 0:15:02, time: 0.928, data_time: 0.009, memory: 21505, loss_decode: 0.4344, decode_ce: 0.0829, decode_dice: 0.1369, decode_lovasz: 0.1382, decode_boundary: 0.2918, decode_scale_reg: 0.0006, decode_lambda_bound: 0.6150, decode_boundary_boost: 0.1150, aux.loss_ce: 0.0499, aux.acc_seg: 96.3016, loss: 0.4842
2026-05-11 17:36:58,187 - mmseg - INFO - Iter [39100/40000]	lr: 2.548e-06, eta: 0:14:14, time: 0.927, data_time: 0.009, memory: 21505, loss_decode: 0.4561, decode_ce: 0.0895, decode_dice: 0.1266, decode_lovasz: 0.1517, decode_boundary: 0.3083, decode_scale_reg: 0.0005, decode_lambda_bound: 0.6150, decode_boundary_boost: 0.1150, aux.loss_ce: 0.0557, aux.acc_seg: 95.9627, loss: 0.5118
2026-05-11 17:37:44,587 - mmseg - INFO - Iter [39150/40000]	lr: 2.419e-06, eta: 0:13:27, time: 0.928, data_time: 0.009, memory: 21505, loss_decode: 0.4406, decode_ce: 0.0853, decode_dice: 0.1340, decode_lovasz: 0.1413, decode_boundary: 0.2965, decode_scale_reg: 0.0006, decode_lambda_bound: 0.6150, decode_boundary_boost: 0.1150, aux.loss_ce: 0.0524, aux.acc_seg: 96.0967, loss: 0.4930
2026-05-11 17:38:31,045 - mmseg - INFO - Iter [39200/40000]	lr: 2.289e-06, eta: 0:12:39, time: 0.929, data_time: 0.009, memory: 21505, loss_decode: 0.4535, decode_ce: 0.0962, decode_dice: 0.1270, decode_lovasz: 0.1502, decode_boundary: 0.2946, decode_scale_reg: 0.0009, decode_lambda_bound: 0.6150, decode_boundary_boost: 0.1150, aux.loss_ce: 0.0564, aux.acc_seg: 96.0249, loss: 0.5099
2026-05-11 17:39:17,398 - mmseg - INFO - Iter [39250/40000]	lr: 2.159e-06, eta: 0:11:52, time: 0.927, data_time: 0.009, memory: 21505, loss_decode: 0.4484, decode_ce: 0.0873, decode_dice: 0.1362, decode_lovasz: 0.1428, decode_boundary: 0.2998, decode_scale_reg: 0.0008, decode_lambda_bound: 0.6199, decode_boundary_boost: 0.1200, aux.loss_ce: 0.0526, aux.acc_seg: 96.2024, loss: 0.5009
2026-05-11 17:40:03,748 - mmseg - INFO - Iter [39300/40000]	lr: 2.029e-06, eta: 0:11:04, time: 0.927, data_time: 0.009, memory: 21505, loss_decode: 0.4717, decode_ce: 0.0815, decode_dice: 0.1723, decode_lovasz: 0.1622, decode_boundary: 0.2942, decode_scale_reg: 0.0007, decode_lambda_bound: 0.6200, decode_boundary_boost: 0.1200, aux.loss_ce: 0.0496, aux.acc_seg: 96.3838, loss: 0.5213
2026-05-11 17:40:50,059 - mmseg - INFO - Iter [39350/40000]	lr: 1.898e-06, eta: 0:10:17, time: 0.926, data_time: 0.008, memory: 21505, loss_decode: 0.4592, decode_ce: 0.0889, decode_dice: 0.1452, decode_lovasz: 0.1464, decode_boundary: 0.3031, decode_scale_reg: 0.0009, decode_lambda_bound: 0.6200, decode_boundary_boost: 0.1200, aux.loss_ce: 0.0523, aux.acc_seg: 96.0829, loss: 0.5115
2026-05-11 17:41:36,461 - mmseg - INFO - Iter [39400/40000]	lr: 1.766e-06, eta: 0:09:29, time: 0.928, data_time: 0.009, memory: 21505, loss_decode: 0.4734, decode_ce: 0.0997, decode_dice: 0.1579, decode_lovasz: 0.1473, decode_boundary: 0.2973, decode_scale_reg: 0.0007, decode_lambda_bound: 0.6200, decode_boundary_boost: 0.1200, aux.loss_ce: 0.0570, aux.acc_seg: 95.9041, loss: 0.5304
2026-05-11 17:42:22,821 - mmseg - INFO - Iter [39450/40000]	lr: 1.634e-06, eta: 0:08:42, time: 0.927, data_time: 0.009, memory: 21505, loss_decode: 0.4414, decode_ce: 0.0862, decode_dice: 0.1369, decode_lovasz: 0.1358, decode_boundary: 0.2982, decode_scale_reg: 0.0004, decode_lambda_bound: 0.6200, decode_boundary_boost: 0.1200, aux.loss_ce: 0.0500, aux.acc_seg: 96.4197, loss: 0.4914
2026-05-11 17:43:09,200 - mmseg - INFO - Iter [39500/40000]	lr: 1.502e-06, eta: 0:07:54, time: 0.928, data_time: 0.009, memory: 21505, loss_decode: 0.4936, decode_ce: 0.0867, decode_dice: 0.1820, decode_lovasz: 0.1689, decode_boundary: 0.3052, decode_scale_reg: 0.0008, decode_lambda_bound: 0.6200, decode_boundary_boost: 0.1200, aux.loss_ce: 0.0533, aux.acc_seg: 96.1269, loss: 0.5468
2026-05-11 17:43:55,590 - mmseg - INFO - Iter [39550/40000]	lr: 1.368e-06, eta: 0:07:07, time: 0.928, data_time: 0.009, memory: 21505, loss_decode: 0.4679, decode_ce: 0.0968, decode_dice: 0.1479, decode_lovasz: 0.1492, decode_boundary: 0.2988, decode_scale_reg: 0.0008, decode_lambda_bound: 0.6200, decode_boundary_boost: 0.1200, aux.loss_ce: 0.0577, aux.acc_seg: 95.8528, loss: 0.5256
2026-05-11 17:44:41,956 - mmseg - INFO - Iter [39600/40000]	lr: 1.234e-06, eta: 0:06:19, time: 0.927, data_time: 0.009, memory: 21505, loss_decode: 0.4477, decode_ce: 0.0915, decode_dice: 0.1153, decode_lovasz: 0.1421, decode_boundary: 0.3097, decode_scale_reg: 0.0011, decode_lambda_bound: 0.6200, decode_boundary_boost: 0.1200, aux.loss_ce: 0.0554, aux.acc_seg: 95.9670, loss: 0.5032
2026-05-11 17:45:28,657 - mmseg - INFO - Iter [39650/40000]	lr: 1.100e-06, eta: 0:05:32, time: 0.934, data_time: 0.009, memory: 21505, loss_decode: 0.4696, decode_ce: 0.0904, decode_dice: 0.1631, decode_lovasz: 0.1532, decode_boundary: 0.2946, decode_scale_reg: 0.0007, decode_lambda_bound: 0.6200, decode_boundary_boost: 0.1200, aux.loss_ce: 0.0524, aux.acc_seg: 96.1657, loss: 0.5219
2026-05-11 17:46:15,076 - mmseg - INFO - Iter [39700/40000]	lr: 9.639e-07, eta: 0:04:44, time: 0.928, data_time: 0.009, memory: 21505, loss_decode: 0.4618, decode_ce: 0.0839, decode_dice: 0.1382, decode_lovasz: 0.1582, decode_boundary: 0.3067, decode_scale_reg: 0.0006, decode_lambda_bound: 0.6200, decode_boundary_boost: 0.1200, aux.loss_ce: 0.0515, aux.acc_seg: 96.2534, loss: 0.5133
2026-05-11 17:47:01,477 - mmseg - INFO - Iter [39750/40000]	lr: 8.269e-07, eta: 0:03:57, time: 0.928, data_time: 0.009, memory: 21505, loss_decode: 0.4260, decode_ce: 0.0834, decode_dice: 0.1175, decode_lovasz: 0.1359, decode_boundary: 0.2935, decode_scale_reg: 0.0007, decode_lambda_bound: 0.6200, decode_boundary_boost: 0.1200, aux.loss_ce: 0.0511, aux.acc_seg: 96.3263, loss: 0.4771
2026-05-11 17:47:47,856 - mmseg - INFO - Iter [39800/40000]	lr: 6.886e-07, eta: 0:03:09, time: 0.928, data_time: 0.009, memory: 21505, loss_decode: 0.4697, decode_ce: 0.0898, decode_dice: 0.1520, decode_lovasz: 0.1555, decode_boundary: 0.3020, decode_scale_reg: 0.0010, decode_lambda_bound: 0.6200, decode_boundary_boost: 0.1200, aux.loss_ce: 0.0536, aux.acc_seg: 96.0629, loss: 0.5233
2026-05-11 17:48:34,245 - mmseg - INFO - Iter [39850/40000]	lr: 5.486e-07, eta: 0:02:22, time: 0.928, data_time: 0.009, memory: 21505, loss_decode: 0.4499, decode_ce: 0.0845, decode_dice: 0.1366, decode_lovasz: 0.1415, decode_boundary: 0.3081, decode_scale_reg: 0.0007, decode_lambda_bound: 0.6200, decode_boundary_boost: 0.1200, aux.loss_ce: 0.0529, aux.acc_seg: 96.1206, loss: 0.5028
2026-05-11 17:49:20,550 - mmseg - INFO - Iter [39900/40000]	lr: 4.061e-07, eta: 0:01:34, time: 0.926, data_time: 0.009, memory: 21505, loss_decode: 0.4590, decode_ce: 0.0914, decode_dice: 0.1335, decode_lovasz: 0.1510, decode_boundary: 0.3024, decode_scale_reg: 0.0008, decode_lambda_bound: 0.6200, decode_boundary_boost: 0.1200, aux.loss_ce: 0.0571, aux.acc_seg: 95.9691, loss: 0.5160
2026-05-11 17:50:06,970 - mmseg - INFO - Iter [39950/40000]	lr: 2.600e-07, eta: 0:00:47, time: 0.928, data_time: 0.009, memory: 21505, loss_decode: 0.4303, decode_ce: 0.0844, decode_dice: 0.1181, decode_lovasz: 0.1368, decode_boundary: 0.2972, decode_scale_reg: 0.0007, decode_lambda_bound: 0.6200, decode_boundary_boost: 0.1200, aux.loss_ce: 0.0526, aux.acc_seg: 96.1945, loss: 0.4830
2026-05-11 17:50:53,329 - mmseg - INFO - Saving checkpoint at 40000 iterations
2026-05-11 17:50:54,174 - mmseg - INFO - Exp name: uper_cosnet_zerowaste_40k.py
2026-05-11 17:50:54,174 - mmseg - INFO - Iter [40000/40000]	lr: 1.038e-07, eta: 0:00:00, time: 0.944, data_time: 0.009, memory: 21505, loss_decode: 0.4571, decode_ce: 0.0881, decode_dice: 0.1446, decode_lovasz: 0.1473, decode_boundary: 0.3004, decode_scale_reg: 0.0006, decode_lambda_bound: 0.6200, decode_boundary_boost: 0.1200, aux.loss_ce: 0.0532, aux.acc_seg: 96.1822, loss: 0.5103
2026-05-11 17:51:46,886 - mmseg - INFO - per class results:
2026-05-11 17:51:46,887 - mmseg - INFO - 
+---------------+-------+-------+
|     Class     |  IoU  |  Acc  |
+---------------+-------+-------+
|   background  | 90.95 | 96.54 |
| rigid_plastic | 21.09 | 23.28 |
|   cardboard   | 57.57 | 69.26 |
|     metal     |  5.6  |  5.86 |
|  soft_plastic | 61.95 | 76.04 |
+---------------+-------+-------+
2026-05-11 17:51:46,887 - mmseg - INFO - Summary:
2026-05-11 17:51:46,887 - mmseg - INFO - 
+------+-------+------+
| aAcc |  mIoU | mAcc |
+------+-------+------+
| 91.2 | 47.43 | 54.2 |
+------+-------+------+
2026-05-11 17:51:46,888 - mmseg - INFO - Exp name: uper_cosnet_zerowaste_40k.py
2026-05-11 17:51:46,888 - mmseg - INFO - Iter(val) [572]	aAcc: 0.9120, mIoU: 0.4743, mAcc: 0.5420, IoU.background: 0.9095, IoU.rigid_plastic: 0.2109, IoU.cardboard: 0.5757, IoU.metal: 0.0560, IoU.soft_plastic: 0.6195, Acc.background: 0.9654, Acc.rigid_plastic: 0.2328, Acc.cardboard: 0.6926, Acc.metal: 0.0586, Acc.soft_plastic: 0.7604
